tag,year,peak_date,tweets,rank,category,trending_level,tag_length,word_count,month,day_of_week
Kanye,2025,2025-02-08,67000000,1,Entertainment,Viral,5,1,2,5
Happy New Year,2025,2025-01-01,54000000,2,Holiday,Viral,14,3,1,2
Trump,2025,2025-01-08,40000000,3,Politics,Viral,5,1,1,2
USAID,2025,2025-02-04,38000000,4,Politics,Viral,5,1,2,1
Charlie Kirk,2025,2025-09-11,38000000,5,Politics,Viral,12,2,9,3
Reward Program,2025,2025-01-07,37000000,6,Politics,Viral,14,2,1,1
エイプリルフール,2025,2025-04-01,34000000,7,Holiday,Viral,8,1,4,1
Thanksgiving,2025,2025-11-28,34000000,8,Holiday,Viral,12,1,11,4
Iran,2025,2025-06-13,33000000,9,Politics,Viral,4,1,6,4
Zelensky,2025,2025-03-01,32000000,10,Politics,Viral,8,1,3,5
Happy 2025,2025,2025-01-01,32000000,11,Holiday,Viral,10,2,1,2
Papa,2025,2025-04-22,31000000,12,Entertainment,Viral,4,1,4,1
Flow,2025,2025-03-03,31000000,13,Entertainment,Viral,4,1,3,0
バレンタイン,2025,2025-02-14,28000000,14,Holiday,Viral,6,1,2,4
Israel,2025,2025-06-14,28000000,15,Politics,Viral,6,1,6,5
Gaza,2025,2025-02-06,26000000,16,Politics,Viral,4,1,2,3
Ukraine,2025,2025-03-01,25000000,17,Politics,Viral,7,1,3,5
Canada,2025,2025-02-02,25000000,18,Politics,Viral,6,1,2,6
Epstein,2025,2025-02-28,23000000,19,Politics,Viral,7,1,2,4
Venezuela,2025,2025-01-10,22000000,20,Politics,Viral,9,1,1,4
Kimmel,2025,2025-09-19,22000000,21,Entertainment,Viral,6,1,9,4
California,2025,2025-01-09,22000000,22,Politics,Viral,10,1,1,3
Putin,2025,2025-08-17,20000000,23,Politics,Viral,5,1,8,6
Kendrick,2025,2025-02-10,20000000,24,Entertainment,Viral,8,1,2,0
Fernanda Torres,2025,2025-01-06,19000000,25,Entertainment,Viral,15,2,1,0
Pakistan,2025,2025-05-07,18000000,26,Politics,Viral,8,1,5,2
Mother's Day,2025,2025-05-12,18000000,27,Holiday,Viral,12,2,5,0
Comey,2025,2025-05-16,18000000,28,Politics,Viral,5,1,5,4
Biden,2025,2025-01-21,18000000,29,Politics,Viral,5,1,1,1
مدريد,2025,2025-04-16,17000000,30,Politics,Viral,5,1,4,2
Luka,2025,2025-02-02,17000000,31,Sports,Viral,4,1,2,6
Colombia,2025,2025-01-27,17000000,32,Politics,Viral,8,1,1,0
April Fools,2025,2025-04-02,17000000,33,Holiday,Viral,11,2,4,2
New Orleans,2025,2025-01-02,16000000,34,Politics,Viral,11,2,1,3
Milei,2025,2025-02-15,16000000,35,Politics,Viral,5,1,2,5
Grok,2025,2025-07-10,16000000,36,Technology,Viral,4,1,7,3
Elon,2025,2025-06-06,16000000,37,Politics,Viral,4,1,6,4
America,2025,2025-01-21,16000000,38,Politics,Viral,7,1,1,1
ايران,2025,2025-06-13,15000000,39,Politics,Viral,5,1,6,4
Nobel,2025,2025-10-11,15000000,40,Politics,Viral,5,1,10,5
Eagles,2025,2025-02-10,15000000,41,Sports,Viral,6,1,2,0
DOGE,2025,2025-02-04,15000000,42,Politics,Viral,4,1,2,1
TikTok,2025,2025-01-20,14000000,43,Entertainment,Viral,6,1,1,0
Nepal,2025,2025-09-10,14000000,44,Other,Viral,5,1,9,2
Los Angeles,2025,2025-01-09,14000000,45,Politics,Viral,11,2,1,3
Vance,2025,2025-02-15,13000000,46,Politics,Viral,5,1,2,5
Pope,2025,2025-05-09,13000000,47,Politics,Viral,4,1,5,4
Petro,2025,2025-01-27,13000000,48,Politics,Viral,5,1,1,0
Happy Easter,2025,2025-04-20,13000000,49,Holiday,Viral,12,2,4,6
Diogo Jota,2025,2025-07-04,13000000,50,Sports,Viral,10,2,7,4
Democrats,2025,2025-03-05,13000000,51,Politics,Viral,9,1,3,2
ジークアクス,2025,2025-06-26,12000000,52,Entertainment,Viral,6,1,6,3
الاهلي,2025,2025-05-04,12000000,53,Sports,Viral,6,1,5,6
Wisconsin,2025,2025-04-02,12000000,54,Politics,Viral,9,1,4,2
Taylor,2025,2025-08-28,12000000,55,Entertainment,Viral,6,1,8,3
Ozzy,2025,2025-07-24,12000000,56,Entertainment,Viral,4,1,7,3
Irán,2025,2025-06-22,12000000,57,Politics,Viral,4,1,6,6
Father's Day,2025,2025-06-16,12000000,58,Holiday,Viral,12,2,6,0
China,2025,2025-04-09,12000000,59,Politics,Viral,5,1,4,2
Chiefs,2025,2025-02-10,12000000,60,Sports,Viral,6,1,2,0
Beyonce,2025,2025-02-03,12000000,61,Entertainment,Viral,7,1,2,0
الهلال,2025,2025-07-01,11000000,62,Sports,Viral,6,1,7,1
اسرائيل,2025,2025-06-14,11000000,63,Politics,Viral,7,1,6,5
gaga,2025,2025-05-04,11000000,64,Entertainment,Viral,4,1,5,6
WANMAEWNAM LOVE FOREVER,2025,2025-08-28,11000000,65,Entertainment,Viral,23,3,8,3
Trudeau,2025,2025-01-07,11000000,66,Politics,Viral,7,1,1,1
SAROCHA REBECCA DISNEY AT CTW,2025,2025-11-24,11000000,67,Entertainment,Viral,29,5,11,0
Oscar,2025,2025-01-24,11000000,68,Entertainment,Viral,5,1,1,4
Kash,2025,2025-02-21,11000000,69,Politics,Viral,4,1,2,4
FREENBECK SONGKRAN CTW,2025,2025-04-13,11000000,70,Entertainment,Viral,22,3,4,6
Arsenal,2025,2025-04-16,11000000,71,Sports,Viral,7,1,4,2
$TRUMP,2025,2025-01-19,11000000,72,Politics,Viral,6,1,1,6
ホワイトデー,2025,2025-03-14,10000000,73,Entertainment,Viral,6,1,3,4
النصر,2025,2025-05-01,10000000,74,Sports,Viral,5,1,5,3
THE AIR OF FREENBECKY,2025,2025-04-25,10000000,75,Entertainment,Viral,21,4,4,4
Drake,2025,2025-02-10,10000000,76,Entertainment,Viral,5,1,2,0
Big News,2025,2025-01-11,10000000,77,Other,Viral,8,2,1,5
Amazon,2025,2025-04-30,10000000,78,Technology,Viral,6,1,4,2
Signal,2025,2025-03-27,9900000,79,Politics,High,6,1,3,3
LINGORM CH3 55TH ANV,2025,2025-03-29,9800000,80,Entertainment,High,20,4,3,5
Valentine's Day,2025,2025-02-14,9700000,81,Holiday,High,15,2,2,4
フジテレビ,2025,2025-01-27,9600000,82,Entertainment,High,5,1,1,0
Starmer,2025,2025-01-07,9600000,83,Politics,High,7,1,1,1
Fernanda,2025,2025-03-03,9600000,84,Entertainment,High,8,1,3,0
باريس,2025,2025-04-16,9500000,85,Politics,High,5,1,4,2
Macron,2025,2025-03-07,9500000,86,Politics,High,6,1,3,4
LINGORM AT PFW2025,2025,2025-03-04,9400000,87,Entertainment,High,18,3,3,1
Switch2,2025,2025-04-03,9300000,88,Technology,High,7,1,4,3
Eid Mubarak,2025,2025-03-31,9200000,89,Holiday,High,11,2,3,0
DeepSeek,2025,2025-01-28,9200000,90,Technology,High,8,1,1,1
jennie,2025,2025-03-07,9000000,91,Entertainment,High,6,1,3,4
Nintendo,2025,2025-04-03,9000000,92,Technology,High,8,1,4,3
New York,2025,2025-06-26,8900000,93,Other,High,8,2,6,3
Greta,2025,2025-06-10,8900000,94,Other,High,5,1,6,1
No Kings,2025,2025-06-15,8800000,95,Other,High,8,2,6,6
謹賀新年,2025,2025-01-01,8700000,96,Other,High,4,1,1,2
Oval Office,2025,2025-03-01,8700000,97,Other,High,11,2,3,5
ارسنال,2025,2025-04-09,8600000,98,Other,High,6,1,4,2
Tariffs,2025,2025-04-03,8400000,99,Politics,High,7,1,4,3
ميلان,2025,2025-04-23,8300000,100,Other,High,5,1,4,2
RFK Jr,2025,2025-01-30,8300000,101,Politics,High,6,2,1,3
AioonMay Princesses,2025,2025-01-04,8300000,102,Other,High,19,2,1,5
emilia perez,2025,2025-03-03,8100000,103,Other,High,12,2,3,0
Qatar,2025,2025-09-10,8100000,104,Other,High,5,1,9,2
Tesla,2025,2025-03-12,8000000,105,Technology,High,5,1,3,2
El Salvador,2025,2025-04-16,8000000,106,Other,High,11,2,4,2
Chelsea,2025,2025-11-26,8000000,107,Sports,High,7,1,11,2
Pete,2025,2025-01-15,7900000,108,Other,High,4,1,1,2
National Guard,2025,2025-06-10,7900000,109,Other,High,14,2,6,1
TELL US THE TRUTH,2025,2025-02-17,7800000,110,Other,High,17,4,2,0
Madrid,2025,2025-05-12,7800000,111,Sports,High,6,1,5,0
Lakers,2025,2025-02-02,7700000,112,Sports,High,6,1,2,6
Hamas,2025,2025-01-16,7700000,113,Other,High,5,1,1,3
メイドの日,2025,2025-05-10,7500000,114,Other,High,5,1,5,5
NATO,2025,2025-03-03,7400000,115,Politics,High,4,1,3,0
Good Friday,2025,2025-04-19,7400000,116,Other,High,11,2,4,5
Carti,2025,2025-03-14,7400000,117,Other,High,5,1,3,4
The Left,2025,2025-09-11,7300000,118,Other,High,8,2,9,3
you and i,2025,2025-05-04,7200000,119,Other,High,9,3,5,6
Greenland,2025,2025-01-08,7200000,120,Social,High,9,1,1,2
Tel Aviv,2025,2025-06-14,7100000,121,Other,High,8,2,6,5
ISIS,2025,2025-01-02,7000000,122,Other,High,4,1,1,3
Harvard,2025,2025-04-16,7000000,123,Other,High,7,1,4,2
MILKLOVE BORN TO SHINE,2025,2025-11-25,6900000,124,Other,High,22,4,11,1
LINGORM BA CALTEX,2025,2025-03-01,6900000,125,Entertainment,High,17,3,3,5
ICON X THE WATER ENGLOT,2025,2025-04-25,6900000,126,Other,High,23,5,4,4
David Lynch,2025,2025-01-17,6900000,127,Other,High,11,2,1,4
jungkook,2025,2025-06-11,6800000,128,Other,High,8,1,6,2
Musk,2025,2025-02-03,6800000,129,Other,High,4,1,2,0
LINGORM 1ST TH FANSIGN,2025,2025-02-14,6800000,130,Entertainment,High,22,4,2,4
Kashmir,2025,2025-04-23,6800000,131,Politics,High,7,1,4,2
نيوكاسل,2025,2025-03-17,6700000,132,Other,High,7,1,3,0
Texas,2025,2025-07-06,6700000,133,Other,High,5,1,7,6
THE NEXT PRINCE PREMIERE,2025,2025-04-26,6700000,134,Entertainment,High,24,4,4,5
Ripple,2025,2025-03-19,6700000,135,Other,High,6,1,3,2
REBECCA AT CHANEL PFW25,2025,2025-03-11,6700000,136,Other,High,23,4,3,1
GL MEGAPROJECT WORSHIP,2025,2025-07-04,6700000,137,Other,High,22,3,7,4
Utah,2025,2025-09-11,6600000,138,Other,High,4,1,9,3
Ainda Estou Aqui,2025,2025-03-03,6600000,139,Other,High,16,3,3,0
President Trump,2025,2025-01-21,6500000,140,Politics,High,15,2,1,1
Invited Users,2025,2025-01-03,6500000,141,Other,High,13,2,1,4
Argentina,2025,2025-03-26,6500000,142,Other,High,9,1,3,2
エッホエッホ,2025,2025-02-26,6400000,143,Other,High,6,1,2,2
بنفيكا,2025,2025-03-06,6400000,144,Other,High,6,1,3,3
Tyler Robinson,2025,2025-09-13,6400000,145,Other,High,14,2,9,5
St. Patrick,2025,2025-03-18,6400000,146,Other,High,11,2,3,1
LINGORM ONLY YOU EP7,2025,2025-08-29,6400000,147,Entertainment,High,20,4,8,4
Khemjira The Series EP10,2025,2025-10-11,6400000,148,Entertainment,High,24,4,10,5
WILLIAMEST MAGNETIC,2025,2025-08-10,6300000,149,Other,High,19,2,8,6
Nicolás Maduro,2025,2025-01-10,6300000,150,Other,High,14,2,1,4
Mamdani,2025,2025-06-26,6300000,151,Other,High,7,1,6,3
DMD GLOW UP,2025,2025-02-20,6300000,152,Other,High,11,3,2,3
Khemjira The Series EP8,2025,2025-09-27,6200000,153,Entertainment,High,23,4,9,5
こどもの日,2025,2025-05-05,6100000,154,Other,High,5,1,5,0
taylor,2025,2025-08-12,6100000,155,Entertainment,High,6,1,8,1
Russia,2025,2025-02-20,6100000,156,Politics,High,6,1,2,3
María Corina Machado,2025,2025-01-10,6100000,157,Other,High,20,3,1,4
LINGORM ONLY YOU EP1,2025,2025-07-18,6100000,158,Entertainment,High,20,4,7,4
Judges,2025,2025-04-26,6100000,159,Other,High,6,1,4,5
Hulk Hogan,2025,2025-07-25,6100000,160,Other,High,10,2,7,4
Army,2025,2025-06-15,6100000,161,Other,High,4,1,6,6
الاتحاد,2025,2025-01-28,6000000,162,Other,High,7,1,1,1
Newsom,2025,2025-01-09,6000000,163,Politics,High,6,1,1,3
دورتموند,2025,2025-04-16,5900000,164,Other,High,8,1,4,2
Mahomes,2025,2025-02-10,5900000,165,Sports,High,7,1,2,0
Jai Hind,2025,2025-05-07,5900000,166,Technology,High,8,2,5,2
فالنسيا,2025,2025-04-05,5800000,167,Other,High,7,1,4,5
Tylenol,2025,2025-09-24,5800000,168,Other,High,7,1,9,2
SHINE ON FAYEYOKO TO 4E,2025,2025-02-12,5800000,169,Other,High,23,5,2,2
OUR LAST BEAT,2025,2025-03-07,5800000,170,Other,High,13,3,3,4
Miguel Uribe,2025,2025-08-12,5800000,171,Other,High,12,2,8,1
Le Pen,2025,2025-04-01,5800000,172,Other,High,6,2,4,1
Khemjira The Series EP9,2025,2025-10-04,5800000,173,Entertainment,High,23,4,10,5
WILLCAtch THE BIGSCREEN,2025,2025-08-21,5700000,174,Other,High,23,3,8,3
Uribe,2025,2025-07-29,5700000,175,Other,High,5,1,7,1
Que 2025,2025,2025-01-01,5700000,176,Other,High,8,2,1,2
Malvinas,2025,2025-04-03,5700000,177,Other,High,8,1,4,3
LINGORM PRESENTER SMOOTHE,2025,2025-01-08,5700000,178,Entertainment,High,25,3,1,2
Feliz 2025,2025,2025-01-01,5700000,179,Other,High,10,2,1,2
Europe,2025,2025-02-15,5700000,180,Other,High,6,1,2,5
DEFENDA O BRASIL DO PT,2025,2025-07-13,5600000,181,Other,High,22,5,7,6
LOVE WINS WITH DUSTBIA,2025,2025-08-21,5500000,182,Other,High,22,4,8,3
LINGORM HCNY AT ICON,2025,2025-01-30,5500000,183,Entertainment,High,20,4,1,3
Ecuador,2025,2025-04-14,5500000,184,Other,High,7,1,4,0
ايفرتون,2025,2025-02-13,5400000,185,Other,High,7,1,2,3
ROCKSTAR LISA COACHELLA,2025,2025-04-19,5400000,186,Technology,High,23,3,4,5
Padilla,2025,2025-06-13,5400000,187,Other,High,7,1,6,4
GRABFOOD SO HOT,2025,2025-04-23,5400000,188,Other,High,15,3,4,2
Bondi,2025,2025-02-28,5400000,189,Other,High,5,1,2,4
Alaska,2025,2025-08-17,5400000,190,Other,High,6,1,8,6
4ELEMENTS MEGA PROJECT,2025,2025-02-19,5400000,191,Other,High,22,3,2,2
Nicki,2025,2025-10-01,5300000,192,Other,High,5,1,10,2
Memorial Day,2025,2025-05-27,5300000,193,Holiday,High,12,2,5,1
GFSNLYKN Love GrabFood,2025,2025-03-05,5300000,194,Other,High,22,3,3,2
어린이날,2025,2025-05-05,5200000,195,Other,High,4,1,5,0
新年早々,2025,2025-01-01,5200000,196,Other,High,4,1,1,2
Syria,2025,2025-03-08,5200000,197,Other,High,5,1,3,5
Politico,2025,2025-02-06,5200000,198,Politics,High,8,1,2,3
LING SPARKLE ORM LESASHA,2025,2025-08-19,5200000,199,Other,High,24,4,8,1
Happy 4th,2025,2025-07-06,5200000,200,Other,High,9,2,7,6
Big Pharma,2025,2025-01-30,5200000,201,Other,High,10,2,1,3
刀剣乱舞,2025,2025-01-14,5100000,202,Other,High,4,1,1,1
ليفربول,2025,2025-04-28,5100000,203,Other,High,7,1,4,0
TAEHYUNG TAEHYUNG,2025,2025-08-26,5100000,204,Other,High,17,2,8,1
Mavs,2025,2025-02-02,5100000,205,Other,High,4,1,2,6
Lula,2025,2025-07-10,5100000,206,Politics,High,4,1,7,3
Liverpool,2025,2025-07-04,5100000,207,Sports,High,9,1,7,4
LINGORM ONLY YOU EP5,2025,2025-08-15,5100000,208,Entertainment,High,20,4,8,4
Barcelona,2025,2025-05-07,5100000,209,Politics,High,9,1,5,2
高市さん,2025,2025-10-04,5000000,210,Other,High,4,1,10,5
ليغانيس,2025,2025-04-12,5000000,211,Other,High,7,1,4,5
سيلتا,2025,2025-04-19,5000000,212,Other,High,5,1,4,5
The FBI,2025,2025-01-02,5000000,213,Politics,High,7,2,1,3
الرائد,2025,2025-04-25,4900000,214,Other,High,6,1,4,4
THE NEXT PRINCE TRAILER,2025,2025-04-12,4900000,215,Entertainment,High,23,4,4,5
LINGLING EUCERIN ASEAN PST,2025,2025-04-03,4900000,216,Other,High,26,4,4,3
Jungkook,2025,2025-09-01,4900000,217,Other,High,8,1,9,0
JD Vance,2025,2025-04-22,4900000,218,Politics,High,8,2,4,1
FREENBECKY LOVE OVERLOAD,2025,2025-03-30,4900000,219,Entertainment,High,24,3,3,6
恵方巻き,2025,2025-02-02,4800000,220,Other,High,4,1,2,6
Trans,2025,2025-08-28,4800000,221,Other,High,5,1,8,3
Thankful,2025,2025-11-28,4800000,222,Other,High,8,1,11,4
FREENBECKY READY TO SHINE,2025,2025-08-18,4800000,223,Entertainment,High,25,4,8,0
Cardi,2025,2025-10-01,4800000,224,Other,High,5,1,10,2
يونايتد,2025,2025-05-09,4700000,225,Other,High,7,1,5,4
The Thing,2025,2025-02-04,4700000,226,Other,High,9,2,2,1
Shrek,2025,2025-02-28,4700000,227,Other,High,5,1,2,4
HK 2NDMEET WITH LINGORM,2025,2025-01-11,4700000,228,Entertainment,High,23,4,1,5
GW最終日,2025,2025-05-06,4700000,229,Other,High,5,1,5,1
Cristina,2025,2025-06-11,4700000,230,Other,High,8,1,6,2
Barca,2025,2025-05-07,4700000,231,Sports,High,5,1,5,2
Antifa,2025,2025-09-18,4700000,232,Other,High,6,1,9,3
القادسية,2025,2025-05-26,4600000,233,Other,High,8,1,5,0
SAROCHA REBECCA AT KAZZ AWARDS,2025,2025-05-28,4600000,234,Politics,High,30,5,5,2
Melania,2025,2025-01-20,4600000,235,Other,High,7,1,1,0
Ghibli,2025,2025-03-27,4600000,236,Other,High,6,1,3,3
Disney,2025,2025-09-19,4600000,237,Entertainment,High,6,1,9,4
Catholic,2025,2025-04-22,4600000,238,Other,High,8,1,4,1
América,2025,2025-04-09,4600000,239,Other,High,7,1,4,2
اليوم الوطني,2025,2025-09-24,4500000,240,Other,High,12,2,9,2
REBECCA WITH LOREAL IN CANNES,2025,2025-05-16,4500000,241,Other,High,29,5,5,4
Pokémon,2025,2025-02-28,4500000,242,Other,High,7,1,2,4
Justin Bieber,2025,2025-07-11,4500000,243,Entertainment,High,13,2,7,4
Cybertruck,2025,2025-01-02,4500000,244,Technology,High,10,1,1,3
ريال مدريد,2025,2025-04-26,4400000,245,Politics,High,10,2,4,5
تشيلسي,2025,2025-01-26,4400000,246,Other,High,6,1,1,6
Social Security,2025,2025-02-18,4400000,247,Politics,High,15,2,2,1
SAROCHA REBECCA IN MANILA,2025,2025-02-09,4400000,248,Other,High,25,4,2,6
Nikolas,2025,2025-01-16,4400000,249,Other,High,7,1,1,3
Dembele,2025,2025-09-23,4400000,250,Other,High,7,1,9,1
BTS BTS BTS,2025,2025-07-01,4400000,251,Entertainment,High,11,3,7,1
برشلونة,2025,2025-03-17,4300000,252,Other,High,7,1,3,0
Simone,2025,2025-06-08,4300000,253,Other,High,6,1,6,6
ORMKORN MV FOREVER,2025,2025-04-16,4300000,254,Other,High,18,3,4,2
Noroña,2025,2025-08-28,4300000,255,Other,High,6,1,8,3
Modi,2025,2025-05-10,4300000,256,Politics,High,4,1,5,5
Hindus,2025,2025-04-23,4300000,257,Other,High,6,1,4,2
Hegseth,2025,2025-04-22,4300000,258,Other,High,7,1,4,1
アフリカ,2025,2025-08-25,4200000,259,Other,High,4,1,8,0
التعاون,2025,2025-04-16,4200000,260,Other,High,7,1,4,2
اسبانيول,2025,2025-02-02,4200000,261,Other,High,8,1,2,6
Tik Tok,2025,2025-01-17,4200000,262,Other,High,7,2,1,4
PlayStation,2025,2025-02-09,4200000,263,Technology,High,11,1,2,6
NUNEW FOREVER IS OUT,2025,2025-04-16,4200000,264,Other,High,20,4,4,2
LINGORM SONGKRAN KING POWER,2025,2025-04-10,4200000,265,Entertainment,High,27,4,4,3
Jesus,2025,2025-04-21,4200000,266,Other,High,5,1,4,0
Caracas,2025,2025-01-10,4200000,267,Other,High,7,1,1,4
Auschwitz,2025,2025-01-28,4200000,268,Other,High,9,1,1,1
توتنهام,2025,2025-05-09,4099999,269,Other,High,7,1,5,4
بيتيس,2025,2025-04-05,4099999,270,Other,High,5,1,4,5
بورنموث,2025,2025-02-02,4099999,271,Other,High,7,1,2,6
hobi,2025,2025-03-07,4099999,272,Other,High,4,1,3,4
SEVENTEEN,2025,2025-05-27,4099999,273,Other,High,9,1,5,1
ليون,2025,2025-03-22,4000000,274,Other,High,4,1,3,5
انتر,2025,2025-03-11,4000000,275,Other,High,4,1,3,1
Schumer,2025,2025-03-14,4000000,276,Other,High,7,1,3,4
MAYBELLINE X ORM,2025,2025-03-14,4000000,277,Other,High,16,3,3,4
LINGORM ONLY YOU EP6,2025,2025-08-22,4000000,278,Entertainment,High,20,4,8,4
Khemjira The Series EP7,2025,2025-09-21,4000000,279,Entertainment,High,23,4,9,6
Khemjira The Series EP5,2025,2025-09-06,4000000,280,Entertainment,High,23,4,9,5
Independence Day,2025,2025-07-06,4000000,281,Holiday,High,16,2,7,6
Shedeur,2025,2025-04-26,3900000,282,Other,High,7,1,4,5
ORM AND YOUR HEARTBEAT,2025,2025-05-10,3900000,283,Other,High,22,4,5,5
Medicaid,2025,2025-07-03,3900000,284,Other,High,8,1,7,3
Los Ángeles,2025,2025-06-09,3900000,285,Other,High,11,2,6,0
Labor Day,2025,2025-09-02,3900000,286,Holiday,High,9,2,9,1
LINGORM NIVEA IS FOR SKIN,2025,2025-03-15,3900000,287,Entertainment,High,25,5,3,5
LINGORM DIOR TH BOUTIQUE,2025,2025-03-13,3900000,288,Entertainment,High,24,4,3,3
GRAB TAT LINGORM,2025,2025-05-28,3900000,289,Entertainment,High,16,3,5,2
D.C.,2025,2025-08-12,3900000,290,Other,High,4,1,8,1
Corinthians,2025,2025-03-28,3900000,291,Other,High,11,1,3,4
Ronaldo,2025,2025-02-05,3800000,292,Sports,High,7,1,2,2
NARS X LINGLING KWONG,2025,2025-02-28,3800000,293,Other,High,21,4,2,4
MaewnamWAN MORE CHANCE,2025,2025-08-21,3800000,294,Other,High,22,3,8,3
LINGORM ONLY YOU EP8,2025,2025-09-05,3800000,295,Entertainment,High,20,4,9,4
Germany,2025,2025-02-24,3800000,296,Other,High,7,1,2,0
Fauci,2025,2025-01-20,3800000,297,Other,High,5,1,1,0
Bishop,2025,2025-01-22,3800000,298,Other,High,6,1,1,2
BRICS,2025,2025-07-07,3800000,299,Other,High,5,1,7,0
津波警報,2025,2025-07-31,3700000,300,Other,High,4,1,7,3
Vargas Llosa,2025,2025-04-15,3700000,301,Other,High,12,2,4,1
SAROCHA BA VALENTINO PFW25,2025,2025-03-09,3700000,302,Other,High,26,4,3,6
Palestine,2025,2025-09-22,3700000,303,Politics,High,9,1,9,0
Neymar,2025,2025-01-29,3700000,304,Other,High,6,1,1,2
FREENBECKY GL AUDITION PROJECT,2025,2025-05-18,3700000,305,Entertainment,High,30,4,5,6
FEMA,2025,2025-02-11,3700000,306,Other,High,4,1,2,1
Easter,2025,2025-04-21,3700000,307,Holiday,High,6,1,4,0
Canadá,2025,2025-03-05,3700000,308,Other,High,6,1,3,2
Big Balls,2025,2025-02-08,3700000,309,Other,High,9,2,2,5
Bangkok,2025,2025-03-29,3700000,310,Other,High,7,1,3,5
BEYOND THE CALL OF DUTY,2025,2025-06-15,3700000,311,Other,High,23,5,6,6
Anas,2025,2025-08-11,3700000,312,Other,High,4,1,8,0
Pais,2025,2025-08-10,3600000,313,Other,High,4,1,8,6
Netanyahu,2025,2025-09-27,3600000,314,Politics,High,9,1,9,5
Massie,2025,2025-03-12,3600000,315,Other,High,6,1,3,2
María Corina,2025,2025-01-10,3600000,316,Other,High,12,2,1,4
LINGORM BD CHARITY 2025,2025,2025-05-17,3600000,317,Entertainment,High,23,4,5,5
Holocaust,2025,2025-01-28,3600000,318,Other,High,9,1,1,1
Diddy,2025,2025-07-03,3600000,319,Other,High,5,1,7,3
高市早苗,2025,2025-10-04,3500000,320,Other,High,4,1,10,5
ホームタウン,2025,2025-08-25,3500000,321,Other,High,6,1,8,0
stranger things,2025,2025-11-28,3500000,322,Entertainment,High,15,2,11,4
ariana,2025,2025-03-29,3500000,323,Entertainment,High,6,1,3,5
The UN,2025,2025-09-24,3500000,324,Other,High,6,2,9,2
THE NEXT PRINCE EPISODE2,2025,2025-05-10,3500000,325,Entertainment,High,24,4,5,5
RISE UP TOGETHER,2025,2025-02-08,3500000,326,Other,High,16,3,2,5
PERTHSANTA LOVEMOSPHERE,2025,2025-05-18,3500000,327,Holiday,High,23,2,5,6
Myanmar,2025,2025-03-29,3500000,328,Other,High,7,1,3,5
LINGORM FRIENDS OF WATSONS,2025,2025-03-08,3500000,329,Entertainment,High,26,4,3,5
LINGLING WITH HERA,2025,2025-08-14,3500000,330,Other,High,18,3,8,3
Juneteenth,2025,2025-06-20,3500000,331,Other,High,10,1,6,4
Goldberg,2025,2025-03-26,3500000,332,Other,High,8,1,3,2
Cracker Barrel,2025,2025-08-22,3500000,333,Other,High,14,2,8,4
Christian,2025,2025-09-13,3500000,334,Other,High,9,1,9,5
CL OPENING AT EMQ,2025,2025-05-14,3500000,335,Other,High,17,4,5,2
広末涼子,2025,2025-04-08,3400000,336,Other,High,4,1,4,1
Tucker,2025,2025-06-19,3400000,337,Other,High,6,1,6,3
SKY-NANI FRIENOMENON DAY2,2025,2025-02-16,3400000,338,Other,High,25,3,2,6
RENJUN'S SCENT,2025,2025-09-06,3400000,339,Other,High,14,2,9,5
Montoya,2025,2025-02-07,3400000,340,Other,High,7,1,2,4
Minneapolis,2025,2025-08-28,3400000,341,Other,High,11,1,8,3
MAGA,2025,2025-09-13,3400000,342,Politics,High,4,1,9,5
LINGORM ONLY YOU EP4,2025,2025-08-08,3400000,343,Entertainment,High,20,4,8,4
Joe Biden,2025,2025-05-19,3400000,344,Politics,High,9,2,5,0
FUX HONRA A TOGA,2025,2025-09-10,3400000,345,Other,High,16,4,9,2
FREEN BIRTHDAY TALK SHOW,2025,2025-08-10,3400000,346,Other,High,24,4,8,6
Davos,2025,2025-01-24,3400000,347,Other,High,5,1,1,4
Alcatraz,2025,2025-05-06,3400000,348,Other,High,8,1,5,1
Al Jazeera,2025,2025-08-11,3400000,349,Other,High,10,2,8,0
윤석열 파면,2025,2025-04-04,3300000,350,Other,High,6,2,4,4
خيتافي,2025,2025-04-23,3300000,351,Other,High,6,1,4,2
بلد الوليد,2025,2025-05-04,3300000,352,Other,High,10,2,5,6
الوحدة,2025,2025-02-25,3300000,353,Other,High,6,1,2,1
السعودية,2025,2025-05-13,3300000,354,Other,High,8,1,5,1
THE TOUCH WITH LINGORM,2025,2025-01-18,3300000,355,Entertainment,High,22,4,1,5
Real Madrid,2025,2025-03-13,3300000,356,Sports,High,11,2,3,3
ORM Y ENT AWARDS,2025,2025-09-23,3300000,357,Politics,High,16,4,9,1
ORM LOVE AT FIRST SIGHT,2025,2025-02-16,3300000,358,Other,High,23,5,2,6
Noboa,2025,2025-04-14,3300000,359,Other,High,5,1,4,0
NATARAJA 16TH X ENGLOT,2025,2025-05-18,3300000,360,Other,High,22,4,5,6
LeBron,2025,2025-03-27,3300000,361,Sports,High,6,1,3,3
皆既月食,2025,2025-09-08,3200000,362,Other,High,4,1,9,0
نوتنغهام,2025,2025-02-01,3200000,363,Other,High,8,1,2,5
For Charlie,2025,2025-09-22,3200000,364,Other,High,11,2,9,0
Edmundo,2025,2025-01-11,3200000,365,Other,High,7,1,1,5
Digital ID,2025,2025-09-26,3200000,366,Other,High,10,2,9,4
Copacabana,2025,2025-05-04,3200000,367,Sports,High,10,1,5,6
Botafogo,2025,2025-06-20,3200000,368,Other,High,8,1,6,4
エアライド,2025,2025-04-03,3100000,369,Other,High,5,1,4,3
THE NEXT PRINCE EPISODE3,2025,2025-05-18,3100000,370,Entertainment,High,24,4,5,6
THE DAY,2025,2025-08-17,3100000,371,Other,High,7,2,8,6
Republican,2025,2025-09-13,3100000,372,Politics,High,10,1,9,5
LINGLING QD NEWYEAR PARTY,2025,2025-01-25,3100000,373,Technology,High,25,4,1,5
Johnson,2025,2025-01-04,3100000,374,Other,High,7,1,1,5
JASPER X BREEZE,2025,2025-10-02,3100000,375,Other,High,15,3,10,3
Independiente,2025,2025-08-21,3100000,376,Other,High,13,1,8,3
Happy Chinese New Year,2025,2025-01-29,3100000,377,Holiday,High,22,4,1,2
Dan Bongino,2025,2025-02-24,3100000,378,Other,High,11,2,2,0
Benue,2025,2025-06-16,3100000,379,Other,High,5,1,6,0
الشباب,2025,2025-07-03,3000000,380,Other,High,6,1,7,3
PERTHSANTA DOMIIA AT DOIKHAM,2025,2025-09-18,3000000,381,Holiday,High,28,4,9,3
LINGORM FRIENDS OF VIVO,2025,2025-08-28,3000000,382,Entertainment,High,23,4,8,3
Khemjira The Series EP6,2025,2025-09-14,3000000,383,Entertainment,High,23,4,9,6
Gene Hackman,2025,2025-02-28,3000000,384,Technology,High,12,2,2,4
FIRST COME FIRST LOVE,2025,2025-06-26,3000000,385,Other,High,21,4,6,3
Coachella,2025,2025-04-12,3000000,386,Other,High,9,1,4,5
Bad Bunny,2025,2025-09-30,3000000,387,Entertainment,High,9,2,9,1
BORN IN LOVE WITH LINGORM,2025,2025-05-11,3000000,388,Entertainment,High,25,5,5,6
ワークライフバランス,2025,2025-10-05,2900000,389,Other,High,10,1,10,6
バニーの日,2025,2025-08-21,2900000,390,Other,High,5,1,8,3
Violence,2025,2025-09-10,2900000,391,Other,High,8,1,9,2
Turkey,2025,2025-11-28,2900000,392,Other,High,6,1,11,4
THE PRINCE OF EMMALY,2025,2025-08-03,2900000,393,Other,High,20,4,8,6
Reform,2025,2025-05-02,2900000,394,Other,High,6,1,5,4
Maine,2025,2025-02-22,2900000,395,Other,High,5,1,2,5
MIKBRENT SHINES TOGETHER,2025,2025-08-10,2900000,396,Other,High,24,3,8,6
GRABFOOD X WILLIAMEST,2025,2025-05-21,2900000,397,Other,High,21,3,5,2
GAP THE SERIES REUNION,2025,2025-04-20,2900000,398,Entertainment,High,22,4,4,6
Flamengo,2025,2025-06-22,2900000,399,Other,High,8,1,6,6
FREENBECKY X CRANIUM PILOT,2025,2025-01-13,2900000,400,Entertainment,High,26,4,1,0
DOMUNDI SPORT DAY,2025,2025-08-31,2900000,401,Sports,High,17,3,8,6
CAMPAIGN N2U X LINGORM,2025,2025-01-18,2900000,402,Entertainment,High,22,4,1,5
Bolton,2025,2025-08-24,2900000,403,Other,High,6,1,8,6
選挙投票,2025,2025-07-20,2800000,404,Other,High,4,1,7,6
中秋の名月,2025,2025-10-06,2800000,405,Other,High,5,1,10,0
Senator,2025,2025-01-15,2800000,406,Politics,High,7,1,1,2
Selena Gomez,2025,2025-01-28,2800000,407,Entertainment,High,12,2,1,1
PTC SERIES ENGLOT EP7,2025,2025-01-12,2800000,408,Entertainment,High,21,4,1,6
PST LIVE LINE MAN,2025,2025-09-04,2800000,409,Other,High,17,4,9,3
PERTHSANTA FANSIGN INF2025,2025,2025-08-03,2800000,410,Holiday,High,26,3,8,6
NYSC,2025,2025-03-16,2800000,411,Other,High,4,1,3,6
MONA LISA,2025,2025-03-21,2800000,412,Other,High,9,2,3,4
MILKLOVE VOGUE GALA25,2025,2025-09-08,2800000,413,Other,High,21,3,9,0
LINGORM SMOOTHE MEET,2025,2025-06-22,2800000,414,Entertainment,High,20,3,6,6
Happy Valentine,2025,2025-02-14,2800000,415,Holiday,High,15,2,2,4
FAYE TIMELESS LOVE IN BKK,2025,2025-03-30,2800000,416,Other,High,25,5,3,6
Congreso,2025,2025-03-13,2800000,417,Other,High,8,1,3,3
Chicago,2025,2025-10-07,2800000,418,Other,High,7,1,10,1
Yamal,2025,2025-05-01,2700000,419,Other,High,5,1,5,3
Switch,2025,2025-03-28,2700000,420,Technology,High,6,1,3,4
SAROCHA REBECCA AT 9ENT 2025,2025,2025-05-22,2700000,421,Other,High,28,5,5,3
Reyes,2025,2025-01-06,2700000,422,Other,High,5,1,1,0
Portland,2025,2025-09-28,2700000,423,Other,High,8,1,9,6
Pete Hegseth,2025,2025-01-14,2700000,424,Other,High,12,2,1,1
PONDPHUWIN WEIBO CULTURAL,2025,2025-08-17,2700000,425,Other,High,25,3,8,6
Messi,2025,2025-09-05,2700000,426,Sports,High,5,1,9,4
LINGLING BEST FRIEND OF LUV,2025,2025-09-25,2700000,427,Other,High,27,5,9,3
FOURTH HORROR PROJECT,2025,2025-01-17,2700000,428,Other,High,21,3,1,4
CL TIKTOK SHOP AT ONEBANGKOK,2025,2025-03-23,2700000,429,Entertainment,High,28,5,3,6
Bukele,2025,2025-04-15,2700000,430,Other,High,6,1,4,1
BECKY X 4PACHA GALA MAJOR,2025,2025-04-03,2700000,431,Other,High,25,5,4,3
9STAR PLS CLARIFY TO FC,2025,2025-02-13,2700000,432,Technology,High,23,5,2,3
سوسيداد,2025,2025-02-12,2600000,433,Other,High,7,1,2,2
Tom Hanks,2025,2025-02-18,2600000,434,Other,High,9,2,2,1
Supreme Court,2025,2025-06-29,2600000,435,Other,High,13,2,6,6
SKY-DAVID LILO AND STITCH,2025,2025-05-19,2600000,436,Other,High,25,4,5,0
Philadelphia,2025,2025-02-01,2600000,437,Other,High,12,1,2,5
PERAYA X MILLIONSMAX OPENING,2025,2025-03-04,2600000,438,Other,High,28,4,3,1
Manes,2025,2025-03-02,2600000,439,Other,High,5,1,3,6
Jasmine Crockett,2025,2025-03-26,2600000,440,Other,High,16,2,3,2
Jammu,2025,2025-05-08,2600000,441,Other,High,5,1,5,3
España,2025,2025-04-29,2600000,442,Other,High,6,1,4,1
BAZAAR MUSE REBECCA,2025,2025-11-28,2600000,443,Technology,High,19,3,11,4
Aline,2025,2025-03-26,2600000,444,Other,High,5,1,3,2
$XRP,2025,2025-03-19,2600000,445,Other,High,4,1,3,2
فياريال,2025,2025-03-15,2500000,446,Other,High,7,1,3,5
سوريا,2025,2025-03-08,2500000,447,Other,High,5,1,3,5
روما,2025,2025-04-27,2500000,448,Other,High,4,1,4,6
الفتح,2025,2025-04-12,2500000,449,Other,High,5,1,4,5
namjoon,2025,2025-09-12,2500000,450,Other,High,7,1,9,4
Yemen,2025,2025-03-16,2500000,451,Other,High,5,1,3,6
Tulsi,2025,2025-01-31,2500000,452,Politics,High,5,1,1,4
Tottenham,2025,2025-05-22,2500000,453,Other,High,9,1,5,3
South Park,2025,2025-07-25,2500000,454,Other,High,10,2,7,4
South Africa,2025,2025-05-13,2500000,455,Other,High,12,2,5,1
RFK Jr.,2025,2025-02-14,2500000,456,Politics,High,7,2,2,4
Palmer,2025,2025-07-14,2500000,457,Other,High,6,1,7,0
PTC SERIES ENGLOT IN PH,2025,2025-02-01,2500000,458,Entertainment,High,23,5,2,5
Lions,2025,2025-01-19,2500000,459,Other,High,5,1,1,6
Katy Perry,2025,2025-04-15,2500000,460,Other,High,10,2,4,1
Jose,2025,2025-06-22,2500000,461,Other,High,4,1,6,6
Israël,2025,2025-02-24,2500000,462,Other,High,6,1,2,0
FBI Director,2025,2025-02-21,2500000,463,Politics,High,12,2,2,4
Chiara,2025,2025-05-06,2500000,464,Other,High,6,1,5,1
BECKY WALK YOUR WORTH,2025,2025-09-30,2500000,465,Other,High,21,4,9,1
Andre,2025,2025-07-03,2500000,466,Other,High,5,1,7,3
American Airlines,2025,2025-01-30,2500000,467,Politics,High,17,2,1,3
沖縄尚学,2025,2025-08-24,2400000,468,Other,High,4,1,8,6
نابولي,2025,2025-03-31,2400000,469,Other,High,6,1,3,0
بايرن,2025,2025-03-11,2400000,470,Other,High,5,1,3,1
Trent,2025,2025-05-06,2400000,471,Other,High,5,1,5,1
PTC SERIES ENGLOT EP6,2025,2025-01-04,2400000,472,Entertainment,High,21,4,1,5
México,2025,2025-03-24,2400000,473,Other,High,6,1,3,0
Mohon,2025,2025-03-31,2400000,474,Other,High,5,1,3,0
May the 4th,2025,2025-05-05,2400000,475,Other,High,11,3,5,0
May Day,2025,2025-05-01,2400000,476,Other,High,7,2,5,3
London,2025,2025-09-14,2400000,477,Other,High,6,1,9,6
LINGORM PRESENTER BITE ME,2025,2025-07-13,2400000,478,Entertainment,High,25,4,7,6
LINGORM ONLY YOU EP9,2025,2025-09-12,2400000,479,Entertainment,High,20,4,9,4
LINGLING X CARTIER,2025,2025-08-14,2400000,480,Other,High,18,3,8,3
Kash Patel,2025,2025-01-30,2400000,481,Politics,High,10,2,1,3
Jesús,2025,2025-04-19,2400000,482,Other,High,5,1,4,5
JUNIORMARK ENDLESS SHINERISE,2025,2025-08-12,2400000,483,Other,High,28,3,8,1
Indonésia,2025,2025-06-24,2400000,484,Other,High,9,1,6,1
Coldplay,2025,2025-07-18,2400000,485,Other,High,8,1,7,4
Barça,2025,2025-01-13,2400000,486,Other,High,5,1,1,0
Apple,2025,2025-02-22,2400000,487,Technology,High,5,1,2,5
仕事始め,2025,2025-01-06,2300000,488,Other,High,4,1,1,0
ハッピーセット,2025,2025-08-10,2300000,489,Other,High,7,1,8,6
トモコレ,2025,2025-03-28,2300000,490,Other,High,4,1,3,4
اليمن,2025,2025-03-16,2300000,491,Other,High,5,1,3,6
mRNA,2025,2025-01-23,2300000,492,Other,High,4,1,1,3
Super Bowl,2025,2025-09-30,2300000,493,Sports,High,10,2,9,1
SAROCHA HOT ESCAPE WITH NARS,2025,2025-05-10,2300000,494,Other,High,28,5,5,5
Robert Redford,2025,2025-09-17,2300000,495,Other,High,14,2,9,2
Riley Gaines,2025,2025-06-08,2300000,496,Other,High,12,2,6,6
PERTHSANTA OMO NIGHTKISS,2025,2025-09-14,2300000,497,Holiday,High,24,3,9,6
Moraes,2025,2025-08-05,2300000,498,Other,High,6,1,8,1
MAEWNAM WAN CALL AWAY,2025,2025-08-14,2300000,499,Other,High,21,4,8,3
LINGORM ONLY YOU EP12,2025,2025-10-03,2300000,500,Entertainment,High,21,4,10,4
LINGORM AT DIOR PFW26,2025,2025-10-01,2300000,501,Entertainment,High,21,4,10,2
LING IN THE NAME OF LOVE,2025,2025-02-16,2300000,502,Other,High,24,6,2,6
Ireland,2025,2025-03-18,2300000,503,Other,High,7,1,3,1
Gorilla,2025,2025-04-28,2300000,504,Other,High,7,1,4,0
FB X GENTLE MONSTER EVENT,2025,2025-01-09,2300000,505,Other,High,25,5,1,3
Colbert,2025,2025-07-20,2300000,506,Other,High,7,1,7,6
CHARAN ART ROOM,2025,2025-07-06,2300000,507,Other,High,15,3,7,6
Bolivia,2025,2025-08-18,2300000,508,Other,High,7,1,8,0
탄핵기념,2025,2025-04-04,2200000,509,Other,High,4,1,4,4
श्री राम,2025,2025-04-06,2200000,510,Other,High,8,2,4,6
Ümit Özdağ,2025,2025-01-22,2200000,511,Other,High,10,2,1,2
wonwoo,2025,2025-03-20,2200000,512,Other,High,6,1,3,3
YOKO IS NOT ALONE,2025,2025-03-06,2200000,513,Other,High,17,4,3,3
XRP $5,2025,2025-01-15,2200000,514,Other,High,6,2,1,2
Virgínia,2025,2025-05-13,2200000,515,Other,High,8,1,5,1
Saudi Arabia,2025,2025-05-13,2200000,516,Other,High,12,2,5,1
Plane,2025,2025-02-01,2200000,517,Other,High,5,1,2,5
Khemjira The Series EP3,2025,2025-08-24,2200000,518,Entertainment,High,23,4,8,6
Khemjira The Series EP1,2025,2025-08-10,2200000,519,Entertainment,High,23,4,8,6
Kennedy,2025,2025-01-30,2200000,520,Other,High,7,1,1,3
JICA,2025,2025-08-25,2200000,521,Other,High,4,1,8,0
JASPER SONGKRAN ICONSIAM,2025,2025-04-10,2200000,522,Other,High,24,3,4,3
GRAB TRAVEL LINGORM,2025,2025-05-06,2200000,523,Entertainment,High,19,3,5,1
FREEN BECKY LATAM TOUR PERU,2025,2025-09-04,2200000,524,Entertainment,High,27,5,9,3
CHIARA AL 9009,2025,2025-05-02,2200000,525,Other,High,14,3,5,4
ニンダイ,2025,2025-03-27,2100000,526,Other,High,4,1,3,3
चुनाव आयोग,2025,2025-08-08,2100000,527,Other,High,10,2,8,4
Vitória,2025,2025-02-25,2100000,528,Other,High,7,1,2,1
TwitterのDM,2025,2025-05-23,2100000,529,Technology,High,10,1,5,4
Ted Cruz,2025,2025-06-19,2100000,530,Other,High,8,2,6,3
Pepe Mujica,2025,2025-05-13,2100000,531,Other,High,11,2,5,1
PONDPHUWIN MAGICAL 2026,2025,2025-11-25,2100000,532,Other,High,23,3,11,1
OST BY KENG NAMPING,2025,2025-11-24,2100000,533,Other,High,19,4,11,0
OREO X WILLIAMEST,2025,2025-04-18,2100000,534,Other,High,17,3,4,4
North Carolina,2025,2025-01-25,2100000,535,Other,High,14,2,1,5
Manchester,2025,2025-10-03,2100000,536,Sports,High,10,1,10,4
MAEWNAM IS THE WAN,2025,2025-07-24,2100000,537,Other,High,18,4,7,3
LISA PARIS FASHION WEEK,2025,2025-09-30,2100000,538,Other,High,23,4,9,1
LINGORM ONLY YOU EP11,2025,2025-09-26,2100000,539,Entertainment,High,21,4,9,4
LINGLING X EGG CP,2025,2025-10-07,2100000,540,Other,High,17,4,10,1
LINGLING PRESENTER LUV,2025,2025-06-12,2100000,541,Other,High,22,3,6,3
Isak,2025,2025-07-25,2100000,542,Other,High,4,1,7,4
ITS GONNA BE BETTER,2025,2025-02-28,2100000,543,Other,High,19,4,2,4
Happy Lunar New Year,2025,2025-01-29,2100000,544,Holiday,High,20,4,1,2
Globo de Ouro,2025,2025-01-06,2100000,545,Other,High,13,3,1,0
DAVICHMETHA CITY,2025,2025-06-08,2100000,546,Other,High,16,2,6,6
Carolina,2025,2025-01-25,2100000,547,Other,High,8,1,1,5
CALL OUT NINESTAR,2025,2025-02-24,2100000,548,Other,High,17,3,2,0
BELIEVE IN EVER AFTER,2025,2025-05-28,2100000,549,Other,High,21,4,5,2
マクドナルド,2025,2025-08-10,2000000,550,Other,High,6,1,8,6
ポケモン,2025,2025-02-27,2000000,551,Other,High,4,1,2,3
ガンダム,2025,2025-06-19,2000000,552,Other,High,4,1,6,3
WILLIAMEST WESLEY FNV,2025,2025-10-08,2000000,553,Other,High,21,3,10,2
Toronto,2025,2025-02-18,2000000,554,Other,High,7,1,2,1
Tim Walz,2025,2025-03-19,2000000,555,Other,High,8,2,3,2
THE WATER 4ELEMENTS OVERTURE,2025,2025-03-22,2000000,556,Other,High,28,4,3,5
THE AIR 4ELEMENTS OVERTURE,2025,2025-03-15,2000000,557,Other,High,26,4,3,5
Scott,2025,2025-02-08,2000000,558,Other,High,5,1,2,5
Roberts,2025,2025-03-19,2000000,559,Other,High,7,1,3,2
PERTHSANTA DOMIIA FNV FS,2025,2025-10-06,2000000,560,Holiday,High,24,4,10,0
ORM SF SPECIAL FANSCREEN,2025,2025-03-22,2000000,561,Politics,High,24,4,3,5
MIKBRENT GMAGICAL DATE,2025,2025-08-03,2000000,562,Other,High,22,3,8,6
MEENANAGARIN CITY,2025,2025-06-22,2000000,563,Other,High,17,2,6,6
George Floyd,2025,2025-09-12,2000000,564,Other,High,12,2,9,4
FREEN BECKY LATAM TOUR MEXICO,2025,2025-09-02,2000000,565,Entertainment,High,29,5,9,1
FREEN BECKY LATAM TOUR BRAZIL,2025,2025-08-31,2000000,566,Entertainment,High,29,5,8,6
FKJD FANDAY24 SG,2025,2025-09-06,2000000,567,Other,High,16,3,9,5
Bernie,2025,2025-01-31,2000000,568,Other,High,6,1,1,4
Becky,2025,2025-09-01,2000000,569,Other,High,5,1,9,0
Alexandre de Moraes,2025,2025-07-31,2000000,570,Other,High,19,3,7,3
ワンフェス,2025,2025-02-09,1900000,571,Other,High,5,1,2,6
sabrina,2025,2025-08-29,1900000,572,Other,High,7,1,8,4
Tommy Robinson,2025,2025-01-03,1900000,573,Other,High,14,2,1,4
TEN SOLO2 OUT NOW,2025,2025-03-24,1900000,574,Other,High,17,4,3,0
Spring,2025,2025-03-20,1900000,575,Other,High,6,1,3,3
SKYNANI X LAZADA 99,2025,2025-09-09,1900000,576,Other,High,19,4,9,1
SAROCHA X BVLGARI SIAM PARAGON,2025,2025-02-11,1900000,577,Other,High,30,5,2,1
River,2025,2025-04-28,1900000,578,Other,High,5,1,4,0
Paulista,2025,2025-04-07,1900000,579,Other,High,8,1,4,0
Onana,2025,2025-04-11,1900000,580,Other,High,5,1,4,4
ORMKORN QINGDAO MOMENT,2025,2025-01-26,1900000,581,Other,High,22,3,1,6
Mulheres,2025,2025-03-08,1900000,582,Other,High,8,1,3,5
Minnesota,2025,2025-08-28,1900000,583,Other,High,9,1,8,3
Met Gala,2025,2025-05-05,1900000,584,Other,High,8,2,5,0
Mbappe,2025,2025-05-12,1900000,585,Sports,High,6,1,5,0
Luisa,2025,2025-03-24,1900000,586,Other,High,5,1,3,0
Labour,2025,2025-05-02,1900000,587,Other,High,6,1,5,4
LINGLING PRESENTER SPARKLE,2025,2025-06-16,1900000,588,Other,High,26,3,6,0
JOONGDUNK JAIDEE FANIVAL,2025,2025-10-07,1900000,589,Other,High,24,3,10,1
JASPER 2nd SINGLE,2025,2025-04-04,1900000,590,Other,High,17,3,4,4
Ekrem İmamoğlu,2025,2025-03-19,1900000,591,Other,High,14,2,3,2
BOLSONARO CONDENADO,2025,2025-09-12,1900000,592,Politics,High,19,2,9,4
BACK TO BACK TO BACK,2025,2025-03-29,1900000,593,Other,High,20,5,3,5
Affan,2025,2025-08-29,1900000,594,Other,High,5,1,8,4
中居くん,2025,2025-01-23,1800000,595,Other,High,4,1,1,3
WILLIAMEST VIVO FRIENDS,2025,2025-04-22,1800000,596,Other,High,23,3,4,1
WANMAEWNAM LOVE RUNS DEEP,2025,2025-08-07,1800000,597,Entertainment,High,25,4,8,3
STYLE YOUR LIPS MAC W CL,2025,2025-09-01,1800000,598,Other,High,24,6,9,0
SKYNANI WORLD FASHION,2025,2025-03-04,1800000,599,Other,High,21,3,3,1
SAROCHA REBECCA IN MACAU,2025,2025-03-15,1800000,600,Other,High,24,4,3,5
S-400,2025,2025-05-08,1800000,601,Other,High,5,1,5,3
RIKU TLEFIRSTONE WE GLOW,2025,2025-11-24,1800000,602,Other,High,24,4,11,0
Moreno,2025,2025-09-04,1800000,603,Other,High,6,1,9,3
Michelle Trachtenberg,2025,2025-02-27,1800000,604,Other,High,21,2,2,3
Mark Carney,2025,2025-03-10,1800000,605,Other,High,11,2,3,0
MILK PANSA LOEWE SS26,2025,2025-10-03,1800000,606,Other,High,21,4,10,4
LOVE AND WORK,2025,2025-01-31,1800000,607,Other,High,13,3,1,4
Khemjira The Series EP4,2025,2025-08-31,1800000,608,Entertainment,High,23,4,8,6
KENGNAMPING TRUE LUCKYNUMBER,2025,2025-11-24,1800000,609,Other,High,28,3,11,0
Gyan Ganga,2025,2025-03-30,1800000,610,Other,High,10,2,3,6
Greta Thunberg,2025,2025-10-07,1800000,611,Other,High,14,2,10,1
Glastonbury,2025,2025-06-29,1800000,612,Other,High,11,1,6,6
FY NO MATTER WHAT,2025,2025-02-19,1800000,613,Other,High,17,4,2,2
Davido,2025,2025-04-18,1800000,614,Other,High,6,1,4,4
AND NEW,2025,2025-05-11,1800000,615,Other,High,7,2,5,6
민주노총,2025,2025-01-03,1700000,616,Other,High,4,1,1,4
阪神優勝,2025,2025-09-07,1700000,617,Other,High,4,1,9,6
阪神タイガース,2025,2025-09-07,1700000,618,Other,High,7,1,9,6
森永卓郎さん,2025,2025-01-29,1700000,619,Other,High,6,1,1,2
広陵高校,2025,2025-08-07,1700000,620,Other,High,4,1,8,3
勤労感謝の日,2025,2025-11-23,1700000,621,Other,High,6,1,11,6
العشر الاواخر,2025,2025-03-20,1700000,622,Other,High,13,2,3,3
UNIAO ANOS CINQUENTA,2025,2025-03-14,1700000,623,Other,High,20,3,3,4
Tehran,2025,2025-06-17,1700000,624,Other,High,6,1,6,1
Tagliaferro,2025,2025-09-03,1700000,625,Other,High,11,1,9,2
THE TRUTH BEHIND,2025,2025-06-29,1700000,626,Other,High,16,3,6,6
Superman,2025,2025-07-08,1700000,627,Other,High,8,1,7,1
Spurs,2025,2025-05-22,1700000,628,Other,High,5,1,5,3
SKY-NANI WITH GRABFOOD,2025,2025-01-31,1700000,629,Other,High,22,3,1,4
PTC SERIES ENGLOT EP9,2025,2025-01-26,1700000,630,Entertainment,High,21,4,1,6
PERTHSANTA OPPO EVENT,2025,2025-07-13,1700000,631,Holiday,High,21,3,7,6
PERAYA X MAYA SIA2025,2025,2025-03-25,1700000,632,Other,High,21,4,3,1
NUNEW 1ST CON MACAU,2025,2025-08-17,1700000,633,Other,High,19,4,8,6
Manchester United,2025,2025-05-22,1700000,634,Sports,High,17,2,5,3
MAJOR FANDOM LINGORM,2025,2025-10-08,1700000,635,Entertainment,High,20,3,10,2
Lewis,2025,2025-03-22,1700000,636,Other,High,5,1,3,5
LINGORM CH3 SPORT DAY,2025,2025-08-31,1700000,637,Sports,High,21,4,8,6
JAMB,2025,2025-05-15,1700000,638,Other,High,4,1,5,3
Guehi,2025,2025-09-02,1700000,639,Other,High,5,1,9,1
CHEER FOR ZEENUNEW,2025,2025-08-31,1700000,640,Other,High,18,3,8,6
Beyoncé,2025,2025-04-29,1700000,641,Other,High,7,1,4,1
BECKY GETS THE CANNES LOOK,2025,2025-05-13,1700000,642,Other,High,26,5,5,1
Amad,2025,2025-01-17,1700000,643,Other,High,4,1,1,4
春分の日,2025,2025-03-20,1600000,644,Other,High,4,1,3,3
ナイジェリア,2025,2025-08-25,1600000,645,Other,High,6,1,8,0
सुप्रीम कोर्ट,2025,2025-04-17,1600000,646,Other,High,13,2,4,3
YOUR SKY FM IN THAILAND,2025,2025-04-06,1600000,647,Other,High,23,5,4,6
WNBA,2025,2025-07-21,1600000,648,Sports,High,4,1,7,0
Twitterくん,2025,2025-04-01,1600000,649,Technology,High,9,1,4,1
The Weeknd,2025,2025-01-31,1600000,650,Entertainment,High,10,2,1,4
Star Wars,2025,2025-05-05,1600000,651,Politics,High,9,2,5,0
Sanders,2025,2025-04-26,1600000,652,Other,High,7,1,4,5
SEKI OMAKASE X LINGORM,2025,2025-03-20,1600000,653,Entertainment,High,22,4,3,3
Roro,2025,2025-07-27,1600000,654,Other,High,4,1,7,6
ROYAL ROUND ONE,2025,2025-07-13,1600000,655,Other,High,15,3,7,6
Powell,2025,2025-07-25,1600000,656,Other,High,6,1,7,4
John Cena,2025,2025-03-02,1600000,657,Other,High,9,2,3,6
George Foreman,2025,2025-03-22,1600000,658,Other,High,14,2,3,5
Estados Unidos,2025,2025-01-27,1600000,659,Other,High,14,2,1,0
Erika Kirk,2025,2025-09-22,1600000,660,Other,High,10,2,9,0
Crystal Palace,2025,2025-05-18,1600000,661,Other,High,14,2,5,6
Abby,2025,2025-07-27,1600000,662,Other,High,4,1,7,6
エアライダー,2025,2025-08-19,1500000,663,Other,High,6,1,8,1
محمد,2025,2025-05-10,1500000,664,Other,High,4,1,5,5
WE AT DESTINY,2025,2025-03-19,1500000,665,Other,High,13,3,3,2
TNP THE ROYAL BALL,2025,2025-05-25,1500000,666,Other,High,18,4,5,6
Senators,2025,2025-01-30,1500000,667,Politics,High,8,1,1,3
STRAY KIDS DOMINATE MIXTAPE,2025,2025-03-21,1500000,668,Other,High,27,4,3,4
SOMOS TODOS BOLSONARO,2025,2025-07-17,1500000,669,Politics,High,21,3,7,3
Portugal,2025,2025-04-28,1500000,670,Other,High,8,1,4,0
PERTHSANTA WITH LOREAL,2025,2025-06-29,1500000,671,Holiday,High,22,3,6,6
NUNEW 1ST KOREA SINGLE,2025,2025-09-30,1500000,672,Other,High,22,4,9,1
NINESTAR CANCEL YOURSELF,2025,2025-03-12,1500000,673,Technology,High,24,3,3,2
Mujica,2025,2025-05-14,1500000,674,Other,High,6,1,5,2
Monad,2025,2025-11-25,1500000,675,Other,High,5,1,11,1
Maxwell,2025,2025-07-27,1500000,676,Other,High,7,1,7,6
LING FIRST MEET IN CQ,2025,2025-06-30,1500000,677,Other,High,21,5,6,0
JOSSGAWIN INVINCIBLE,2025,2025-09-28,1500000,678,Other,High,20,2,9,6
Happy Pride Month,2025,2025-06-03,1500000,679,Social,High,17,3,6,1
ENGFA ON RED CARPET,2025,2025-05-16,1500000,680,Other,High,19,4,5,4
Chan,2025,2025-04-06,1500000,681,Other,High,4,1,4,6
Britain,2025,2025-01-03,1500000,682,Other,High,7,1,1,4
Aldo,2025,2025-10-06,1500000,683,Other,High,4,1,10,0
ADAPTABILITY OF ORMKORN,2025,2025-01-05,1500000,684,Other,High,23,3,1,6
2ND SHOWCASE OF ZEEPRUK,2025,2025-10-06,1500000,685,Other,High,23,4,10,0
連休最終日,2025,2025-01-05,1400000,686,Other,High,5,1,1,6
箱根駅伝,2025,2025-01-03,1400000,687,Other,High,4,1,1,4
津波注意報,2025,2025-07-31,1400000,688,Other,High,5,1,7,3
敬老の日,2025,2025-09-15,1400000,689,Other,High,4,1,9,0
成人の日,2025,2025-01-13,1400000,690,Other,High,4,1,1,0
ジェンティルドンナ,2025,2025-11-26,1400000,691,Other,High,9,1,11,2
WILLIAMEST WITH EDGE2025,2025,2025-06-05,1400000,692,Other,High,24,3,6,3
THE AIR Q1 SHOOTING,2025,2025-07-17,1400000,693,Social,High,19,4,7,3
Steelers,2025,2025-01-12,1400000,694,Other,High,8,1,1,6
Penaltı,2025,2025-02-09,1400000,695,Other,High,7,1,2,6
Nepo,2025,2025-07-21,1400000,696,Other,High,4,1,7,0
NINESTAR ENDING,2025,2025-03-10,1400000,697,Technology,High,15,2,3,0
Mães,2025,2025-05-11,1400000,698,Other,High,4,1,5,6
Miguel,2025,2025-10-09,1400000,699,Other,High,6,1,10,3
MICHAEL JACKSON,2025,2025-08-04,1400000,700,Other,High,15,2,8,0
LINGORM ONLY YOU MACAU D2,2025,2025-11-23,1400000,701,Entertainment,High,25,5,11,6
Heathrow,2025,2025-03-22,1400000,702,Other,High,8,1,3,5
Fenerbahçe,2025,2025-02-24,1400000,703,Other,High,10,1,2,0
FREENBECK LIVE LINE MAN,2025,2025-07-14,1400000,704,Entertainment,High,23,4,7,0
Druze,2025,2025-07-18,1400000,705,Other,High,5,1,7,4
Conrad,2025,2025-08-21,1400000,706,Other,High,6,1,8,3
Buhari,2025,2025-07-14,1400000,707,Other,High,6,1,7,0
Bitcoin,2025,2025-05-21,1400000,708,Technology,High,7,1,5,2
Astronauts,2025,2025-03-19,1400000,709,Other,High,10,1,3,2
風呂の日,2025,2025-11-26,1300000,710,Other,High,4,1,11,2
長嶋さん,2025,2025-06-03,1300000,711,Other,High,4,1,6,1
花火大会,2025,2025-07-27,1300000,712,Other,High,4,1,7,6
石破首相,2025,2025-07-24,1300000,713,Other,High,4,1,7,3
ハイキュー,2025,2025-03-02,1300000,714,Other,High,5,1,3,6
baekhyun,2025,2025-05-19,1300000,715,Other,High,8,1,5,0
WILLIAMEST PRESSTOUR,2025,2025-06-17,1300000,716,Entertainment,High,20,2,6,1
WANMAEWNAM IN LOVE,2025,2025-07-31,1300000,717,Entertainment,High,18,3,7,3
WANMAEWNAM FIRST KISS,2025,2025-07-10,1300000,718,Entertainment,High,21,3,7,3
Senate,2025,2025-07-01,1300000,719,Politics,High,6,1,7,1
SB19 FIRES UP TAIPEI,2025,2025-06-30,1300000,720,Other,High,20,4,6,0
PERTH 24CRET DAY,2025,2025-03-22,1300000,721,Other,High,16,3,3,5
OST BY NAMPING,2025,2025-09-16,1300000,722,Other,High,14,3,9,1
McLaren,2025,2025-11-23,1300000,723,Other,High,7,1,11,6
LINGORM ONLY YOU TEASER,2025,2025-06-30,1300000,724,Entertainment,High,23,4,6,0
Hiroshima,2025,2025-08-07,1300000,725,Other,High,9,1,8,3
GRABFOOD GFSN BUS,2025,2025-07-11,1300000,726,Other,High,17,3,7,4
GFSN UNLOCK POSTER,2025,2025-03-21,1300000,727,Other,High,18,3,3,4
FILMRACHA FK AWARDS,2025,2025-09-14,1300000,728,Politics,High,19,3,9,6
Eduardo,2025,2025-03-19,1300000,729,Other,High,7,1,3,2
Duke,2025,2025-04-06,1300000,730,Other,High,4,1,4,6
BRASIL NA RUA,2025,2025-08-04,1300000,731,Other,High,13,3,8,0
Autopen,2025,2025-03-18,1300000,732,Other,High,7,1,3,1
ローソン,2025,2025-06-04,1200000,733,Other,High,4,1,6,2
キャンペーン実施中,2025,2025-04-24,1200000,734,Other,High,9,1,4,3
राहुल गांधी,2025,2025-08-07,1200000,735,Other,High,11,2,8,3
ليفركوزن,2025,2025-05-10,1200000,736,Other,High,8,1,5,5
Valencia,2025,2025-01-04,1200000,737,Politics,High,8,1,1,5
Tatum,2025,2025-05-13,1200000,738,Other,High,5,1,5,1
THE SECRET OF 00K EP1,2025,2025-05-15,1200000,739,Other,High,21,5,5,3
SECRET DEAL EP5,2025,2025-08-24,1200000,740,Other,High,15,3,8,6
Rubio,2025,2025-05-21,1200000,741,Other,High,5,1,5,2
Pacers,2025,2025-06-23,1200000,742,Other,High,6,1,6,0
ORM BVLGARI HIGH JEWELRY,2025,2025-07-24,1200000,743,Other,High,24,4,7,3
Newark,2025,2025-05-10,1200000,744,Politics,High,6,1,5,5
Magnitsky,2025,2025-07-31,1200000,745,Other,High,9,1,7,3
Joy Reid,2025,2025-02-24,1200000,746,Holiday,High,8,2,2,0
Jack Smith,2025,2025-01-14,1200000,747,Other,High,10,2,1,1
Gala,2025,2025-08-18,1200000,748,Other,High,4,1,8,0
DAM MV TEASER,2025,2025-02-27,1200000,749,Other,High,13,3,2,3
COKE X PONDPHUWIN,2025,2025-05-03,1200000,750,Other,High,17,3,5,5
CERAMIDE FANDOM x FOURTH,2025,2025-02-11,1200000,751,Other,High,24,4,2,1
60 Minutes,2025,2025-02-17,1200000,752,Other,High,10,2,2,0
ニャアン,2025,2025-05-21,1100000,753,Other,High,4,1,5,2
WELCOME TO OUR DAY TKNUR,2025,2025-11-24,1100000,754,Other,High,24,5,11,0
Tyler,2025,2025-07-22,1100000,755,Other,High,5,1,7,1
TRAILER KHEMJIRA,2025,2025-07-24,1100000,756,Entertainment,High,16,2,7,3
TDP JSP GATE KEEPER NTR,2025,2025-07-11,1100000,757,Other,High,23,5,7,4
Snow White,2025,2025-03-23,1100000,758,Other,High,10,2,3,6
Schiff,2025,2025-09-17,1100000,759,Other,High,6,1,9,2
ORM OST ONLY YOU,2025,2025-07-21,1100000,760,Other,High,16,4,7,0
ORM GOP BVLGARI TH,2025,2025-06-20,1100000,761,Politics,High,18,4,6,4
Mission Of Sant RampalJi,2025,2025-08-26,1100000,762,Other,High,24,4,8,1
Malang,2025,2025-03-23,1100000,763,Other,High,6,1,3,6
KORNNAPHAT FULL MOON,2025,2025-08-21,1100000,764,Other,High,20,3,8,3
Jair Bolsonaro,2025,2025-08-05,1100000,765,Politics,High,14,2,8,1
JOONG 24th LEVEL UP,2025,2025-03-24,1100000,766,Other,High,19,4,3,0
EST AT CENTRAL CHIDLOM,2025,2025-09-03,1100000,767,Other,High,22,4,9,2
Deltarune,2025,2025-06-05,1100000,768,Other,High,9,1,6,3
DOUBTLESS BY FOURTH MV,2025,2025-03-18,1100000,769,Other,High,22,4,3,1
Chargers,2025,2025-01-12,1100000,770,Other,High,8,1,1,6
Aarón,2025,2025-09-29,1100000,771,Other,High,5,1,9,0
建国記念日,2025,2025-02-11,1000000,772,Other,High,5,1,2,1
バトルパートナーズ,2025,2025-01-24,1000000,773,Other,High,9,1,1,4
Vikings,2025,2025-01-14,1000000,774,Other,High,7,1,1,1
ORM BVLGARI POP UP SG,2025,2025-07-22,1000000,775,Other,High,21,5,7,1
LINGORM SEOUL BD PARTY,2025,2025-05-24,1000000,776,Entertainment,High,22,4,5,5
JIN JIN,2025,2025-01-26,1000000,777,Other,High,7,2,1,6
DONBELLE CELEBRATES DINAGYANG,2025,2025-01-26,1000000,778,Other,High,29,3,1,6
DMD FRIENDSHIP NEVER ENDS,2025,2025-01-12,1000000,779,Other,High,25,4,1,6
DAOUOFFROAD THE NEW ERA,2025,2025-08-07,1000000,780,Other,High,23,4,8,3
MAKEOVER WITH EMIBONNIE,2025,2025-08-24,994000,781,Other,Medium,23,3,8,6
알티이벤트,2025,2025-04-04,984000,782,Other,Medium,5,1,4,4
メタンガス,2025,2025-04-07,984000,783,Other,Medium,5,1,4,0
PondPhuwin SF SnowWhite,2025,2025-03-23,972000,784,Other,Medium,23,3,3,6
DONBELLE TAGSIBALL,2025,2025-04-04,972000,785,Other,Medium,18,2,4,4
オークス,2025,2025-05-25,971000,786,Other,Medium,4,1,5,6
PERTHSANTA CVITT SANRIO,2025,2025-05-20,956000,787,Holiday,Medium,23,3,5,1
SNAP,2025,2025-03-23,895000,788,Other,Medium,4,1,3,6
The Boys,2025,2025-02-27,894000,789,Other,Medium,8,2,2,3
Miku,2025,2025-01-14,889000,790,Other,Medium,4,1,1,1
Carrie,2025,2025-01-14,888000,791,Other,Medium,6,1,1,1
Dallas,2025,2025-09-25,877000,792,Other,Medium,6,1,9,3
Minecraft,2025,2025-04-05,876000,793,Other,Medium,9,1,4,5
THE​ WATER Q1 SHOOTING,2025,2025-09-25,870000,794,Social,Medium,22,4,9,3
Norway,2025,2025-03-02,869000,795,Other,Medium,6,1,3,6
Hillary,2025,2025-08-01,858000,796,Other,Medium,7,1,8,4
Arrest,2025,2025-05-10,852000,797,Other,Medium,6,1,5,5
アロ〜ハ,2025,2025-07-22,833000,798,Other,Medium,4,1,7,1
コスプレ,2025,2025-04-25,832000,799,Other,Medium,4,1,4,4
Malcolm,2025,2025-07-22,829000,800,Other,Medium,7,1,7,1
Globo,2025,2025-08-05,826000,801,Other,Medium,5,1,8,1
timeless,2025,2025-09-15,808000,802,Other,Medium,8,1,9,0
BOLSONARO PRESO,2025,2025-08-05,799000,803,Politics,Medium,15,2,8,1
MARK 1999 OUT NOW,2025,2025-04-07,789000,804,Other,Medium,17,4,4,0
Modric,2025,2025-05-24,770000,805,Other,Medium,6,1,5,5
zelena,2025,2025-01-14,758000,806,Other,Medium,6,1,1,1
Sydney Sweeney,2025,2025-08-01,757000,807,Other,Medium,14,2,8,4
連休明け,2025,2025-09-16,748000,808,Other,Medium,4,1,9,1
Crawford,2025,2025-09-15,735000,809,Other,Medium,8,1,9,0
Happy 520,2025,2025-05-20,725000,810,Other,Medium,9,2,5,1
EL X STITCH MAJOR SCREENING,2025,2025-06-05,716000,811,Other,Medium,27,5,6,3
地震情報,2025,2025-01-14,715000,812,Other,Medium,4,1,1,1
SOBERANO,2025,2025-07-15,659000,813,Other,Medium,8,1,7,1
MetGala,2024,2024-05-07,3647000,1,Other,High,7,1,5,1
Trump,2024,2024-05-30,3588000,2,Politics,High,5,1,5,3
Israel,2024,2024-04-14,3162000,3,Politics,High,6,1,4,6
Biden,2024,2024-06-28,2900000,4,Politics,High,5,1,6,4
Valentine's Day,2024,2024-02-14,2865000,5,Holiday,High,15,2,2,2
Happy New Year,2024,2024-01-01,2555000,6,Holiday,High,14,3,1,0
バレンタイン,2024,2024-02-14,2406000,7,Holiday,High,6,1,2,2
Mother's Day,2024,2024-05-13,2153000,8,Holiday,High,12,2,5,0
RafahOnFıre,2024,2024-05-27,2056000,9,Other,High,11,1,5,0
getoutofrafah,2024,2024-05-08,1859000,10,Other,High,13,1,5,2
Oscars,2024,2024-03-11,1799000,11,Entertainment,High,6,1,3,0
Epstein,2024,2024-01-04,1701000,12,Politics,High,7,1,1,3
Supreme Court,2024,2024-07-02,1675000,13,Other,High,13,2,7,1
Happy Easter,2024,2024-03-31,1624000,14,Holiday,High,12,2,3,6
Chiefs,2024,2024-02-12,1578000,15,Sports,High,6,1,2,0
Usher,2024,2024-02-12,1464000,16,Other,High,5,1,2,0
Putin,2024,2024-02-09,1362000,17,Politics,High,5,1,2,4
JUNGKOOK,2024,2024-06-07,1348000,18,Other,High,8,1,6,4
Iran,2024,2024-05-20,1327000,19,Politics,High,4,1,5,0
SuperBowl,2024,2024-02-12,1298000,20,Sports,High,9,1,2,0
Easter,2024,2024-03-31,1216000,21,Holiday,High,6,1,3,6
Davi,2024,2024-03-06,1149000,22,Other,High,4,1,3,2
Texas,2024,2024-01-26,1140000,23,Other,High,5,1,1,4
México,2024,2024-06-03,1109000,24,Other,High,6,1,6,0
Fauci,2024,2024-06-04,1108000,25,Other,High,5,1,6,1
April Fools,2024,2024-04-01,1053000,26,Holiday,High,11,2,4,0
Ukraine,2024,2024-04-21,1031000,27,Politics,High,7,1,4,6
Nigeria,2024,2024-02-08,1030000,28,Other,High,7,1,2,3
Mbappe,2024,2024-06-03,1002000,29,Sports,High,6,1,6,0
エイプリルフール,2024,2024-03-31,978000,30,Holiday,Medium,8,1,3,6
GoldenGlobes,2024,2024-01-08,975000,31,Other,Medium,12,1,1,0
Hunter,2024,2024-06-12,945000,32,Other,Medium,6,1,6,2
RutoMustGo,2024,2024-06-26,940000,33,Other,Medium,10,1,6,2
BBB24,2024,2024-01-15,912000,34,Other,Medium,5,1,1,0
REJECTFINANCEBILL2024,2024,2024-06-20,907000,35,Other,Medium,21,1,6,3
ايران,2024,2024-04-14,906000,36,Politics,Medium,5,1,4,6
الهلال,2024,2024-02-09,901000,37,Sports,Medium,6,1,2,4
Kendrick,2024,2024-06-20,893000,38,Entertainment,Medium,8,1,6,3
Lula,2024,2024-02-19,875000,39,Politics,Medium,4,1,2,0
Drake,2024,2024-05-04,872000,40,Entertainment,Medium,5,1,5,5
บวงสรวงซีรีส์ปิ่นภักดิ์,2024,2024-06-30,861000,41,Other,Medium,23,1,6,6
ROCKSTAR OUT NOW,2024,2024-06-28,859000,42,Technology,Medium,16,3,6,4
राहुल गांधी,2024,2024-07-02,854000,43,Other,Medium,11,2,7,1
Hamas,2024,2024-06-08,848000,44,Other,Medium,5,1,6,5
SCOTUS,2024,2024-07-02,804000,45,Politics,Medium,6,1,7,1
BUS_WATCHYOURSTEP_MV,2024,2024-02-14,798000,46,Other,Medium,20,1,2,2
T20WorldCup,2024,2024-06-29,796000,47,Sports,Medium,11,1,6,5
InternationalWomensDay,2024,2024-03-09,786000,48,Other,Medium,22,1,3,5
WeAreSeriesEP11,2024,2024-06-12,777000,49,Entertainment,Medium,15,1,6,2
Davos,2024,2024-01-17,734000,50,Other,Medium,5,1,1,2
ホワイトデー,2024,2024-03-14,730000,51,Entertainment,Medium,6,1,3,3
اسرائيل,2024,2024-04-14,730000,52,Politics,Medium,7,1,4,6
WrestleMania,2024,2024-04-07,698000,53,Sports,Medium,12,1,4,6
فوازير_غازي_الذيابي5,2024,2024-03-20,697000,54,Other,Medium,20,1,3,2
AllEyesOnReasi,2024,2024-06-10,695000,55,Other,Medium,14,1,6,0
49ers,2024,2024-02-12,691000,56,Other,Medium,5,1,2,0
Sanremo2024,2024,2024-02-10,690000,57,Other,Medium,11,1,2,5
Happy Pride Month,2024,2024-06-01,668000,58,Social,Medium,17,3,6,5
Bronx,2024,2024-05-24,666000,59,Other,Medium,5,1,5,4
Taylor,2024,2024-05-09,650000,60,Entertainment,Medium,6,1,5,3
Beyoncé,2024,2024-02-12,649000,61,Other,Medium,7,1,2,0
Ecuador,2024,2024-04-06,641000,62,Other,Medium,7,1,4,5
Uranus2324GalaPremiere,2024,2024-07-02,634000,63,Entertainment,Medium,22,1,7,1
BTS11thAnniversary,2024,2024-06-12,626000,64,Entertainment,Medium,18,1,6,2
Yemen,2024,2024-01-12,624000,65,Other,Medium,5,1,1,4
Arsenal,2024,2024-04-14,623000,66,Sports,Medium,7,1,4,6
Lali,2024,2024-02-16,599000,67,Other,Medium,4,1,2,4
América,2024,2024-05-27,598000,68,Other,Medium,7,1,5,0
Lions,2024,2024-01-29,590000,69,Other,Medium,5,1,1,0
ISIS,2024,2024-03-23,585000,70,Other,Medium,4,1,3,5
Comebacktome,2024,2024-05-10,585000,71,Other,Medium,12,1,5,4
New Hampshire,2024,2024-01-24,583000,72,Other,Medium,13,2,1,2
RoyalRumble,2024,2024-01-28,579000,73,Other,Medium,11,1,1,6
Netanyahu,2024,2024-05-20,577000,74,Politics,Medium,9,1,5,0
20thKomchadluekAwards,2024,2024-05-28,567000,75,Politics,Medium,21,1,5,1
大津波警報,2024,2024-01-01,566000,76,Other,Medium,5,1,1,0
Wanessa,2024,2024-03-02,565000,77,Other,Medium,7,1,3,5
Aaron Bushnell,2024,2024-02-26,564000,78,Other,Medium,14,2,2,0
WeAreSeriesEP13,2024,2024-06-26,552000,79,Entertainment,Medium,15,1,6,2
Messi,2024,2024-01-16,546000,80,Sports,Medium,5,1,1,1
karina,2024,2024-02-27,542000,81,Other,Medium,6,1,2,1
Mahomes,2024,2024-02-12,538000,82,Sports,Medium,7,1,2,0
Fani Willis,2024,2024-02-16,531000,83,Other,Medium,11,2,2,4
GranHermano,2024,2024-02-23,522000,84,Other,Medium,11,1,2,4
チョコレート,2024,2024-02-14,521000,85,Other,Medium,6,1,2,2
FREENBECKY FIRST COUPLE MOVIE,2024,2024-07-02,510000,86,Politics,Medium,29,4,7,1
Chelsea,2024,2024-04-23,509000,87,Sports,Medium,7,1,4,1
$NIM,2024,2024-03-21,507000,88,Other,Medium,4,1,3,3
Haley,2024,2024-01-24,504000,89,Politics,Medium,5,1,1,2
Venezuela,2024,2024-06-27,501000,90,Politics,Medium,9,1,6,3
Feliz 2024,2024,2024-01-01,500000,91,Other,Medium,10,2,1,0
WelcomeBackJin,2024,2024-06-12,500000,92,Other,Medium,14,1,6,2
WeAreSeriesEP10,2024,2024-06-05,498000,93,Entertainment,Medium,15,1,6,2
euro2024,2024,2024-06-14,496000,94,Other,Medium,8,1,6,4
こどもの日,2024,2024-05-05,493000,95,Other,Medium,5,1,5,6
Bitcoin,2024,2024-02-28,488000,96,Technology,Medium,7,1,2,2
TLP Finished Shooting,2024,2024-06-11,483000,97,Social,Medium,21,3,6,1
ปิ่นภักดิ์ปิดกล้องแล้วจ้า,2024,2024-06-11,477000,98,Other,Medium,25,1,6,1
Macron,2024,2024-06-09,470000,99,Politics,Medium,6,1,6,6
يوم_عرفه,2024,2024-06-15,465000,100,Other,Medium,8,1,6,5
新年早々,2024,2024-01-01,463000,101,Other,Medium,4,1,1,0
BETAwards,2024,2024-07-01,457000,102,Politics,Medium,9,1,7,0
謹賀新年,2024,2024-01-01,450000,103,Other,Medium,4,1,1,0
応募規約,2024,2024-03-05,450000,104,Other,Medium,4,1,3,1
オーロラ,2024,2024-05-11,444000,105,Other,Medium,4,1,5,5
Leverkusen,2024,2024-04-14,442000,106,Other,Medium,10,1,4,6
HouseoftheDragon,2024,2024-06-17,442000,107,Other,Medium,16,1,6,0
ValentinesDay,2024,2024-02-14,439000,108,Holiday,Medium,13,1,2,2
New York,2024,2024-05-30,439000,109,Other,Medium,8,2,5,3
Super Bowl,2024,2024-01-29,436000,110,Sports,Medium,10,2,1,0
INDvSA,2024,2024-06-29,435000,111,Other,Medium,6,1,6,5
OTGala8,2024,2024-01-23,432000,112,Other,Medium,7,1,1,1
Megan,2024,2024-01-26,431000,113,Other,Medium,5,1,1,4
Nicki,2024,2024-01-26,430000,114,Other,Medium,5,1,1,4
Good Friday,2024,2024-03-30,429000,115,Other,Medium,11,2,3,5
Tucker,2024,2024-02-06,428000,116,Other,Medium,6,1,2,1
Fernanda,2024,2024-02-01,425000,117,Entertainment,Medium,8,1,2,3
Navalny,2024,2024-02-16,421000,118,Other,Medium,7,1,2,4
Disney,2024,2024-02-08,419000,119,Entertainment,Medium,6,1,2,3
บางกอกคณิกาep1,2024,2024-05-08,415000,120,Other,Medium,14,1,5,2
KCLAwards2024xFOURTH,2024,2024-05-28,412000,121,Politics,Medium,20,1,5,1
Yasmin,2024,2024-03-13,406000,122,Other,Medium,6,1,3,2
Dortmund,2024,2024-05-08,404000,123,Other,Medium,8,1,5,2
nicki,2024,2024-02-13,401000,124,Other,Medium,5,1,2,1
ツインテールの日,2024,2024-02-02,400000,125,Other,Medium,8,1,2,4
Bills,2024,2024-01-22,394000,126,Other,Medium,5,1,1,0
OTGala6,2024,2024-01-09,390000,127,Other,Medium,7,1,1,1
اليمن,2024,2024-01-12,388000,128,Other,Medium,5,1,1,4
Corinthians,2024,2024-02-19,387000,129,Other,Medium,11,1,2,0
AFCON2023,2024,2024-02-08,386000,130,Other,Medium,9,1,2,3
Bambam,2024,2024-02-25,386000,131,Other,Medium,6,1,2,6
Canadá,2024,2024-06-21,385000,132,Other,Medium,6,1,6,4
Capitol,2024,2024-01-06,384000,133,Politics,Medium,7,1,1,5
Liverpool,2024,2024-03-10,383000,134,Sports,Medium,9,1,3,6
猫の日,2024,2024-02-22,383000,135,Other,Medium,3,1,2,3
KAZZAWARDS2024,2024,2024-05-14,383000,136,Politics,Medium,14,1,5,1
namjoon,2024,2024-05-24,379000,137,Other,Medium,7,1,5,4
11YearsWithBTS,2024,2024-06-12,375000,138,Entertainment,Medium,14,1,6,2
RightPlaceWrongPerson,2024,2024-05-10,368000,139,Other,Medium,21,1,5,4
Piñera,2024,2024-02-06,366000,140,Other,Medium,6,1,2,1
ขวัญฤทัยตอนจบ,2024,2024-05-11,362000,141,Other,Medium,13,1,5,5
OTGala7,2024,2024-01-16,360000,142,Other,Medium,7,1,1,1
Nizam,2024,2024-01-15,359000,143,Other,Medium,5,1,1,0
ALL EYES ON RAFAH,2024,2024-05-28,357000,144,Other,Medium,17,4,5,1
Democrats,2024,2024-05-30,356000,145,Politics,Medium,9,1,5,3
INDvsPAK,2024,2024-06-09,353000,146,Other,Medium,8,1,6,6
النصر,2024,2024-03-08,350000,147,Sports,Medium,5,1,3,4
NAYEON,2024,2024-06-14,349000,148,Other,Medium,6,1,6,4
Oppenheimer,2024,2024-03-11,347000,149,Entertainment,Medium,11,1,3,0
Zendaya,2024,2024-05-07,343000,150,Entertainment,Medium,7,1,5,1
HouseofThedragon,2024,2024-06-24,343000,151,Other,Medium,16,1,6,0
OTGala10,2024,2024-02-06,341000,152,Other,Medium,8,1,2,1
Palmer,2024,2024-04-05,340000,153,Other,Medium,6,1,4,4
رمضان,2024,2024-03-10,338000,154,Other,Medium,5,1,3,6
Scotland,2024,2024-06-14,329000,155,Other,Medium,8,1,6,4
V_FRIENDS,2024,2024-03-15,328000,156,Other,Medium,9,1,3,4
共同親権,2024,2024-04-12,324000,157,Other,Medium,4,1,4,4
Cowboys,2024,2024-01-15,322000,158,Other,Medium,7,1,1,0
Marielle,2024,2024-03-24,320000,159,Other,Medium,8,1,3,6
鬼滅の刃,2024,2024-06-30,319000,160,Other,Medium,4,1,6,6
台湾の地震,2024,2024-04-03,316000,161,Other,Medium,5,1,4,2
NGARSA,2024,2024-02-08,315000,162,Other,Medium,6,1,2,3
Germany,2024,2024-06-14,311000,163,Other,Medium,7,1,6,4
OTGala5,2024,2024-01-02,309000,164,Other,Medium,7,1,1,1
TEN_FIRST_FANCON_IN_BKK,2024,2024-02-10,304000,165,Other,Medium,23,1,2,5
SoloistLalisaReturns,2024,2024-01-26,303000,166,Other,Medium,20,1,1,4
LISAxPIÈCESJAUNES2024,2024,2024-01-26,302000,167,Other,Medium,21,1,1,4
Alane,2024,2024-02-06,302000,168,Other,Medium,5,1,2,1
FunkGeneration,2024,2024-04-26,302000,169,Other,Medium,14,1,4,4
WeAreSeriesEP12,2024,2024-06-19,302000,170,Entertainment,Medium,15,1,6,2
SAROCHA REBECCA IN KAZZ,2024,2024-05-14,301000,171,Other,Medium,23,4,5,1
Portugal,2024,2024-06-18,299000,172,Other,Medium,8,1,6,1
FECHADOS COM FERNANDA,2024,2024-03-29,298000,173,Entertainment,Medium,21,3,3,4
Ferrari,2024,2024-02-01,296000,174,Other,Medium,7,1,2,3
ブルースカイ,2024,2024-02-07,291000,175,Other,Medium,6,1,2,2
Eid Mubarak,2024,2024-06-16,291000,176,Holiday,Medium,11,2,6,6
Reyes,2024,2024-01-06,287000,177,Other,Medium,5,1,1,5
ICANTFEELANYTHING TEASER IMAGE,2024,2024-03-07,287000,178,Other,Medium,30,3,3,3
Ghana,2024,2024-01-23,282000,179,Other,Medium,5,1,1,1
すずめの戸締まり,2024,2024-04-05,282000,180,Other,Medium,8,1,4,4
Ronaldo,2024,2024-06-18,281000,181,Sports,Medium,7,1,6,1
Vanessa Lopes,2024,2024-01-18,280000,182,Other,Medium,13,2,1,3
casilla,2024,2024-06-02,278000,183,Other,Medium,7,1,6,6
WeAreSeriesEP6,2024,2024-05-08,277000,184,Entertainment,Medium,14,1,5,2
Peso Pluma,2024,2024-02-13,276000,185,Entertainment,Medium,10,2,2,1
WWEBacklash,2024,2024-05-04,275000,186,Sports,Medium,11,1,5,5
TeamIndia,2024,2024-06-29,272000,187,Other,Medium,9,1,6,5
OJ Simpson,2024,2024-04-11,269000,188,Other,Medium,10,2,4,3
River,2024,2024-04-21,266000,189,Other,Medium,5,1,4,6
LCDLF4,2024,2024-05-21,264000,190,Other,Medium,6,1,5,1
billie,2024,2024-03-11,262000,191,Entertainment,Medium,6,1,3,0
それスノ,2024,2024-02-23,256000,192,Other,Medium,4,1,2,4
初日の出,2024,2024-01-01,251000,193,Other,Medium,4,1,1,0
Ryan Gosling,2024,2024-03-11,251000,194,Other,Medium,12,2,3,0
Not Like Us,2024,2024-06-20,251000,195,Other,Medium,11,3,6,3
LLOUDByLalisa,2024,2024-02-08,250000,196,Other,Medium,13,1,2,3
Malvinas,2024,2024-04-02,250000,197,Other,Medium,8,1,4,1
HouseOfTheDragon,2024,2024-07-01,250000,198,Other,Medium,16,1,7,0
RCBvsCSK,2024,2024-05-18,246000,199,Other,Medium,8,1,5,5
Ali Koç,2024,2024-06-08,245000,200,Other,Medium,7,2,6,5
Eurovision2024,2024,2024-05-09,243000,201,Other,Medium,14,1,5,3
อิงล็อต,2024,2024-07-02,242000,202,Other,Medium,7,1,7,1
PondPhuwin WeAre EP13,2024,2024-06-26,239000,203,Other,Medium,21,3,6,2
OTGala9,2024,2024-01-29,235000,204,Other,Medium,7,1,1,0
Colombia,2024,2024-06-25,235000,205,Politics,Medium,8,1,6,1
TEN FITME LOVE,2024,2024-06-15,234000,206,Other,Medium,14,3,6,5
Aziz Yıldırım,2024,2024-06-08,228000,207,Other,Medium,13,2,6,5
Saban,2024,2024-01-11,224000,208,Other,Medium,5,1,1,3
Hailey,2024,2024-05-09,223000,209,Other,Medium,6,1,5,3
ハイキュー,2024,2024-02-16,222000,210,Other,Medium,5,1,2,4
Rodriguinho,2024,2024-02-28,220000,211,Other,Medium,11,1,2,2
ブルアカらいぶ3周年SPDAY2,2024,2024-01-21,219000,212,Other,Medium,16,1,1,6
UFC303,2024,2024-06-30,219000,213,Sports,Medium,6,1,6,6
บางกอกคณิกาep5,2024,2024-05-22,216000,214,Other,Medium,14,1,5,2
Neymar,2024,2024-05-31,216000,215,Other,Medium,6,1,5,4
Win 1st Solo Fancon,2024,2024-02-17,215000,216,Other,Medium,19,4,2,5
大谷翔平,2024,2024-02-29,215000,217,Other,Medium,4,1,2,3
The Rock,2024,2024-04-07,215000,218,Other,Medium,8,2,4,6
LoseMyBreath,2024,2024-05-10,215000,219,Other,Medium,12,1,5,4
WeAreSeriesEP8,2024,2024-05-22,215000,220,Entertainment,Medium,14,1,5,2
都知事選,2024,2024-06-20,215000,221,Other,Medium,4,1,6,3
ExitPoll,2024,2024-06-01,214000,222,Other,Medium,8,1,6,5
renjun,2024,2024-04-20,213000,223,Other,Medium,6,1,4,5
St. Patrick,2024,2024-03-17,212000,224,Other,Medium,11,2,3,6
Sunak,2024,2024-06-04,212000,225,Other,Medium,5,1,6,1
宝塚記念,2024,2024-06-23,212000,226,Other,Medium,4,1,6,6
हे_मेरी_कौम_के_हिंदुओं,2024,2024-01-16,210000,227,Other,Medium,22,1,1,1
السعوديه_كوريا,2024,2024-01-30,210000,228,Other,Medium,14,1,1,1
HAPPYTENDAY,2024,2024-02-26,210000,229,Other,Medium,11,1,2,0
WEARE大阪生配信やで,2024,2024-05-30,209000,230,Other,Medium,12,1,5,3
ขวัญฤทัยEP6,2024,2024-04-21,208000,231,Other,Medium,11,1,4,6
No Riley,2024,2024-06-21,208000,232,Other,Medium,8,2,6,4
Packers,2024,2024-01-15,206000,233,Other,Medium,7,1,1,0
संतगरीबदासजी_को_मिले_भगवान,2024,2024-03-16,206000,234,Other,Medium,26,1,3,5
Lucas,2024,2024-02-06,204000,235,Other,Medium,5,1,2,1
Barca,2024,2024-04-16,203000,236,Sports,Medium,5,1,4,1
SecretStory,2024,2024-04-23,202000,237,Other,Medium,11,1,4,1
Lakers,2024,2024-02-09,201000,238,Sports,Medium,6,1,2,4
BataREDxZeeNunew,2024,2024-01-30,199000,239,Other,Medium,16,1,1,1
UFC297,2024,2024-01-21,197000,240,Sports,Medium,6,1,1,6
Emma Stone,2024,2024-03-11,197000,241,Other,Medium,10,2,3,0
ダービー,2024,2024-05-26,197000,242,Other,Medium,4,1,5,6
UFC298,2024,2024-02-18,195000,243,Sports,Medium,6,1,2,6
FerragamoFW24xJENO,2024,2024-02-24,195000,244,Other,Medium,18,1,2,5
Ivete,2024,2024-03-23,195000,245,Other,Medium,5,1,3,5
Dolphins,2024,2024-01-14,194000,246,Other,Medium,8,1,1,6
コロンブス,2024,2024-06-13,194000,247,Other,Medium,5,1,6,3
緊急地震速報,2024,2024-01-01,193000,248,Other,Medium,6,1,1,0
فوازير_غازي_الذيابي7,2024,2024-03-24,192000,249,Other,Medium,20,1,3,6
FathersDay,2024,2024-06-16,192000,250,Holiday,Medium,10,1,6,6
ariana,2024,2024-01-07,191000,251,Entertainment,Medium,6,1,1,6
เพลงขึ้นใจ,2024,2024-05-06,190000,252,Other,Medium,10,1,5,0
Gachagua,2024,2024-06-26,190000,253,Other,Medium,8,1,6,2
บางกอกคณิกาep4,2024,2024-05-16,189000,254,Other,Medium,14,1,5,3
地震大丈夫,2024,2024-01-01,188000,255,Other,Medium,5,1,1,0
TRIP,2024,2024-06-27,188000,256,Other,Medium,4,1,6,3
DMDLAND2CONCERT,2024,2024-01-13,186000,257,Entertainment,Medium,15,1,1,5
REBECCAPINKLOVELIVE,2024,2024-05-11,184000,258,Other,Medium,19,1,5,5
Northern Lights,2024,2024-05-11,182000,259,Other,Medium,15,2,5,5
PLdaGloboNão,2024,2024-05-21,181000,260,Other,Medium,12,1,5,1
Coachella,2024,2024-01-17,180000,261,Other,Medium,9,1,1,2
Manchester United,2024,2024-04-05,180000,262,Sports,Medium,17,2,4,4
Willie Mays,2024,2024-06-19,180000,263,Other,Medium,11,2,6,2
EleccionesMéxico2024,2024,2024-06-02,176000,264,Other,Medium,20,1,6,6
CDTVライブライブ,2024,2024-05-06,175000,265,Other,Medium,10,1,5,0
Michigan,2024,2024-01-09,174000,266,Other,Medium,8,1,1,1
Barcelona,2024,2024-04-11,174000,267,Politics,Medium,9,1,4,3
Endrick,2024,2024-03-24,173000,268,Other,Medium,7,1,3,6
ENCOURAGE TO SAROCHA REBECCA,2024,2024-05-28,173000,269,Other,Medium,28,4,5,1
İsmail,2024,2024-04-11,172000,270,Other,Medium,6,1,4,3
테니2024생일축하해NIGHTWALKER,2024,2024-02-26,171000,271,Other,Medium,22,1,2,0
ElClasico,2024,2024-04-21,168000,272,Other,Medium,9,1,4,6
箱根駅伝,2024,2024-01-03,166000,273,Other,Medium,4,1,1,2
RCB FINISHED DHOBI,2024,2024-05-24,166000,274,Other,Medium,18,3,5,4
Yuta,2024,2024-05-23,165000,275,Other,Medium,4,1,5,3
الهلال_النصر,2024,2024-05-31,164000,276,Sports,Medium,12,1,5,4
Steelers,2024,2024-01-16,163000,277,Other,Medium,8,1,1,1
LastTwilightSeriesEP10,2024,2024-01-12,163000,278,Entertainment,Medium,22,1,1,4
FOURTH_CANDIDATEMV,2024,2024-02-20,163000,279,Other,Medium,18,1,2,1
ปิ่นภักดิ์Q51ใกล้เสร็จแล้ว,2024,2024-06-03,162000,280,Other,Medium,26,1,6,0
Vina2024,2024,2024-02-27,161000,281,Other,Medium,8,1,2,1
Amethi,2024,2024-05-03,161000,282,Other,Medium,6,1,5,4
Roma,2024,2024-01-16,159000,283,Other,Medium,4,1,1,1
Flamengo,2024,2024-01-18,159000,284,Other,Medium,8,1,1,3
JENO AT FERRAGAMO MFW,2024,2024-02-24,159000,285,Other,Medium,21,4,2,5
Italy,2024,2024-06-29,159000,286,Other,Medium,5,1,6,5
Manzana,2024,2024-02-01,158000,287,Other,Medium,7,1,2,3
GSvFB,2024,2024-04-08,156000,288,Other,Medium,5,1,4,0
الهلال_انترميامي,2024,2024-01-29,155000,289,Sports,Medium,16,1,1,0
LISANDRO,2024,2024-03-01,155000,290,Other,Medium,8,1,3,4
MothersDay,2024,2024-05-12,155000,291,Holiday,Medium,10,1,5,6
JIN AT PARIS OLYMPICS,2024,2024-07-02,155000,292,Sports,Medium,21,4,7,1
فوازير_غازي_الذيابي8,2024,2024-03-26,153000,293,Other,Medium,20,1,3,1
Lukaku,2024,2024-06-17,153000,294,Sports,Medium,6,1,6,0
secim2024,2024,2024-03-31,153000,295,Other,Medium,9,1,3,6
PSGBVB,2024,2024-05-08,153000,296,Sports,Medium,6,1,5,2
Sabrina,2024,2024-02-18,152000,297,Other,Medium,7,1,2,6
高橋一生,2024,2024-05-16,152000,298,Other,Medium,4,1,5,3
Beatriz,2024,2024-01-15,151000,299,Other,Medium,7,1,1,0
SmackDown,2024,2024-02-03,150000,300,Other,Medium,9,1,2,5
6subat2023,2024,2024-02-06,150000,301,Other,Medium,10,1,2,1
فوازير_غازي_الذيابي6,2024,2024-03-21,150000,302,Other,Medium,20,1,3,3
UFC300,2024,2024-04-14,150000,303,Sports,Medium,6,1,4,6
10VELY TEN DAY,2024,2024-02-26,149000,304,Other,Medium,14,3,2,0
連休明け,2024,2024-05-07,149000,305,Other,Medium,4,1,5,1
AEWDoN,2024,2024-05-27,147000,306,Other,Medium,6,1,5,0
ヴィクトリアマイル,2024,2024-05-12,146000,307,Other,Medium,9,1,5,6
Spain,2024,2024-06-15,146000,308,Other,Medium,5,1,6,5
Panama,2024,2024-07-02,146000,309,Other,Medium,6,1,7,1
Vivek,2024,2024-01-14,145000,310,Other,Medium,5,1,1,6
STAYs For Eternity With SKZ,2024,2024-03-24,145000,311,Other,Medium,27,5,3,6
Ross,2024,2024-04-14,145000,312,Other,Medium,4,1,4,6
Staracademy,2024,2024-02-04,144000,313,Other,Medium,11,1,2,6
LISAxTheWhiteLotus,2024,2024-02-13,144000,314,Other,Medium,18,1,2,1
Verstappen,2024,2024-06-30,144000,315,Other,Medium,10,1,6,6
恵方巻き,2024,2024-02-03,143000,316,Other,Medium,4,1,2,5
Sanremo24,2024,2024-02-06,143000,317,Other,Medium,9,1,2,1
Joel,2024,2024-02-09,142000,318,Other,Medium,4,1,2,4
Taiwan,2024,2024-04-03,142000,319,Politics,Medium,6,1,4,2
Knicks,2024,2024-05-03,142000,320,Other,Medium,6,1,5,4
ITVDebate,2024,2024-06-04,142000,321,Politics,Medium,9,1,6,1
HAPPY BIRTHDAY MILEPHAKPHUM,2024,2024-01-05,141000,322,Other,Medium,27,3,1,4
inep,2024,2024-01-16,141000,323,Other,Medium,4,1,1,1
Elections2024,2024,2024-02-08,141000,324,Politics,Medium,13,1,2,3
رونالدو,2024,2024-04-09,140000,325,Other,Medium,7,1,4,1
HAPPYHAECHANDAY,2024,2024-06-05,140000,326,Other,Medium,15,1,6,2
Foden,2024,2024-05-19,138000,327,Other,Medium,5,1,5,6
TSTheErasTourTaylorsVersion,2024,2024-03-15,138000,328,Entertainment,Medium,27,1,3,4
TORCHBEARER JIN,2024,2024-07-02,138000,329,Other,Medium,15,2,7,1
Alabama,2024,2024-01-11,137000,330,Other,Medium,7,1,1,3
Toni Kroos,2024,2024-05-21,137000,331,Other,Medium,10,2,5,1
earthquake,2024,2024-04-05,135000,332,Social,Medium,10,1,4,4
Roman,2024,2024-02-03,134000,333,Other,Medium,5,1,2,5
ジョンソン,2024,2024-05-20,134000,334,Other,Medium,5,1,5,0
Musiala,2024,2024-06-14,134000,335,Other,Medium,7,1,6,4
Strickland,2024,2024-01-21,133000,336,Other,Medium,10,1,1,6
ApoFlytoGeneva,2024,2024-04-08,133000,337,Other,Medium,14,1,4,0
Austria,2024,2024-06-25,133000,338,Other,Medium,7,1,6,1
GEMINI_TOOCLOSETOHANDLE,2024,2024-03-07,132000,339,Other,Medium,23,1,3,3
Jerry West,2024,2024-06-12,132000,340,Other,Medium,10,2,6,2
チェルシー,2024,2024-03-04,131000,341,Other,Medium,5,1,3,0
Bill Walton,2024,2024-05-27,130000,342,Other,Medium,11,2,5,0
grandefratello,2024,2024-01-16,129000,343,Other,Medium,14,1,1,1
தமிழகவெற்றிகழகம்,2024,2024-02-02,129000,344,Other,Medium,16,1,2,4
TARAKOさん,2024,2024-03-09,129000,345,Other,Medium,8,1,3,5
レイアース,2024,2024-07-02,129000,346,Other,Medium,5,1,7,1
CherryMagicTHep9,2024,2024-02-10,128000,347,Other,Medium,16,1,2,5
Xbox,2024,2024-02-16,128000,348,Technology,Medium,4,1,2,4
Kentucky,2024,2024-03-22,128000,349,Other,Medium,8,1,3,4
Modric,2024,2024-06-25,127000,350,Other,Medium,6,1,6,1
Everton,2024,2024-04-24,126000,351,Other,Medium,7,1,4,2
صالح الاعمال,2024,2024-03-10,126000,352,Other,Medium,12,2,3,6
Barbie,2024,2024-01-23,125000,353,Entertainment,Medium,6,1,1,1
Sora,2024,2024-02-16,125000,354,Other,Medium,4,1,2,4
Will Still,2024,2024-05-02,124000,355,Other,Medium,10,2,5,3
Manchester City,2024,2024-05-19,124000,356,Sports,Medium,15,2,5,6
พิธาลิ้มเจริญรัตน์,2024,2024-01-24,123000,357,Other,Medium,18,1,1,2
Happy Holi,2024,2024-03-24,123000,358,Other,Medium,10,2,3,6
MissUniversePhilippines2024,2024,2024-05-22,123000,359,Other,Medium,27,1,5,2
デカ女ブーム,2024,2024-05-28,123000,360,Other,Medium,6,1,5,1
Ramadan Mubarak,2024,2024-03-10,122000,361,Holiday,Medium,15,2,3,6
Uruguay,2024,2024-07-02,122000,362,Other,Medium,7,1,7,1
Mourinho,2024,2024-01-16,121000,363,Other,Medium,8,1,1,1
東京タワー,2024,2024-06-15,119000,364,Other,Medium,5,1,6,5
仕事始め,2024,2024-01-04,118000,365,Other,Medium,4,1,1,3
新空港占拠,2024,2024-01-27,118000,366,Other,Medium,5,1,1,5
AusOpen,2024,2024-01-28,118000,367,Other,Medium,7,1,1,6
カービィ,2024,2024-03-01,118000,368,Other,Medium,4,1,3,4
BrighterOnMINGYUDay,2024,2024-04-05,118000,369,Other,Medium,19,1,4,4
HappysMILEday2024,2024,2024-01-05,117000,370,Other,Medium,17,1,1,4
Ripple,2024,2024-02-14,117000,371,Other,Medium,6,1,2,2
Normandy,2024,2024-06-06,117000,372,Other,Medium,8,1,6,3
パルワールド,2024,2024-01-20,116000,373,Other,Medium,6,1,1,5
Juanjo,2024,2024-01-23,116000,374,Other,Medium,6,1,1,1
Melodi,2024,2024-06-15,116000,375,Other,Medium,6,1,6,5
春分の日,2024,2024-03-20,115000,376,Other,Medium,4,1,3,2
WWERAW,2024,2024-04-09,115000,377,Sports,Medium,6,1,4,1
Kyrie,2024,2024-05-27,115000,378,Other,Medium,5,1,5,0
Sancho,2024,2024-05-01,115000,379,Other,Medium,6,1,5,2
PRIDE OF KOREA JIN,2024,2024-07-02,115000,380,Social,Medium,18,4,7,1
WWERaw,2024,2024-02-06,114000,381,Sports,Medium,6,1,2,1
4월에_피어난_민규라는행복,2024,2024-04-05,114000,382,Other,Medium,14,1,4,4
Havertz,2024,2024-03-10,113000,383,Other,Medium,7,1,3,6
Agostina,2024,2024-02-22,113000,384,Other,Medium,8,1,2,3
فوازير_غازي_الذيابي3,2024,2024-03-16,113000,385,Other,Medium,20,1,3,5
CATALINA AL 9009,2024,2024-04-04,113000,386,Other,Medium,16,3,4,3
RM_LOST,2024,2024-05-20,113000,387,Other,Medium,7,1,5,0
Girona,2024,2024-05-04,111000,388,Other,Medium,6,1,5,5
nunew1stfminnanning,2024,2024-03-23,111000,389,Other,Medium,19,1,3,5
Vinicius,2024,2024-03-26,111000,390,Other,Medium,8,1,3,1
オールスター感謝祭24春,2024,2024-04-06,111000,391,Other,Medium,12,1,4,5
Erzincan,2024,2024-02-13,110000,392,Other,Medium,8,1,2,1
ThePopOut,2024,2024-06-20,110000,393,Other,Medium,9,1,6,3
日本海側,2024,2024-01-01,109000,394,Other,Medium,4,1,1,0
光る君へ,2024,2024-06-09,109000,395,Other,Medium,4,1,6,6
メイドの日,2024,2024-05-10,109000,396,Other,Medium,5,1,5,4
Josh Allen,2024,2024-01-22,107000,397,Other,Medium,10,2,1,0
キスの日,2024,2024-05-23,107000,398,Other,Medium,4,1,5,3
TheLoyalPin,2024,2024-01-25,106000,399,Other,Medium,11,1,1,3
Vince,2024,2024-01-26,106000,400,Other,Medium,5,1,1,4
الحرب_العالميه_الثالثه,2024,2024-04-14,106000,401,Other,Medium,22,1,4,6
RCBvSRH,2024,2024-04-16,106000,402,Other,Medium,7,1,4,1
Sami,2024,2024-04-07,105000,403,Other,Medium,4,1,4,6
StarAcademy,2024,2024-01-06,104000,404,Other,Medium,11,1,1,5
プリキュア,2024,2024-01-07,103000,405,Other,Medium,5,1,1,6
해차니_생일_와떠여,2024,2024-06-05,103000,406,Other,Medium,10,1,6,2
梅雨入り,2024,2024-06-21,103000,407,Other,Medium,4,1,6,4
Maycon,2024,2024-01-12,102000,408,Other,Medium,6,1,1,4
Kanye,2024,2024-02-09,102000,409,Entertainment,Medium,5,1,2,4
ハチワレ,2024,2024-03-07,101000,410,Other,Medium,4,1,3,3
Inglaterra,2024,2024-03-24,101000,411,Other,Medium,10,1,3,6
UConn,2024,2024-04-06,101000,412,Other,Medium,5,1,4,5
Bluesky,2024,2024-02-07,100000,413,Other,Medium,7,1,2,2
WWEChamber,2024,2024-02-24,100000,414,Sports,Medium,10,1,2,5
Telam,2024,2024-03-04,100000,415,Other,Medium,5,1,3,0
PREP,2024,2024-06-03,100000,416,Other,Medium,4,1,6,0
ブルーアーカイブ,2024,2024-01-21,99000,417,Other,Low,8,1,1,6
CanadianGP,2024,2024-06-08,99000,418,Other,Low,10,1,6,5
TVKVijay,2024,2024-02-02,98000,419,Other,Low,8,1,2,4
ダノンデサイル,2024,2024-05-26,98000,420,Other,Low,7,1,5,6
Cruz Azul,2024,2024-05-27,98000,421,Other,Low,9,2,5,0
Jiri,2024,2024-06-30,98000,422,Other,Low,4,1,6,6
HappyINDay,2024,2024-02-07,97000,423,Other,Low,10,1,2,2
jihyo,2024,2024-03-24,97000,424,Other,Low,5,1,3,6
RejectFinanceBill2024,2024,2024-06-13,97000,425,Other,Low,21,1,6,3
HOTD,2024,2024-06-24,97000,426,Other,Low,4,1,6,0
Commissioner Rawalpindi,2024,2024-02-17,96000,427,Other,Low,23,2,2,5
ブローザホーン,2024,2024-06-23,96000,428,Other,Low,7,1,6,6
Odanz,2024,2024-06-28,96000,429,Other,Low,5,1,6,4
共通テスト,2024,2024-01-12,95000,430,Other,Low,5,1,1,4
BUANGSUANGMONRUK2567,2024,2024-01-17,95000,431,Other,Low,20,1,1,2
ผีฮ่องกง,2024,2024-04-17,95000,432,Other,Low,8,1,4,2
기자회견,2024,2024-04-25,95000,433,Other,Low,4,1,4,3
ModiCabinet,2024,2024-06-09,95000,434,Politics,Low,11,1,6,6
成人の日,2024,2024-01-08,94000,435,Other,Low,4,1,1,0
Tadeu,2024,2024-03-13,94000,436,Other,Low,5,1,3,2
Ramsdale,2024,2024-03-10,94000,437,Other,Low,8,1,3,6
お迎え渋谷くん,2024,2024-04-02,94000,438,Other,Low,7,1,4,1
不破湊3Dライブ,2024,2024-05-11,94000,439,Other,Low,8,1,5,5
BANGBANGCON24,2024,2024-06-08,94000,440,Other,Low,13,1,6,5
PrinceOfVocals_IN_Day,2024,2024-02-07,93000,441,Other,Low,21,1,2,2
DoumbeBaki,2024,2024-03-08,93000,442,Other,Low,10,1,3,4
BalenciagaxPPKRIT,2024,2024-05-30,93000,443,Politics,Low,17,1,5,3
BenidormFestFinal,2024,2024-02-04,92000,444,Other,Low,17,1,2,6
Raquele,2024,2024-01-20,91000,445,Other,Low,7,1,1,5
スシロー,2024,2024-02-21,91000,446,Other,Low,4,1,2,2
South Carolina,2024,2024-04-08,91000,447,Other,Low,14,2,4,0
Dembele,2024,2024-04-16,91000,448,Other,Low,7,1,4,1
FAYEYOKO IZEZA 9STARSTUDIOS,2024,2024-07-02,91000,449,Other,Low,27,3,7,1
Xavi,2024,2024-05-04,90000,450,Other,Low,4,1,5,5
ibrahimkeloğlantutuklansın,2024,2024-02-12,90000,451,Other,Low,26,1,2,0
DOHKYUNGSOO_POPCORN,2024,2024-04-30,90000,452,Other,Low,19,1,4,1
GERSCO,2024,2024-06-14,90000,453,Other,Low,6,1,6,4
NEDFRA,2024,2024-06-21,90000,454,Other,Low,6,1,6,4
INDvENG,2024,2024-06-27,89000,455,Other,Low,7,1,6,3
Andrea Bocelli,2024,2024-02-27,89000,456,Other,Low,14,2,2,1
النصر_الاتحاد,2024,2024-05-27,89000,457,Sports,Low,13,1,5,0
サッカー日本代表,2024,2024-01-19,88000,458,Other,Low,8,1,1,4
아이엔_생일이다_크림채우자,2024,2024-02-07,88000,459,Other,Low,14,1,2,2
SixTONES_音色,2024,2024-04-29,88000,460,Other,Low,11,1,4,0
Belgium,2024,2024-06-17,88000,461,Other,Low,7,1,6,0
日本人女性,2024,2024-02-29,87000,462,Other,Low,5,1,2,3
Noam Chomsky,2024,2024-06-18,87000,463,Other,Low,12,2,6,1
PFLParis,2024,2024-03-08,86000,464,Other,Low,8,1,3,4
QueenOfTearsEp14,2024,2024-04-21,86000,465,Other,Low,16,1,4,6
PondPhuwin WeAre EP8,2024,2024-05-22,86000,466,Other,Low,20,3,5,2
Ten Hag,2024,2024-06-12,86000,467,Other,Low,7,2,6,2
تركيا,2024,2024-07-02,86000,468,Other,Low,5,1,7,1
سیدالشهدای_خدمت,2024,2024-05-20,85000,469,Other,Low,15,1,5,0
DoubleTroubleConcert,2024,2024-07-02,85000,470,Entertainment,Low,20,1,7,1
羽田空港,2024,2024-01-02,84000,471,Other,Low,4,1,1,1
derek,2024,2024-01-11,84000,472,Other,Low,5,1,1,3
LAPOSTA2024,2024,2024-01-20,84000,473,Other,Low,11,1,1,5
البليهي,2024,2024-04-09,84000,474,Other,Low,7,1,4,1
EidMubarak,2024,2024-06-17,84000,475,Holiday,Low,10,1,6,0
RevolutionKe,2024,2024-06-20,84000,476,Other,Low,12,1,6,3
FRAPOL,2024,2024-06-25,84000,477,Other,Low,6,1,6,1
CLAMP,2024,2024-07-02,84000,478,Other,Low,5,1,7,1
Isabel,2024,2024-01-04,83000,479,Other,Low,6,1,1,3
Cruzeiro,2024,2024-03-31,83000,480,Other,Low,8,1,3,6
loveIsland,2024,2024-06-03,83000,481,Other,Low,10,1,6,0
EarthDay,2024,2024-04-22,82000,482,Other,Low,8,1,4,0
Oakland,2024,2024-03-22,81000,483,Other,Low,7,1,3,4
ダイジン,2024,2024-04-05,81000,484,Other,Low,4,1,4,4
Cape Verde,2024,2024-02-04,80000,485,Other,Low,10,2,2,6
Lille,2024,2024-04-19,80000,486,Other,Low,5,1,4,4
تتويج_الهلال,2024,2024-05-24,80000,487,Sports,Low,12,1,5,4
سلمان,2024,2024-05-24,80000,488,Other,Low,5,1,5,4
Dems,2024,2024-06-28,80000,489,Other,Low,4,1,6,4
Niners,2024,2024-01-29,79000,490,Other,Low,6,1,1,0
Meek,2024,2024-02-28,79000,491,Other,Low,4,1,2,2
O Vasco,2024,2024-04-28,79000,492,Other,Low,7,2,4,6
Covishield,2024,2024-04-30,79000,493,Other,Low,10,1,4,1
Arda Güler,2024,2024-01-06,78000,494,Other,Low,10,2,1,5
ちびまる子ちゃん,2024,2024-03-09,78000,495,Other,Low,8,1,3,5
ذكري_البيعه_السابعه,2024,2024-04-05,78000,496,Other,Low,19,1,4,4
BVBPSG,2024,2024-05-01,78000,497,Sports,Low,6,1,5,2
BRIDGERTON,2024,2024-05-16,78000,498,Entertainment,Low,10,1,5,3
LovelyRunnerEp13,2024,2024-05-20,78000,499,Other,Low,16,1,5,0
Julian Assange,2024,2024-06-25,78000,500,Other,Low,14,2,6,1
LIVCHE,2024,2024-01-31,77000,501,Other,Low,6,1,1,2
السعوديه الخضراء,2024,2024-03-28,77000,502,Other,Low,16,2,3,3
Auroraborealis,2024,2024-05-11,77000,503,Other,Low,14,1,5,5
ロマンチックウォリアー,2024,2024-06-02,77000,504,Other,Low,11,1,6,6
連続テレビ小説,2024,2024-06-10,77000,505,Other,Low,7,1,6,0
Happy New Month,2024,2024-07-01,77000,506,Other,Low,15,3,7,0
Caitlin Clark,2024,2024-04-08,76000,507,Other,Low,13,2,4,0
Warriors,2024,2024-01-28,76000,508,Politics,Low,8,1,1,6
Araujo,2024,2024-04-16,76000,509,Other,Low,6,1,4,1
Mavs,2024,2024-05-27,76000,510,Other,Low,4,1,5,0
岸辺露伴,2024,2024-05-16,76000,511,Other,Low,4,1,5,3
Katt Williams,2024,2024-01-04,75000,512,Other,Low,13,2,1,3
Purdy,2024,2024-01-21,75000,513,Other,Low,5,1,1,6
インドネシア,2024,2024-01-24,75000,514,Other,Low,6,1,1,2
Dan Campbell,2024,2024-01-29,75000,515,Other,Low,12,2,1,0
BenidormFestSemi1,2024,2024-01-31,75000,516,Other,Low,17,1,1,2
伊東純也,2024,2024-02-01,75000,517,Other,Low,4,1,2,3
大雪警報,2024,2024-02-05,75000,518,Other,Low,4,1,2,0
Klopp,2024,2024-04-24,75000,519,Other,Low,5,1,4,2
Normani,2024,2024-06-14,75000,520,Other,Low,7,1,6,4
Glastonbury,2024,2024-06-28,75000,521,Other,Low,11,1,6,4
XiaoZhanWBNight23,2024,2024-01-13,74000,522,Other,Low,17,1,1,5
Portela,2024,2024-02-13,74000,523,Other,Low,7,1,2,1
Brentford,2024,2024-03-31,74000,524,Other,Low,9,1,3,6
Forest,2024,2024-04-21,74000,525,Other,Low,6,1,4,6
DY_LITTLELIGHT_OutNow,2024,2024-04-22,74000,526,Other,Low,21,1,4,0
ブルーモーメント,2024,2024-04-24,74000,527,Other,Low,8,1,4,2
FEDERICO,2024,2024-02-01,73000,528,Other,Low,8,1,2,3
Ortiz,2024,2024-02-09,73000,529,Other,Low,5,1,2,4
West Ham,2024,2024-05-19,73000,530,Other,Low,8,2,5,6
Avrupa,2024,2024-02-22,73000,531,Other,Low,6,1,2,3
Perez,2024,2024-05-25,73000,532,Other,Low,5,1,5,5
Alicent,2024,2024-06-17,73000,533,Other,Low,7,1,6,0
ファンタビ,2024,2024-02-02,72000,534,Other,Low,5,1,2,4
ModiKaParivar,2024,2024-03-04,72000,535,Politics,Low,13,1,3,0
الكويت,2024,2024-05-10,72000,536,Other,Low,6,1,5,4
テンハッピーローズ,2024,2024-05-12,72000,537,Other,Low,9,1,5,6
Angelina,2024,2024-02-10,71000,538,Other,Low,8,1,2,5
الهلال_الاتحاد,2024,2024-04-11,71000,539,Sports,Low,14,1,4,3
Qatar,2024,2024-04-16,71000,540,Other,Low,5,1,4,1
Halsey,2024,2024-06-04,71000,541,Other,Low,6,1,6,1
LIVNEW,2024,2024-01-02,70000,542,Other,Low,6,1,1,1
West Indies,2024,2024-01-28,70000,543,Other,Low,11,2,1,6
Brunson,2024,2024-05-03,70000,544,Other,Low,7,1,5,4
BREAKOUT,2024,2024-06-19,70000,545,Other,Low,8,1,6,2
InternationalYogaDay,2024,2024-06-21,70000,546,Other,Low,20,1,6,4
Celtics,2024,2024-01-12,69000,547,Other,Low,7,1,1,4
Whittaker,2024,2024-02-18,69000,548,Other,Low,9,1,2,6
Aaron Donald,2024,2024-03-16,69000,549,Other,Low,12,2,3,5
बुद्ध पूर्णिमा,2024,2024-05-23,69000,550,Other,Low,14,2,5,3
Colts,2024,2024-01-07,68000,551,Other,Low,5,1,1,6
Yankees,2024,2024-03-29,68000,552,Other,Low,7,1,3,4
Antony,2024,2024-04-05,68000,553,Other,Low,6,1,4,4
Paraguay,2024,2024-06-25,68000,554,Other,Low,8,1,6,1
Kohli,2024,2024-06-27,68000,555,Other,Low,5,1,6,3
KADOKAWA,2024,2024-07-02,68000,556,Other,Low,8,1,7,1
النصر_الفيحاء,2024,2024-02-14,67000,557,Sports,Low,13,1,2,2
Poch,2024,2024-05-21,67000,558,Other,Low,4,1,5,1
ナイトメア,2024,2024-05-30,67000,559,Other,Low,5,1,5,3
ElectionResult,2024,2024-02-09,66000,560,Politics,Low,14,1,2,4
めいちゃん,2024,2024-06-16,66000,561,Other,Low,5,1,6,6
Juneteenth,2024,2024-06-19,66000,562,Other,Low,10,1,6,2
SixTONESANN,2024,2024-01-27,65000,563,Other,Low,11,1,1,5
Bayley,2024,2024-01-28,65000,564,Other,Low,6,1,1,6
Nike,2024,2024-03-21,65000,565,Other,Low,4,1,3,3
$GME,2024,2024-05-13,65000,566,Other,Low,4,1,5,0
VoleiNoSporTV,2024,2024-06-16,65000,567,Sports,Low,13,1,6,6
ころんくん誕生祭2024,2024,2024-05-28,65000,568,Other,Low,12,1,5,1
ViratKohli𓃵,2024,2024-06-29,65000,569,Other,Low,11,1,6,5
HAPPYJUNKIDAY,2024,2024-01-19,64000,570,Other,Low,13,1,1,4
死刑判決,2024,2024-01-25,64000,571,Other,Low,4,1,1,3
Shamar Joseph,2024,2024-01-28,64000,572,Technology,Low,13,2,1,6
事務ミス選手権,2024,2024-02-17,64000,573,Other,Low,7,1,2,5
Yamal,2024,2024-04-16,64000,574,Other,Low,5,1,4,1
OTGala11,2024,2024-02-12,63000,575,Other,Low,8,1,2,0
Marisol,2024,2024-02-23,63000,576,Other,Low,7,1,2,4
NCTDREAM_icantfeelanything,2024,2024-03-07,63000,577,Other,Low,26,1,3,3
Alonso,2024,2024-04-20,63000,578,Other,Low,6,1,4,5
Demichelis,2024,2024-04-21,63000,579,Other,Low,10,1,4,6
النصر_الوحده,2024,2024-05-04,63000,580,Sports,Low,12,1,5,5
يوم_الترويه,2024,2024-06-14,63000,581,Other,Low,11,1,6,4
WWECastle,2024,2024-06-15,63000,582,Sports,Low,9,1,6,5
FendiFragrancesXZeePruk,2024,2024-06-20,63000,583,Other,Low,23,1,6,3
ドウデュース,2024,2024-06-23,63000,584,Other,Low,6,1,6,6
vanessa lopes,2024,2024-01-06,62000,585,Other,Low,13,2,1,5
AUSvWI,2024,2024-01-28,62000,586,Other,Low,6,1,1,6
Wrestlemania,2024,2024-02-03,62000,587,Sports,Low,12,1,2,5
ギャンブル,2024,2024-03-21,62000,588,Other,Low,5,1,3,3
Cordina,2024,2024-05-18,62000,589,Other,Low,7,1,5,5
Kabosu,2024,2024-05-24,62000,590,Other,Low,6,1,5,4
Herrera,2024,2024-04-21,61000,591,Other,Low,7,1,4,6
Pedro Pascal,2024,2024-02-14,61000,592,Other,Low,12,2,2,2
Olise,2024,2024-06-21,61000,593,Other,Low,5,1,6,4
Slovakia,2024,2024-06-30,61000,594,Other,Low,8,1,6,6
Texans,2024,2024-01-07,60000,595,Other,Low,6,1,1,6
OTDirecto10E,2024,2024-01-10,60000,596,Other,Low,12,1,1,2
Ronwen Williams,2024,2024-02-04,60000,597,Other,Low,15,2,2,6
Jaylen Brown,2024,2024-02-18,60000,598,Other,Low,12,2,2,6
Medina,2024,2024-02-26,60000,599,Other,Low,6,1,2,0
さとみくん,2024,2024-02-23,60000,600,Other,Low,5,1,2,4
BECKY MISS SONGKRAN,2024,2024-04-12,60000,601,Other,Low,19,3,4,4
Fes蓮ノ空オープニングライブ,2024,2024-04-29,60000,602,Other,Low,15,1,4,0
デザフェス,2024,2024-05-18,60000,603,Other,Low,5,1,5,5
Jordan Love,2024,2024-01-21,59000,604,Other,Low,11,2,1,6
大谷さん,2024,2024-02-29,59000,605,Other,Low,4,1,2,3
Opay,2024,2024-03-28,59000,606,Other,Low,4,1,3,3
Stephen Hawking,2024,2024-01-04,58000,607,Other,Low,15,2,1,3
GBvsDAL,2024,2024-01-15,58000,608,Other,Low,7,1,1,0
アベンチュリン,2024,2024-03-16,58000,609,Other,Low,7,1,3,5
GeneralElectionN0W,2024,2024-02-08,58000,610,Politics,Low,18,1,2,3
Raebareli,2024,2024-05-03,58000,611,Other,Low,9,1,5,4
Timberwolves,2024,2024-05-07,58000,612,Other,Low,12,1,5,1
للهلال,2024,2024-05-31,58000,613,Other,Low,6,1,5,4
عيد_الاضحي,2024,2024-06-15,58000,614,Other,Low,10,1,6,5
MyAgendaGaza,2024,2024-06-28,58000,615,Politics,Low,12,1,6,4
Nunez,2024,2024-01-01,57000,616,Other,Low,5,1,1,0
叶えよう_純喜を支えた純喜の夢,2024,2024-01-19,57000,617,Other,Low,15,1,1,4
JO1ANNX,2024,2024-02-28,57000,618,Other,Low,7,1,2,2
AcneStudiosFW24,2024,2024-02-28,57000,619,Other,Low,15,1,2,2
Racing,2024,2024-05-13,57000,620,Other,Low,6,1,5,0
呪術廻戦,2024,2024-05-21,57000,621,Other,Low,4,1,5,1
t20USA,2024,2024-06-09,57000,622,Other,Low,6,1,6,6
INDvAFG,2024,2024-01-17,56000,623,Other,Low,7,1,1,2
カイロス,2024,2024-03-13,56000,624,Other,Low,4,1,3,2
RCBvsKKR,2024,2024-03-29,56000,625,Other,Low,8,1,3,4
Shakira,2024,2024-04-01,56000,626,Other,Low,7,1,4,0
ICONSIAMSongkranxBECKY,2024,2024-04-12,56000,627,Other,Low,22,1,4,4
السعوديه_الاردن,2024,2024-06-12,56000,628,Other,Low,15,1,6,2
Hungary,2024,2024-06-15,56000,629,Other,Low,7,1,6,5
BA PRADA WIN in Milan,2024,2024-01-10,55000,630,Sports,Low,21,5,1,2
Chiara,2024,2024-01-29,55000,631,Other,Low,6,1,1,0
CanAtalay,2024,2024-01-30,55000,632,Other,Low,9,1,1,1
sisu,2024,2024-01-30,55000,633,Other,Low,4,1,1,1
Clippers,2024,2024-04-28,55000,634,Other,Low,8,1,4,6
Eclipse2024,2024,2024-04-08,55000,635,Other,Low,11,1,4,0
Amici23,2024,2024-05-13,55000,636,Other,Low,7,1,5,0
ホロ1期生6周年,2024,2024-06-01,55000,637,Other,Low,8,1,6,5
Croacia,2024,2024-06-15,55000,638,Politics,Low,7,1,6,5
Hungria,2024,2024-03-26,54000,639,Other,Low,7,1,3,1
Harden,2024,2024-04-28,54000,640,Other,Low,6,1,4,6
GoBackModi,2024,2024-05-30,54000,641,Politics,Low,10,1,5,3
Morata,2024,2024-06-15,53000,642,Other,Low,6,1,6,5
AEWDynamite,2024,2024-01-04,53000,643,Other,Low,11,1,1,3
Embiid,2024,2024-04-21,53000,644,Other,Low,6,1,4,6
Apolinho,2024,2024-05-16,53000,645,Other,Low,8,1,5,3
Smackdown,2024,2024-05-18,53000,646,Other,Low,9,1,5,5
フジ大奥,2024,2024-01-18,52000,647,Other,Low,4,1,1,3
フリーレン,2024,2024-02-02,52000,648,Other,Low,5,1,2,4
うたコン,2024,2024-05-21,52000,649,Other,Low,4,1,5,1
Borel,2024,2024-02-25,52000,650,Other,Low,5,1,2,6
JJドーレダ,2024,2024-03-05,52000,651,Other,Low,6,1,3,1
LaChorraEstaGaga,2024,2024-04-28,52000,652,Entertainment,Low,16,1,4,6
VoleiNoSportv,2024,2024-05-18,52000,653,Sports,Low,13,1,5,5
Rojo,2024,2024-06-02,52000,654,Other,Low,4,1,6,6
LeDébatTF1,2024,2024-06-25,52000,655,Other,Low,10,1,6,1
再アニメ化,2024,2024-07-02,52000,656,Other,Low,5,1,7,1
LisbonTStheErasTour,2024,2024-05-24,51000,657,Entertainment,Low,19,1,5,4
DDay,2024,2024-06-06,51000,658,Other,Low,4,1,6,3
Cancelo,2024,2024-04-21,50000,659,Other,Low,7,1,4,6
スクフェス2,2024,2024-01-25,50000,660,Other,Low,6,1,1,3
ヒトナー,2024,2024-02-15,50000,661,Other,Low,4,1,2,3
Pedri,2024,2024-03-03,50000,662,Other,Low,5,1,3,6
正解スレバソノ場デ30万名様ニ新発売ノ,2024,2024-03-05,50000,663,Other,Low,19,1,3,1
クロスプレイ,2024,2024-06-08,50000,664,Other,Low,6,1,6,5
Humphries,2024,2024-01-04,49000,665,Other,Low,9,1,1,3
Margot,2024,2024-01-23,49000,666,Other,Low,6,1,1,1
ラブライブ,2024,2024-01-25,49000,667,Other,Low,5,1,1,3
京都記念,2024,2024-02-11,49000,668,Other,Low,4,1,2,6
GSvÇRS,2024,2024-03-09,49000,669,Other,Low,6,1,3,5
Christ is King,2024,2024-03-24,49000,670,Other,Low,14,3,3,6
الاتحاد_الاتفاق,2024,2024-05-10,49000,671,Other,Low,15,1,5,4
sabrina,2024,2024-06-03,49000,672,Other,Low,7,1,6,0
おっさんずラブ,2024,2024-02-02,48000,673,Other,Low,7,1,2,4
AFCON2024,2024,2024-02-04,48000,674,Other,Low,9,1,2,6
$NIBI,2024,2024-02-08,48000,675,Other,Low,5,1,2,3
不適切にもほどがある,2024,2024-03-29,48000,676,Other,Low,10,1,3,4
大谷選手,2024,2024-02-29,48000,677,Other,Low,4,1,2,3
Sterling,2024,2024-03-17,48000,678,Other,Low,8,1,3,6
لمستقبل_اكثر_استدامه,2024,2024-03-28,48000,679,Other,Low,20,1,3,3
シェリン,2024,2024-05-06,48000,680,Other,Low,4,1,5,0
HappyBirthdayRahulGandhi,2024,2024-06-19,48000,681,Other,Low,24,1,6,2
WHUARS,2024,2024-02-11,47000,682,Other,Low,6,1,2,6
Declan Rice,2024,2024-02-11,47000,683,Other,Low,11,2,2,6
プロフェッショナル,2024,2024-05-02,47000,684,Other,Low,9,1,5,3
魔改造の夜,2024,2024-05-30,47000,685,Other,Low,5,1,5,3
Carlos Bremer,2024,2024-01-06,46000,686,Other,Low,13,2,1,5
Luigi,2024,2024-01-17,46000,687,Other,Low,5,1,1,2
StateofPlay,2024,2024-01-31,46000,688,Other,Low,11,1,1,2
雪の影響,2024,2024-02-05,46000,689,Other,Low,4,1,2,0
Leipzig,2024,2024-02-13,46000,690,Other,Low,7,1,2,1
Freire,2024,2024-03-01,46000,691,Other,Low,6,1,3,4
حجازي,2024,2024-03-02,46000,692,Other,Low,5,1,3,5
Budget2024,2024,2024-03-07,46000,693,Other,Low,10,1,3,3
ARSBRE,2024,2024-03-10,46000,694,Other,Low,6,1,3,6
Virginia,2024,2024-03-20,46000,695,Other,Low,8,1,3,2
FCBPSG,2024,2024-04-16,46000,696,Sports,Low,6,1,4,1
ラヴィット,2024,2024-03-20,45000,697,Other,Low,5,1,3,2
一平さん,2024,2024-03-21,45000,698,Other,Low,4,1,3,3
Sixers,2024,2024-04-23,45000,699,Other,Low,6,1,4,1
Trailerบางกอกคณิกา,2024,2024-04-26,45000,700,Entertainment,Low,18,1,4,4
Pacers,2024,2024-05-09,45000,701,Other,Low,6,1,5,3
dissolution,2024,2024-06-09,45000,702,Other,Low,11,1,6,6
Sainz,2024,2024-02-01,44000,703,Other,Low,5,1,2,3
Volk,2024,2024-02-18,44000,704,Other,Low,4,1,2,6
Liema,2024,2024-03-18,44000,705,Other,Low,5,1,3,0
VandaDarbeVar,2024,2024-04-02,44000,706,Other,Low,13,1,4,1
川崎記念,2024,2024-04-03,44000,707,Other,Low,4,1,4,2
WWEHOF,2024,2024-04-06,44000,708,Sports,Low,6,1,4,5
PSGFCB,2024,2024-04-11,44000,709,Sports,Low,6,1,4,3
Suns,2024,2024-04-20,44000,710,Other,Low,4,1,4,5
ナミュール,2024,2024-06-02,44000,711,Other,Low,5,1,6,6
INDvsUSA,2024,2024-06-12,44000,712,Other,Low,8,1,6,2
ソールオリエンス,2024,2024-06-23,44000,713,Other,Low,8,1,6,6
トレード,2024,2024-06-24,44000,714,Other,Low,4,1,6,0
ANG AKING MUNDO AY PAPAYA,2024,2024-02-19,43000,715,Entertainment,Low,25,5,2,0
Javiera Contador,2024,2024-02-27,43000,716,Other,Low,16,2,2,1
オオタニサン,2024,2024-02-29,43000,717,Other,Low,6,1,2,3
Mets,2024,2024-03-30,43000,718,Other,Low,4,1,3,5
Raphinha,2024,2024-04-11,43000,719,Other,Low,8,1,4,3
ジョジョ婚,2024,2024-05-16,43000,720,Other,Low,5,1,5,3
Gabi,2024,2024-05-18,43000,721,Other,Low,4,1,5,5
GoBlue,2024,2024-01-09,42000,722,Other,Low,6,1,1,1
KadıköydeKaraGece,2024,2024-03-10,42000,723,Other,Low,17,1,3,6
ブレバン,2024,2024-02-01,42000,724,Other,Low,4,1,2,3
Calleri,2024,2024-01-31,42000,725,Other,Low,7,1,1,2
TOBE_とべばん,2024,2024-02-14,42000,726,Other,Low,9,1,2,2
BeratKandili,2024,2024-02-24,42000,727,Other,Low,12,1,2,5
النصر_الاهلي,2024,2024-03-16,42000,728,Sports,Low,12,1,3,5
SleepyDon,2024,2024-04-16,42000,729,Other,Low,9,1,4,1
WeAreSeriesEP3,2024,2024-04-17,42000,730,Entertainment,Low,14,1,4,2
1Mayıs,2024,2024-05-01,42000,731,Other,Low,6,1,5,2
Bélgica,2024,2024-06-17,42000,732,Other,Low,7,1,6,0
Tatum,2024,2024-05-24,41000,733,Other,Low,5,1,5,4
Curry,2024,2024-01-28,41000,734,Sports,Low,5,1,1,6
SeniSeviyoruzKerem,2024,2024-01-29,41000,735,Other,Low,18,1,1,0
Okan,2024,2024-02-22,41000,736,Other,Low,4,1,2,3
Mr Ibu,2024,2024-03-02,41000,737,Other,Low,6,2,3,5
Mainoo,2024,2024-03-27,41000,738,Other,Low,6,1,3,2
Reggie Bush,2024,2024-04-24,41000,739,Other,Low,11,2,4,2
Meet the Grahams,2024,2024-05-04,41000,740,Other,Low,16,3,5,5
GenG,2024,2024-06-09,41000,741,Other,Low,4,1,6,6
WorldBloodDonorDay,2024,2024-06-14,41000,742,Other,Low,18,1,6,4
HappyTakumiDay,2024,2024-06-22,41000,743,Other,Low,14,1,6,5
Poatan,2024,2024-06-30,41000,744,Other,Low,6,1,6,6
Jota,2024,2024-01-01,40000,745,Sports,Low,4,1,1,0
RHOSLC,2024,2024-01-03,40000,746,Other,Low,6,1,1,2
Léo Santana,2024,2024-01-18,40000,747,Holiday,Low,11,2,1,3
パラレル,2024,2024-01-18,40000,748,Other,Low,4,1,1,3
ElectoralBonds,2024,2024-02-15,40000,749,Other,Low,14,1,2,3
amici23,2024,2024-03-24,40000,750,Other,Low,7,1,3,6
الملك_سلمان_بن_عبدالعزيز,2024,2024-04-24,40000,751,Other,Low,24,1,4,2
Criciúma,2024,2024-04-28,40000,752,Other,Low,8,1,4,6
Bruno Mars,2024,2024-05-08,40000,753,Other,Low,10,2,5,2
ファンパレ,2024,2024-05-21,40000,754,Other,Low,5,1,5,1
リメイク,2024,2024-07-02,40000,755,Other,Low,4,1,7,1
SHAWN,2024,2024-03-02,39000,756,Other,Low,5,1,3,5
JO1_We_GototheTOP,2024,2024-03-04,39000,757,Other,Low,17,1,3,0
Renato,2024,2024-04-28,39000,758,Politics,Low,6,1,4,6
Rabiot,2024,2024-06-21,39000,759,Other,Low,6,1,6,4
ساعه_استجابه,2024,2024-01-19,38000,760,Other,Low,12,1,1,4
SENCIV,2024,2024-01-29,38000,761,Other,Low,6,1,1,0
SurvivorAllStar2024,2024,2024-02-06,38000,762,Social,Low,19,1,2,1
翠ジンソーダ,2024,2024-02-07,38000,763,Other,Low,6,1,2,2
Weverton,2024,2024-02-19,38000,764,Other,Low,8,1,2,0
Botafogo,2024,2024-03-03,38000,765,Other,Low,8,1,3,6
2024BAEKHYUNASIATOURinBKK,2024,2024-04-20,38000,766,Entertainment,Low,25,1,4,5
Maxey,2024,2024-04-23,38000,767,Other,Low,5,1,4,1
HappyBirthdayKeremBürsin,2024,2024-06-03,38000,768,Other,Low,24,1,6,0
iHERBxENGLOT,2024,2024-06-13,38000,769,Other,Low,12,1,6,3
Bama,2024,2024-01-02,37000,770,Other,Low,4,1,1,1
ピクトマンサー,2024,2024-01-07,37000,771,Other,Low,7,1,1,6
EVELIV,2024,2024-04-24,37000,772,Other,Low,6,1,4,2
GW初日,2024,2024-04-27,37000,773,Other,Low,4,1,4,5
MondayMotivation,2024,2024-07-01,37000,774,Other,Low,16,1,7,0
Tuchel,2024,2024-05-21,37000,775,Other,Low,6,1,5,1
ノリさん,2024,2024-05-26,37000,776,Other,Low,4,1,5,6
目黒記念,2024,2024-05-26,37000,777,Other,Low,4,1,5,6
Oilers,2024,2024-06-03,37000,778,Other,Low,6,1,6,0
庭ラジ,2024,2024-06-05,37000,779,Other,Low,3,1,6,2
スノの衝動,2024,2024-06-19,37000,780,Other,Low,5,1,6,2
拓実とずっと一緒にいる悪魔の契約,2024,2024-06-22,37000,781,Other,Low,16,1,6,5
Gallagher,2024,2024-06-25,37000,782,Other,Low,9,1,6,1
Walker,2024,2024-06-30,37000,783,Other,Low,6,1,6,6
ShoaibMalik,2024,2024-01-20,36000,784,Other,Low,11,1,1,5
Doc Rivers,2024,2024-01-24,36000,785,Other,Low,10,2,1,2
Fresh News for $XRP Holders,2024,2024-02-14,36000,786,Other,Low,27,5,2,2
Madonna,2024,2024-03-21,36000,787,Other,Low,7,1,3,3
LISA AT BULGARI KOREA,2024,2024-03-14,36000,788,Other,Low,21,4,3,3
اشياء_مانفرط_فيها,2024,2024-03-27,36000,789,Other,Low,17,1,3,2
angie,2024,2024-03-30,36000,790,Other,Low,5,1,3,5
LabourDay,2024,2024-05-01,36000,791,Other,Low,9,1,5,2
もちづきさん,2024,2024-05-09,36000,792,Other,Low,6,1,5,3
GFRunTheWorldConcert,2024,2024-06-08,36000,793,Entertainment,Low,20,1,6,5
ARSLIV,2024,2024-01-07,35000,794,Other,Low,6,1,1,6
バレンタインに二つめの恋,2024,2024-01-22,35000,795,Holiday,Low,12,1,1,0
バンカライブ,2024,2024-02-10,35000,796,Other,Low,6,1,2,5
Ruslana,2024,2024-02-12,35000,797,Other,Low,7,1,2,0
FMSnoCombate,2024,2024-02-25,35000,798,Other,Low,12,1,2,6
UFCMexico,2024,2024-02-25,35000,799,Sports,Low,9,1,2,6
Mariah,2024,2024-03-19,35000,800,Other,Low,6,1,3,1
$KATE,2024,2024-03-19,35000,801,Other,Low,5,1,3,1
KingsWorldCup,2024,2024-05-27,35000,802,Sports,Low,13,1,5,0
ロッキン,2024,2024-05-29,35000,803,Other,Low,4,1,5,2
ปิ่นภักดิ์Q52ครองคู่หมาย,2024,2024-06-04,35000,804,Other,Low,24,1,6,1
ドジャース,2024,2024-06-19,35000,805,Other,Low,5,1,6,2
NationalChampionship,2024,2024-01-09,34000,806,Sports,Low,20,1,1,1
プロテクト,2024,2024-01-11,34000,807,Other,Low,5,1,1,3
ゴッドイーター,2024,2024-01-22,34000,808,Other,Low,7,1,1,0
Greta,2024,2024-01-23,34000,809,Other,Low,5,1,1,1
推しの子,2024,2024-01-24,34000,810,Other,Low,4,1,1,2
INDvsENG,2024,2024-01-28,34000,811,Other,Low,8,1,1,6
ワールドドキドキビデオ,2024,2024-01-30,34000,812,Other,Low,11,1,1,1
Kojima,2024,2024-01-31,34000,813,Other,Low,6,1,1,2
鉄腕DASH,2024,2024-02-04,34000,814,Other,Low,6,1,2,6
Howard,2024,2024-03-20,34000,815,Politics,Low,6,1,3,2
ジェシー,2024,2024-04-06,34000,816,Other,Low,4,1,4,5
Ashutosh,2024,2024-04-19,34000,817,Other,Low,8,1,4,4
Yasuke,2024,2024-05-15,34000,818,Other,Low,6,1,5,2
Panthers,2024,2024-06-11,34000,819,Other,Low,8,1,6,1
Kamala,2024,2024-06-28,34000,820,Politics,Low,6,1,6,4
USMNT,2024,2024-07-02,34000,821,Other,Low,5,1,7,1
月面着陸,2024,2024-01-19,33000,822,Other,Low,4,1,1,4
ドレスヒナ,2024,2024-01-21,33000,823,Other,Low,5,1,1,6
まつもtoなかい,2024,2024-01-28,33000,824,Other,Low,8,1,1,6
سالم,2024,2024-04-11,33000,825,Other,Low,4,1,4,3
サマソニ,2024,2024-02-21,33000,826,Other,Low,4,1,2,2
Cam Newton,2024,2024-02-26,33000,827,Other,Low,10,2,2,0
Coventry,2024,2024-03-16,33000,828,Other,Low,8,1,3,5
Stones,2024,2024-03-27,33000,829,Other,Low,6,1,3,2
BREMUN,2024,2024-03-31,33000,830,Other,Low,6,1,3,6
Dibu,2024,2024-04-19,33000,831,Other,Low,4,1,4,4
マリノス,2024,2024-04-24,33000,832,Other,Low,4,1,4,2
スターレイル予告番組,2024,2024-04-26,33000,833,Other,Low,10,1,4,4
HalaMadrid,2024,2024-05-04,33000,834,Sports,Low,10,1,5,5
ソフトバンク,2024,2024-05-21,33000,835,Other,Low,6,1,5,1
Lando,2024,2024-06-22,33000,836,Other,Low,5,1,6,5
Berhalter,2024,2024-07-02,33000,837,Other,Low,9,1,7,1
ハリポタ,2024,2024-01-12,32000,838,Other,Low,4,1,1,4
Jerry Jones,2024,2024-01-15,32000,839,Other,Low,11,2,1,0
春になったら,2024,2024-02-19,32000,840,Other,Low,6,1,2,0
NuNew x PaulKim,2024,2024-03-05,32000,841,Other,Low,15,3,3,1
LISAxBulgariStudio,2024,2024-03-14,32000,842,Other,Low,18,1,3,3
Duquesne,2024,2024-03-21,32000,843,Other,Low,8,1,3,3
Gabigol,2024,2024-06-28,32000,844,Other,Low,7,1,6,4
Paige,2024,2024-04-06,32000,845,Other,Low,5,1,4,5
Cavani,2024,2024-05-09,32000,846,Other,Low,6,1,5,3
ヒロミのおせっ買い,2024,2024-05-11,32000,847,Other,Low,9,1,5,5
Varane,2024,2024-05-14,32000,848,Other,Low,6,1,5,1
Hayırlı Cumalar,2024,2024-05-17,32000,849,Other,Low,15,2,5,4
ユーフォ3期,2024,2024-05-26,32000,850,Other,Low,6,1,5,6
Clacton,2024,2024-06-03,32000,851,Other,Low,7,1,6,0
PORCZE,2024,2024-06-18,32000,852,Other,Low,6,1,6,1
Stonehenge,2024,2024-06-19,32000,853,Other,Low,10,1,6,2
Aina,2024,2024-01-18,31000,854,Other,Low,4,1,1,3
Sinner,2024,2024-01-28,31000,855,Other,Low,6,1,1,6
雪だるま,2024,2024-02-05,31000,856,Other,Low,4,1,2,0
ノーマルタイヤ,2024,2024-02-05,31000,857,Other,Low,7,1,2,0
Steve Wright,2024,2024-02-13,31000,858,Other,Low,12,2,2,1
ACSvGS,2024,2024-02-22,31000,859,Other,Low,6,1,2,3
僕は乃木坂を好きになる,2024,2024-03-17,31000,860,Other,Low,11,1,3,6
ゴーストバスターズ,2024,2024-03-29,31000,861,Other,Low,9,1,3,4
ブルアカTVアニメ,2024,2024-04-21,31000,862,Other,Low,9,1,4,6
ドレミファドン,2024,2024-05-06,31000,863,Other,Low,7,1,5,0
Karoline,2024,2024-05-24,31000,864,Other,Low,8,1,5,4
Luciano,2024,2024-05-30,31000,865,Politics,Low,7,1,5,3
悪魔の日,2024,2024-06-06,31000,866,Other,Low,4,1,6,3
Hungría,2024,2024-06-15,31000,867,Other,Low,7,1,6,5
AUTFRA,2024,2024-06-17,31000,868,Other,Low,6,1,6,0
YESANDISCOMING,2024,2024-01-07,30000,869,Other,Low,14,1,1,6
港区女子,2024,2024-01-20,30000,870,Other,Low,4,1,1,5
TheTraitors,2024,2024-01-26,30000,871,Other,Low,11,1,1,4
Dunk,2024,2024-03-27,30000,872,Other,Low,4,1,3,2
CM Punk,2024,2024-04-01,30000,873,Other,Low,7,2,4,0
25aprile,2024,2024-04-25,30000,874,Other,Low,8,1,4,3
MayDay,2024,2024-05-01,30000,875,Other,Low,6,1,5,2
ConexiónHonduras10,2024,2024-05-13,30000,876,Other,Low,18,1,5,0
シグウィン,2024,2024-06-19,30000,877,Other,Low,5,1,6,2
Axar,2024,2024-06-27,30000,878,Other,Low,4,1,6,3
幻想シアター,2024,2024-07-01,30000,879,Other,Low,6,1,7,0
Maidstone,2024,2024-01-27,29000,880,Other,Low,9,1,1,5
Yuri Alberto,2024,2024-01-31,29000,881,Other,Low,12,2,1,2
BTBBxZeeNuNew,2024,2024-02-02,29000,882,Other,Low,13,1,2,4
संतगरीबदासजी_बोधदिवस,2024,2024-03-20,29000,883,Other,Low,20,1,3,2
ForaBeatriz,2024,2024-04-10,29000,884,Other,Low,11,1,4,2
WIN5,2024,2024-05-12,29000,885,Other,Low,4,1,5,6
يوم_الجمعه,2024,2024-05-24,29000,886,Other,Low,10,1,5,4
الدوري الذهبي,2024,2024-05-27,29000,887,Other,Low,13,2,5,0
Normandie,2024,2024-06-06,29000,888,Other,Low,9,1,6,3
kimmich_to_alahli,2024,2024-06-08,29000,889,Other,Low,17,1,6,5
DOYOUNG_Dear_Youth_BANGKOK,2024,2024-06-14,29000,890,Other,Low,26,1,6,4
ベルばら,2024,2024-07-02,29000,891,Other,Low,4,1,7,1
FILAxWarWanarat,2024,2024-07-02,29000,892,Politics,Low,15,1,7,1
Las Palmas,2024,2024-01-27,28000,893,Other,Low,10,2,1,5
Chula,2024,2024-01-17,28000,894,Other,Low,5,1,1,2
ブレイバーン,2024,2024-01-18,28000,895,Other,Low,6,1,1,3
ミリオン,2024,2024-02-15,28000,896,Other,Low,4,1,2,3
poze,2024,2024-03-29,28000,897,Other,Low,4,1,3,4
Abel,2024,2024-03-31,28000,898,Other,Low,4,1,3,6
Feio,2024,2024-04-09,28000,899,Other,Low,4,1,4,1
OLYvFB,2024,2024-04-11,28000,900,Other,Low,6,1,4,3
キュウゴー,2024,2024-04-29,28000,901,Other,Low,5,1,4,0
Laporta,2024,2024-05-17,28000,902,Other,Low,7,1,5,4
土砂降り,2024,2024-06-02,28000,903,Other,Low,4,1,6,6
BlackHistoryMonth,2024,2024-02-01,27000,904,Other,Low,17,1,2,3
あなたを猫ミームで例えると診断,2024,2024-02-16,27000,905,Other,Low,15,1,2,4
Sousa,2024,2024-02-22,27000,906,Other,Low,5,1,2,3
どん兵衛,2024,2024-02-28,27000,907,Other,Low,4,1,2,2
FRAALL,2024,2024-03-24,27000,908,Other,Low,6,1,3,6
njSG,2024,2024-04-06,27000,909,Other,Low,4,1,4,5
SDカード,2024,2024-05-02,27000,910,Other,Low,5,1,5,3
مجلس الامه,2024,2024-05-10,27000,911,Other,Low,10,2,5,4
Cole Palmer,2024,2024-05-15,27000,912,Other,Low,11,2,5,2
Silvio Luiz,2024,2024-05-16,27000,913,Other,Low,11,2,5,3
劇場版ウマ娘,2024,2024-05-24,27000,914,Other,Low,6,1,5,4
広島ドラゴンフライズ,2024,2024-05-28,27000,915,Other,Low,10,1,5,1
ブートヒル,2024,2024-05-29,27000,916,Other,Low,5,1,5,2
StateOfPlay,2024,2024-05-30,27000,917,Other,Low,11,1,5,3
DiamondTemaTutuklansın,2024,2024-06-17,27000,918,Other,Low,22,1,6,0
Dube,2024,2024-06-27,27000,919,Other,Low,4,1,6,3
ダンジョン飯,2024,2024-01-18,26000,920,Other,Low,6,1,1,3
共同通信杯,2024,2024-02-11,26000,921,Other,Low,5,1,2,6
ビコーペガサス,2024,2024-02-13,26000,922,Other,Low,7,1,2,1
سافيتش,2024,2024-03-02,26000,923,Other,Low,6,1,3,5
SURREAL OUT NOW,2024,2024-02-28,26000,924,Other,Low,15,3,2,2
LaIslaDeLasTentaciones10,2024,2024-03-06,26000,925,Other,Low,24,1,3,2
Venue101,2024,2024-03-16,26000,926,Other,Low,8,1,3,5
アンメット,2024,2024-05-13,26000,927,Other,Low,5,1,5,0
GameStop,2024,2024-05-13,26000,928,Other,Low,8,1,5,0
Bianca,2024,2024-05-18,26000,929,Other,Low,6,1,5,5
メラルバ,2024,2024-05-24,26000,930,Other,Low,4,1,5,4
3RACHA TRIPLE THREATS OF KPOP,2024,2024-01-17,25000,931,Entertainment,Low,29,5,1,2
ブルアカふぇすすたーと,2024,2024-01-20,25000,932,Other,Low,11,1,1,5
Oscars2024,2024,2024-01-23,25000,933,Entertainment,Low,10,1,1,1
櫻坂46_何歳の頃に戻りたいのか,2024,2024-01-24,25000,934,Other,Low,16,1,1,2
Dua Lipa,2024,2024-02-16,25000,935,Entertainment,Low,8,2,2,4
SVGala1,2024,2024-03-08,25000,936,Other,Low,7,1,3,4
Wagner,2024,2024-03-20,25000,937,Other,Low,6,1,3,2
KaitoHBD,2024,2024-04-02,25000,938,Other,Low,8,1,4,1
jjk256,2024,2024-04-04,25000,939,Other,Low,6,1,4,3
参騎出陣,2024,2024-04-30,25000,940,Other,Low,4,1,4,1
CHEWHU,2024,2024-05-05,25000,941,Other,Low,6,1,5,6
FileninSultanları,2024,2024-05-15,25000,942,Other,Low,17,1,5,2
ガイナックス,2024,2024-06-07,25000,943,Other,Low,6,1,6,4
ニコニコ超開示,2024,2024-07-02,25000,944,Other,Low,7,1,7,1
Wemby,2024,2024-01-05,24000,945,Other,Low,5,1,1,4
Dzeko,2024,2024-01-10,24000,946,Other,Low,5,1,1,2
ヴィブロス,2024,2024-01-18,24000,947,Other,Low,5,1,1,3
DukunganTulus Untuk02,2024,2024-01-30,24000,948,Other,Low,21,2,1,1
ちーちゃん,2024,2024-01-30,24000,949,Other,Low,5,1,1,1
Klay,2024,2024-02-15,24000,950,Other,Low,4,1,2,3
セフィロス,2024,2024-02-28,24000,951,Other,Low,5,1,2,2
BloomingJustForYou,2024,2024-03-05,24000,952,Other,Low,18,1,3,1
Jolene,2024,2024-03-28,24000,953,Other,Low,6,1,3,3
CSKvsKKR,2024,2024-04-08,24000,954,Other,Low,8,1,4,0
キミの隣ににじさんじ,2024,2024-04-22,24000,955,Other,Low,10,1,4,0
Number_i_ナゲット愛,2024,2024-04-23,24000,956,Other,Low,14,1,4,1
Westbrook,2024,2024-04-27,24000,957,Other,Low,9,1,4,5
Chivas,2024,2024-04-28,24000,958,Other,Low,6,1,4,6
DeNiro,2024,2024-05-28,24000,959,Other,Low,6,1,5,1
MHA424,2024,2024-05-30,24000,960,Other,Low,6,1,5,3
marti,2024,2024-06-03,24000,961,Other,Low,5,1,6,0
RohitSharma,2024,2024-01-17,23000,962,Other,Low,11,1,1,2
サイドオーダー,2024,2024-01-24,23000,963,Other,Low,7,1,1,2
Alcaraz,2024,2024-01-24,23000,964,Other,Low,7,1,1,2
ハッピーセット,2024,2024-02-23,23000,965,Other,Low,7,1,2,4
MC Gui,2024,2024-02-25,23000,966,Other,Low,6,2,2,6
モクシチマルバツブ,2024,2024-03-07,23000,967,Other,Low,9,1,3,3
IniHasil DipilihRakyat,2024,2024-03-13,23000,968,Other,Low,22,2,3,2
02Unggul1Ptran,2024,2024-03-13,23000,969,Other,Low,14,1,3,2
Kenny Pickett,2024,2024-03-16,23000,970,Other,Low,13,2,3,5
Jemerson,2024,2024-03-31,23000,971,Other,Low,8,1,3,6
ジョイフル,2024,2024-04-03,23000,972,Other,Low,5,1,4,2
FORABIA,2024,2024-04-10,23000,973,Other,Low,7,1,4,2
SPELL MV IS RIGHT HERE,2024,2024-05-16,23000,974,Other,Low,22,5,5,3
WelcomeYugyeomToThailand,2024,2024-05-17,23000,975,Politics,Low,24,1,5,4
Norita,2024,2024-05-30,23000,976,Other,Low,6,1,5,3
KohLanta,2024,2024-06-04,23000,977,Other,Low,8,1,6,1
James Rodríguez,2024,2024-06-25,23000,978,Other,Low,15,2,6,1
الاردن,2024,2024-06-27,23000,979,Other,Low,6,1,6,3
オールスター,2024,2024-07-02,23000,980,Other,Low,6,1,7,1
The33rdSMAxZeeNuNew,2024,2024-01-02,22000,981,Other,Low,19,1,1,1
篠山紀信さん,2024,2024-01-05,22000,982,Other,Low,6,1,1,4
GHDúoGala3,2024,2024-01-26,22000,983,Other,Low,10,1,1,4
menezes,2024,2024-01-31,22000,984,Other,Low,7,1,1,2
ゼウスシルエット,2024,2024-02-08,22000,985,Other,Low,8,1,2,3
JUSTIN Our BELLEntine,2024,2024-02-17,22000,986,Other,Low,21,3,2,5
NBAAllStar2024,2024,2024-02-19,22000,987,Sports,Low,14,1,2,0
02Santai AdemAyem,2024,2024-02-27,22000,988,Holiday,Low,17,2,2,1
Licha,2024,2024-03-19,22000,989,Other,Low,5,1,3,1
Anthony Edwards,2024,2024-04-20,22000,990,Politics,Low,15,2,4,5
じさんじ学校分け診断,2024,2024-04-22,22000,991,Other,Low,10,1,4,0
初星学園オープンキャンパス,2024,2024-04-28,22000,992,Other,Low,13,1,4,6
RiyadhSeason,2024,2024-05-18,22000,993,Entertainment,Low,12,1,5,5
アンチヒーロー,2024,2024-06-09,22000,994,Other,Low,7,1,6,6
MusicianLISAisBACK,2024,2024-06-28,22000,995,Politics,Low,18,1,6,4
eyeloveyou,2024,2024-01-23,21000,996,Other,Low,10,1,1,1
TimnasDay,2024,2024-01-28,21000,997,Other,Low,9,1,1,6
Thiaguinho,2024,2024-02-03,21000,998,Other,Low,10,1,2,5
KAAN,2024,2024-02-21,21000,999,Other,Low,4,1,2,2
髙橋海人誕生祭2024,2024,2024-04-02,21000,1000,Other,Low,11,1,4,1
Snoop,2024,2024-04-20,21000,1001,Other,Low,5,1,4,5
Tobias Harris,2024,2024-05-03,21000,1002,Politics,Low,13,2,5,4
作者の性別,2024,2024-05-09,21000,1003,Other,Low,5,1,5,3
Cádiz,2024,2024-05-15,21000,1004,Other,Low,5,1,5,2
THE WAY I LOVED YOU,2024,2024-05-24,21000,1005,Other,Low,19,5,5,4
Farage,2024,2024-06-03,21000,1006,Other,Low,6,1,6,0
インリン,2024,2024-06-06,21000,1007,Other,Low,4,1,6,3
GSvKNY,2024,2024-01-07,20000,1008,Other,Low,6,1,1,6
あなたを龍に例えると,2024,2024-01-10,20000,1009,Other,Low,10,1,1,2
Haas,2024,2024-01-10,20000,1010,Other,Low,4,1,1,2
UğurMumcu,2024,2024-01-24,20000,1011,Other,Low,9,1,1,2
PoonamPandey,2024,2024-02-02,20000,1012,Other,Low,12,1,2,4
BWリメイク,2024,2024-02-04,20000,1013,Other,Low,6,1,2,6
スタッドレス,2024,2024-02-05,20000,1014,Other,Low,6,1,2,0
قطر_ايران,2024,2024-02-07,20000,1015,Politics,Low,9,1,2,2
F1Testing,2024,2024-02-21,20000,1016,Other,Low,9,1,2,2
ALNvGS,2024,2024-04-16,20000,1017,Other,Low,6,1,4,1
長谷部引退,2024,2024-04-17,20000,1018,Other,Low,5,1,4,2
Borja,2024,2024-05-15,20000,1019,Other,Low,5,1,5,2
RIP Rob,2024,2024-06-02,20000,1020,Social,Low,7,2,6,6
VISIPrabowo MAJUKANbangsa,2024,2024-06-10,20000,1021,Sports,Low,25,2,6,0
LebihKOMPAK LebihSERU,2024,2024-06-10,20000,1022,Other,Low,21,2,6,0
櫻坂46_IN_TOKYO_DOME,2024,2024-06-15,20000,1023,Other,Low,18,1,6,5
MasterChefCelebrity,2024,2024-06-24,20000,1024,Entertainment,Low,19,1,6,0
エーステ,2024,2024-07-02,20000,1025,Other,Low,4,1,7,1
CIVNGA,2024,2024-01-18,19000,1026,Other,Low,6,1,1,3
NINGNINGxVERSACE,2024,2024-02-08,19000,1027,Other,Low,16,1,2,3
DMDLANDINJAPAN,2024,2024-02-21,19000,1028,Other,Low,14,1,2,2
デジタルハリウッド大学,2024,2024-02-27,19000,1029,Other,Low,11,1,2,1
كانتي,2024,2024-06-21,19000,1030,Other,Low,5,1,6,4
LLEGA LO QUE NO VES DE MI,2024,2024-03-29,19000,1031,Other,Low,25,7,3,4
Woop,2024,2024-04-03,19000,1032,Other,Low,4,1,4,2
メンディー,2024,2024-04-30,19000,1033,Other,Low,5,1,4,1
メンさん,2024,2024-04-30,19000,1034,Other,Low,4,1,4,1
يوم_Iلجمعه,2024,2024-05-17,19000,1035,Other,Low,10,1,5,4
BorsadaVergiyeHayır,2024,2024-06-04,19000,1036,Other,Low,19,1,6,1
SVFinal,2024,2024-06-18,19000,1037,Other,Low,7,1,6,1
ラウール誕生祭2024,2024,2024-06-26,19000,1038,Other,Low,11,1,6,2
ぱしゃっつ,2024,2024-06-27,19000,1039,Other,Low,5,1,6,3
ENGSVK,2024,2024-06-30,19000,1040,Other,Low,6,1,6,6
ゼンゼロ,2024,2024-07-02,19000,1041,Other,Low,4,1,7,1
劇団四季,2024,2024-01-24,18000,1042,Other,Low,4,1,1,2
ジョジョミュ,2024,2024-02-08,18000,1043,Other,Low,6,1,2,3
GHDúoGala5,2024,2024-02-09,18000,1044,Other,Low,10,1,2,4
Edey,2024,2024-04-09,18000,1045,Other,Low,4,1,4,1
njriot,2024,2024-04-13,18000,1046,Other,Low,6,1,4,5
Tama Tonga,2024,2024-04-13,18000,1047,Other,Low,10,2,4,5
Vargas,2024,2024-04-28,18000,1048,Other,Low,6,1,4,6
Amad,2024,2024-05-15,18000,1049,Other,Low,4,1,5,2
Defante,2024,2024-05-31,18000,1050,Other,Low,7,1,5,4
キンキーブーツ,2024,2024-06-21,18000,1051,Other,Low,7,1,6,4
ネット上,2024,2024-01-10,17000,1052,Other,Low,4,1,1,2
SoarSuperEagles,2024,2024-01-18,17000,1053,Sports,Low,15,1,1,3
ありがとうシノアリス,2024,2024-01-24,17000,1054,Other,Low,10,1,1,2
ヤン坊マー坊,2024,2024-01-30,17000,1055,Other,Low,6,1,1,1
不要不急の外出,2024,2024-02-04,17000,1056,Other,Low,7,1,2,6
Ozzy,2024,2024-02-10,17000,1057,Entertainment,Low,4,1,2,5
シャンフロ,2024,2024-02-11,17000,1058,Other,Low,5,1,2,6
FeyzaAltunYalnızDeğildir,2024,2024-02-19,17000,1059,Other,Low,24,1,2,0
Berkan,2024,2024-02-22,17000,1060,Other,Low,6,1,2,3
DocNelleTueMani3,2024,2024-02-22,17000,1061,Other,Low,16,1,2,3
Daronco,2024,2024-02-26,17000,1062,Other,Low,7,1,2,0
みんなを生きるな自分を生きよう,2024,2024-02-27,17000,1063,Other,Low,15,1,2,1
BatePapoBBB,2024,2024-02-28,17000,1064,Other,Low,11,1,2,2
14MartTıpBayramı,2024,2024-03-14,17000,1065,Other,Low,16,1,3,3
النقل_الخارجي_لعقود44,2024,2024-03-18,17000,1066,Other,Low,21,1,3,0
PSLFinal,2024,2024-03-18,17000,1067,Other,Low,8,1,3,0
Aぇヤンタン,2024,2024-04-17,17000,1068,Other,Low,6,1,4,2
Booker,2024,2024-04-20,17000,1069,Other,Low,6,1,4,5
Mile1stSoloConcert,2024,2024-04-25,17000,1070,Entertainment,Low,18,1,4,3
ミンヒジン,2024,2024-04-25,17000,1071,Other,Low,5,1,4,3
BF_Masterplan,2024,2024-05-06,17000,1072,Other,Low,13,1,5,0
Antero,2024,2024-05-16,17000,1073,Other,Low,6,1,5,3
재난문자,2024,2024-05-28,17000,1074,Other,Low,4,1,5,1
突破ファイル,2024,2024-06-13,17000,1075,Other,Low,6,1,6,3
三輪勝恵さん,2024,2024-07-01,17000,1076,Other,Low,6,1,7,0
フォーライ,2024,2024-07-02,17000,1077,Other,Low,5,1,7,1
総合優勝,2024,2024-01-03,16000,1078,Other,Low,4,1,1,2
Dorival,2024,2024-01-05,16000,1079,Other,Low,7,1,1,4
ブルアカすとーりー,2024,2024-01-20,16000,1080,Other,Low,9,1,1,5
Raheem Morris,2024,2024-01-26,16000,1081,Other,Low,13,2,1,4
照ノ富士,2024,2024-01-28,16000,1082,Other,Low,4,1,1,6
尾丸ポルカ生誕祭2024,2024,2024-01-30,16000,1083,Other,Low,12,1,1,1
MGO_LIVE,2024,2024-02-20,16000,1084,Other,Low,8,1,2,1
WithYouth_Now,2024,2024-02-23,16000,1085,Other,Low,13,1,2,4
WorldBookDay,2024,2024-03-07,16000,1086,Other,Low,12,1,3,3
$PENG,2024,2024-03-08,16000,1087,Other,Low,5,1,3,4
徹子の部屋,2024,2024-03-22,16000,1088,Other,Low,5,1,3,4
Crystal Palace,2024,2024-04-06,16000,1089,Other,Low,14,2,4,5
DragRace,2024,2024-04-13,16000,1090,Other,Low,8,1,4,5
FBvOLY,2024,2024-04-19,16000,1091,Other,Low,6,1,4,4
Josh Hart,2024,2024-04-21,16000,1092,Other,Low,9,2,4,6
Kolo Muani,2024,2024-05-01,16000,1093,Other,Low,10,2,5,2
ファンパレハーフアニバーサリー,2024,2024-05-21,16000,1094,Other,Low,15,1,5,1
素のまんま,2024,2024-05-30,16000,1095,Other,Low,5,1,5,3
PRABOWOingin RAKYATmakmur,2024,2024-06-07,16000,1096,Other,Low,25,2,6,4
ブルーインパルス,2024,2024-06-08,16000,1097,Other,Low,8,1,6,5
Françoise Hardy,2024,2024-06-12,16000,1098,Other,Low,15,2,6,2
ひたちなか,2024,2024-06-24,16000,1099,Other,Low,5,1,6,0
推し福袋,2024,2024-01-02,15000,1100,Other,Low,4,1,1,1
Ceballos,2024,2024-01-06,15000,1101,Other,Low,8,1,1,5
CJ Stroud,2024,2024-01-07,15000,1102,Other,Low,9,2,1,6
立ち往生,2024,2024-01-24,15000,1103,Other,Low,4,1,1,2
Draymond,2024,2024-04-10,15000,1104,Other,Low,8,1,4,2
プラダリア,2024,2024-02-11,15000,1105,Other,Low,5,1,2,6
OneSpark_OutNow,2024,2024-02-23,15000,1106,Other,Low,15,1,2,4
Draya,2024,2024-03-09,15000,1107,Other,Low,5,1,3,5
Dani Alves,2024,2024-03-10,15000,1108,Other,Low,10,2,3,6
EFFACLARxZeePruk,2024,2024-04-04,15000,1109,Other,Low,16,1,4,3
梅ちゃん,2024,2024-04-04,15000,1110,Other,Low,4,1,4,3
ブーイング,2024,2024-04-12,15000,1111,Other,Low,5,1,4,4
Kawhi,2024,2024-04-27,15000,1112,Other,Low,5,1,4,5
LokSabhaElctions2024,2024,2024-05-20,15000,1113,Other,Low,20,1,5,0
$bull,2024,2024-05-22,15000,1114,Other,Low,5,1,5,2
SalingJAGA SalingBANTU,2024,2024-06-07,15000,1115,Other,Low,22,2,6,4
Patrick Make Sachets🪻,2024,2024-06-10,15000,1116,Other,Low,21,3,6,0
Kuldeep,2024,2024-06-27,15000,1117,Other,Low,7,1,6,3
Harriet,2024,2024-06-28,15000,1118,Other,Low,7,1,6,4
ダークウェブ,2024,2024-07-02,15000,1119,Other,Low,6,1,7,1
地震の次,2024,2024-01-02,14000,1120,Other,Low,4,1,1,1
BeterbievSmith,2024,2024-01-14,14000,1121,Other,Low,14,1,1,6
bbcqt,2024,2024-01-26,14000,1122,Other,Low,5,1,1,4
結束バンド,2024,2024-02-07,14000,1123,Other,Low,5,1,2,2
Léo Pereira,2024,2024-03-02,14000,1124,Other,Low,11,2,3,5
東北新幹線,2024,2024-03-06,14000,1125,Other,Low,5,1,3,2
さよならマエストロ,2024,2024-03-17,14000,1126,Other,Low,9,1,3,6
TheBachelor,2024,2024-03-19,14000,1127,Other,Low,11,1,3,1
بنزيما,2024,2024-03-30,14000,1128,Other,Low,6,1,3,5
Benfica,2024,2024-03-30,14000,1129,Other,Low,7,1,3,5
المداح_اسطوره_العوده,2024,2024-04-01,14000,1130,Other,Low,20,1,4,0
世界頂グルメ,2024,2024-04-17,14000,1131,Other,Low,6,1,4,2
あなたのタイプ,2024,2024-04-22,14000,1132,Other,Low,7,1,4,0
ペンネーム,2024,2024-04-26,14000,1133,Other,Low,5,1,4,4
Masterplan_BF_10M,2024,2024-04-28,14000,1134,Other,Low,17,1,4,6
モニタリング,2024,2024-05-02,14000,1135,Other,Low,6,1,5,3
Kdot,2024,2024-05-04,14000,1136,Other,Low,4,1,5,5
Fausto Vera,2024,2024-05-15,14000,1137,Other,Low,11,2,5,2
Canucks,2024,2024-05-21,14000,1138,Other,Low,7,1,5,1
كوريا,2024,2024-06-27,14000,1139,Other,Low,5,1,6,3
さんま御殿,2024,2024-07-02,14000,1140,Other,Low,5,1,7,1
ปาฏิหาริย์รักร้อยปี,2024,2024-07-02,14000,1141,Other,Low,19,1,7,1
njnbg,2024,2024-01-20,13000,1142,Other,Low,5,1,1,5
ブルスカ,2024,2024-02-07,13000,1143,Other,Low,4,1,2,2
しょぴインライ,2024,2024-02-19,13000,1144,Other,Low,7,1,2,0
ティフォン,2024,2024-02-27,13000,1145,Other,Low,5,1,2,1
チリちゃん,2024,2024-03-23,13000,1146,Other,Low,5,1,3,5
アオキさん,2024,2024-03-23,13000,1147,Other,Low,5,1,3,5
لنعلم_ضيوف_الرحمن_القران_بمكه,2024,2024-04-08,13000,1148,Other,Low,29,1,4,0
هلال_شوال,2024,2024-04-08,13000,1149,Other,Low,9,1,4,0
Donnarumma,2024,2024-04-11,13000,1150,Other,Low,10,1,4,3
史上最高の領地設計士,2024,2024-04-20,13000,1151,Other,Low,10,1,4,5
Buon 25,2024,2024-04-25,13000,1152,Other,Low,7,2,4,3
Rodri,2024,2024-05-09,13000,1153,Other,Low,5,1,5,3
キンプリ会社はじめました,2024,2024-05-23,13000,1154,Other,Low,12,1,5,3
オーストラリア,2024,2024-06-27,13000,1155,Other,Low,7,1,6,3
T20IWorldCup,2024,2024-06-27,13000,1156,Sports,Low,12,1,6,3
ラジエル,2024,2024-06-30,13000,1157,Other,Low,4,1,6,6
Pulisic,2024,2024-07-02,13000,1158,Other,Low,7,1,7,1
$HOPPY,2024,2024-07-02,13000,1159,Other,Low,6,1,7,1
バビット,2024,2024-02-11,12000,1160,Other,Low,4,1,2,6
ドッキリGP,2024,2024-02-17,12000,1161,Other,Low,6,1,2,5
UFCVegas87,2024,2024-03-02,12000,1162,Sports,Low,10,1,3,5
CTCF,2024,2024-03-03,12000,1163,Other,Low,4,1,3,6
$ZKHIVE,2024,2024-03-06,12000,1164,Other,Low,7,1,3,2
الحمله_الوطنيه_للعمل_الخيري,2024,2024-03-16,12000,1165,Other,Low,27,1,3,5
$CRONK,2024,2024-03-18,12000,1166,Other,Low,6,1,3,0
Veiga,2024,2024-03-31,12000,1167,Other,Low,5,1,3,6
승민_네번째OST도_잘부탁해,2024,2024-04-09,12000,1168,Other,Low,15,1,4,1
TheMidnightStudio_OST_Destiny,2024,2024-04-09,12000,1169,Other,Low,29,1,4,1
SEUNGMIN 4TH OST DESTINY,2024,2024-04-09,12000,1170,Other,Low,24,4,4,1
マイナ保険証,2024,2024-04-09,12000,1171,Other,Low,6,1,4,1
ルートビア,2024,2024-04-12,12000,1172,Other,Low,5,1,4,4
Marner,2024,2024-04-28,12000,1173,Other,Low,6,1,4,6
びりーぶ,2024,2024-05-02,12000,1174,Other,Low,4,1,5,3
プレバト,2024,2024-05-09,12000,1175,Other,Low,4,1,5,3
人生最高レストラン,2024,2024-05-11,12000,1176,Other,Low,9,1,5,5
MAZZEL,2024,2024-05-14,12000,1177,Other,Low,6,1,5,1
GUILTY AS SIN,2024,2024-05-18,12000,1178,Politics,Low,13,3,5,5
海ちゃん,2024,2024-05-29,12000,1179,Other,Low,4,1,5,2
Eastern Cape,2024,2024-05-30,12000,1180,Holiday,Low,12,2,5,3
IN2IT WITH POOHPAVEL,2024,2024-06-15,12000,1181,Other,Low,20,3,6,5
NationalDoctorsDay,2024,2024-07-01,12000,1182,Other,Low,18,1,7,0
Hathras,2024,2024-07-02,12000,1183,Other,Low,7,1,7,1
エメロード姫,2024,2024-07-02,12000,1184,Other,Low,6,1,7,1
日本航空の機体,2024,2024-01-02,11000,1185,Other,Low,7,1,1,1
谷口さん,2024,2024-01-03,11000,1186,Other,Low,4,1,1,2
Wellgotogether,2024,2024-01-22,11000,1187,Other,Low,14,1,1,0
タクトオーパス,2024,2024-02-08,11000,1188,Other,Low,7,1,2,3
COAC2024Final,2024,2024-02-10,11000,1189,Other,Low,13,1,2,5
Caicedo,2024,2024-02-12,11000,1190,Other,Low,7,1,2,0
君が心をくれたから,2024,2024-02-19,11000,1191,Other,Low,9,1,2,0
仰天ニュース,2024,2024-02-20,11000,1192,Other,Low,6,1,2,1
EliminationChamber,2024,2024-02-24,11000,1193,Other,Low,18,1,2,5
SiPalingJuruSlamat,2024,2024-03-15,11000,1194,Other,Low,18,1,3,4
TolakSi PemecahBelah,2024,2024-03-15,11000,1195,Other,Low,20,2,3,4
新宿アルタ,2024,2024-03-22,11000,1196,Other,Low,5,1,3,4
Amorim,2024,2024-03-29,11000,1197,Other,Low,6,1,3,4
فيصل_ابورميه_المطيري_58,2024,2024-05-05,11000,1198,Other,Low,23,1,5,6
ポケモンタイプ診断,2024,2024-05-08,11000,1199,Other,Low,9,1,5,2
太陽フレアのせい,2024,2024-05-11,11000,1200,Other,Low,8,1,5,5
櫻坂46_承認欲求,2024,2024-05-13,11000,1201,Other,Low,9,1,5,0
あなたを犬の種類で例えると診断,2024,2024-05-13,11000,1202,Other,Low,15,1,5,0
ZonaDeRisco,2024,2024-05-15,11000,1203,Other,Low,11,1,5,2
松本潤,2024,2024-05-16,11000,1204,Other,Low,3,1,5,3
ゴンチャの新作,2024,2024-05-21,11000,1205,Other,Low,7,1,5,1
新庄監督,2024,2024-05-29,11000,1206,Other,Low,4,1,5,2
ラップメドレー,2024,2024-07-02,11000,1207,Other,Low,7,1,7,1
夏の連隊戦,2024,2024-07-02,11000,1208,Other,Low,5,1,7,1
うたプリ,2024,2024-07-02,11000,1209,Other,Low,4,1,7,1
AylaAlgan,2024,2024-01-04,10000,1210,Other,Low,9,1,1,3
櫻坂46_五月雨よ,2024,2024-01-10,10000,1211,Other,Low,9,1,1,2
ActorJustin PrimetimeDebut,2024,2024-01-10,10000,1212,Entertainment,Low,26,2,1,2
サムレム,2024,2024-01-13,10000,1213,Other,Low,4,1,1,5
アークナイツ4周年SP,2024,2024-01-13,10000,1214,Other,Low,11,1,1,5
リスニング,2024,2024-01-13,10000,1215,Other,Low,5,1,1,5
勇者レック登場,2024,2024-01-14,10000,1216,Other,Low,7,1,1,6
マツコの知らない世界,2024,2024-01-16,10000,1217,Other,Low,10,1,1,1
SOTA_HBD_23rd,2024,2024-01-17,10000,1218,Other,Low,13,1,1,2
Renascer,2024,2024-01-23,10000,1219,Other,Low,8,1,1,1
MRGWIN,2024,2024-02-04,10000,1220,Other,Low,6,1,2,6
CRYCHE,2024,2024-02-12,10000,1221,Other,Low,6,1,2,0
SupremeCourtofIndia,2024,2024-02-15,10000,1222,Other,Low,19,1,2,3
ASUSZenbookDUO,2024,2024-03-07,10000,1223,Other,Low,14,1,3,3
Amine,2024,2024-03-18,10000,1224,Other,Low,5,1,3,0
خطط_سفرتك_تطبيق_مصرف_الراجحي,2024,2024-04-07,10000,1225,Other,Low,28,1,4,6
Ziyech,2024,2024-04-16,10000,1226,Other,Low,6,1,4,1
Paul Auster,2024,2024-05-01,10000,1227,Other,Low,11,2,5,2
EuropeDay,2024,2024-05-09,10000,1228,Other,Low,9,1,5,3
クソマロ,2024,2024-05-09,10000,1229,Other,Low,4,1,5,3
Fabra,2024,2024-05-13,10000,1230,Other,Low,5,1,5,0
Ana Cristina,2024,2024-05-15,10000,1231,Other,Low,12,2,5,2
TierraDeNadie11,2024,2024-05-21,10000,1232,Other,Low,15,1,5,1
詩子おねえさん,2024,2024-05-23,10000,1233,Other,Low,7,1,5,3
新シナリオ,2024,2024-05-28,10000,1234,Other,Low,5,1,5,1
Fethi'nin 571,2024,2024-05-29,10000,1235,Other,Low,13,2,5,2
ドリアイ,2024,2024-05-30,10000,1236,Other,Low,4,1,5,3
400Paar,2024,2024-06-04,10000,1237,Other,Low,7,1,6,1
クマローラー,2024,2024-06-08,10000,1238,Other,Low,6,1,6,5
٤٧_عام_متزوج,2024,2024-06-13,10000,1239,Other,Low,12,1,6,3
ENGSLO,2024,2024-06-25,10000,1240,Other,Low,6,1,6,1
Trump,2023,2023-04-05,3997000,1,Politics,High,5,1,4,2
Israel,2023,2023-10-08,3919000,2,Politics,High,6,1,10,6
VMAs,2023,2023-09-13,3840000,3,Other,High,4,1,9,2
Christmas,2023,2023-12-25,3794000,4,Holiday,High,9,1,12,0
เลือกตั้ง66,2023,2023-05-14,3772000,5,Other,High,11,1,5,6
deprem,2023,2023-02-06,3376000,6,Other,High,6,1,2,0
jungkook,2023,2023-07-14,3260000,7,Other,High,8,1,7,4
Hamas,2023,2023-10-10,3150000,8,Other,High,5,1,10,1
MetGala,2023,2023-05-02,2985000,9,Other,High,7,1,5,1
Titanic,2023,2023-06-23,2946000,10,Other,High,7,1,6,4
Wagner,2023,2023-06-24,2805000,11,Other,High,6,1,6,5
Halloween,2023,2023-10-31,2773000,12,Holiday,High,9,1,10,1
バレンタイン,2023,2023-02-14,2700000,13,Holiday,High,6,1,2,1
Threads,2023,2023-07-06,2651000,14,Other,High,7,1,7,3
Happy New Year,2023,2023-12-31,2472000,15,Holiday,High,14,3,12,6
Oscars,2023,2023-03-13,2370000,16,Entertainment,High,6,1,3,0
Merry Christmas,2023,2023-12-25,2348000,17,Holiday,High,15,2,12,0
Thanksgiving,2023,2023-11-23,2280000,18,Holiday,High,12,1,11,3
Putin,2023,2023-06-24,2218000,19,Politics,High,5,1,6,5
Russia,2023,2023-06-24,2213000,20,Politics,High,6,1,6,5
クリスマス,2023,2023-12-24,2150000,21,Holiday,High,5,1,12,6
ハロウィン,2023,2023-10-31,2044000,22,Other,High,5,1,10,1
spotify,2023,2023-11-29,2001000,23,Entertainment,High,7,1,11,2
Gaza,2023,2023-10-08,1978000,24,Politics,High,4,1,10,6
Ahbap,2023,2023-02-10,1960000,25,Other,High,5,1,2,4
Shakira,2023,2023-01-12,1869000,26,Other,High,7,1,1,3
Messi,2023,2023-10-31,1835000,27,Sports,High,5,1,10,1
Father's Day,2023,2023-06-18,1808000,28,Holiday,High,12,2,6,6
Happy Easter,2023,2023-04-09,1702000,29,Holiday,High,12,2,4,6
Tucker,2023,2023-04-25,1657000,30,Other,High,6,1,4,1
Mchoice2023,2023,2023-09-16,1563000,31,Other,High,11,1,9,5
音楽の日,2023,2023-07-15,1449000,32,Other,High,4,1,7,5
Palestine,2023,2023-10-08,1439000,33,Politics,High,9,1,10,6
Eurovision2023,2023,2023-05-14,1397000,34,Other,High,14,1,5,6
Friends,2023,2023-10-29,1385000,35,Other,High,7,1,10,6
Barbie,2023,2023-04-05,1368000,36,Entertainment,High,6,1,4,2
الهلال,2023,2023-02-08,1350000,37,Sports,High,6,1,2,2
JUNGKOOK,2023,2023-09-13,1348000,38,Other,High,8,1,9,2
Madrid,2023,2023-05-18,1346000,39,Sports,High,6,1,5,3
EXO_CreamSoda,2023,2023-07-10,1297000,40,Other,High,13,1,7,0
Taylor,2023,2023-09-13,1271000,41,Entertainment,High,6,1,9,2
Valentine's Day,2023,2023-02-14,1269000,42,Holiday,High,15,2,2,1
The Best,2023,2023-02-27,1253000,43,Other,High,8,2,2,0
EXO_EXIST,2023,2023-07-10,1246000,44,Other,High,9,1,7,0
Iran,2023,2023-10-08,1244000,45,Politics,High,4,1,10,6
BTS10thAnniversary,2023,2023-06-13,1238000,46,Entertainment,High,18,1,6,1
Champions,2023,2023-06-10,1235000,47,Other,High,9,1,6,5
Elon,2023,2023-07-01,1231000,48,Politics,High,4,1,7,5
ValentinesDay,2023,2023-02-14,1225000,49,Holiday,High,13,1,2,1
Supreme Court,2023,2023-06-30,1224000,50,Other,High,13,2,6,4
Apple,2023,2023-06-06,1222000,51,Technology,High,5,1,6,1
Milei,2023,2023-10-23,1210000,52,Politics,High,5,1,10,0
Massa,2023,2023-11-13,1209000,53,Other,High,5,1,11,0
Brasília,2023,2023-01-09,1180000,54,Other,High,8,1,1,0
Lazada1212THLive,2023,2023-12-12,1180000,55,Other,High,16,1,12,1
猫の日,2023,2023-02-22,1147000,56,Other,High,3,1,2,2
BallonDor,2023,2023-10-31,1141000,57,Sports,High,9,1,10,1
Black,2023,2023-04-14,1138000,58,Other,High,5,1,4,4
エイプリルフール,2023,2023-04-01,1126000,59,Holiday,High,8,1,4,5
taylor,2023,2023-11-19,1089000,60,Entertainment,High,6,1,11,6
Moscow,2023,2023-06-24,1079000,61,Other,High,6,1,6,5
dek66,2023,2023-05-20,1074000,62,Other,High,5,1,5,5
Pakistan,2023,2023-05-09,1072000,63,Politics,High,8,1,5,1
CeasefireNOW,2023,2023-10-28,1038000,64,Other,High,12,1,10,5
Jimin_FACE,2023,2023-03-24,1023000,65,Other,High,10,1,3,4
WWDC23,2023,2023-06-06,1011000,66,Other,High,6,1,6,1
นายกคนที่30,2023,2023-05-15,1009000,67,Other,High,11,1,5,0
Arsenal,2023,2023-01-22,983000,68,Sports,Medium,7,1,1,6
BLACKPINKxCoachella,2023,2023-04-23,973000,69,Entertainment,Medium,19,1,4,6
Feliz Navidad,2023,2023-12-25,968000,70,Other,Medium,13,2,12,0
ZionistCensorship,2023,2023-11-19,949000,71,Politics,Medium,17,1,11,6
Matthew Perry,2023,2023-10-29,946000,72,Other,Medium,13,2,10,6
on_the_street,2023,2023-03-03,939000,73,Other,Medium,13,1,3,4
Tennessee,2023,2023-04-07,939000,74,Other,Medium,9,1,4,4
BamBamAREA52inseoul,2023,2023-09-16,935000,75,Other,Medium,19,1,9,5
Argentina,2023,2023-10-23,922000,76,Other,Medium,9,1,10,0
Happy 4th,2023,2023-07-05,916000,77,Other,Medium,9,2,7,2
hatayyardimbekliyor,2023,2023-02-07,908000,78,Other,Medium,19,1,2,1
يوم_التاسيس,2023,2023-02-22,902000,79,Other,Medium,11,1,2,2
SUGA,2023,2023-04-07,898000,80,Other,Medium,4,1,4,4
อิงฟ้ามาหานะเธอEP5,2023,2023-06-25,890000,81,Other,Medium,18,1,6,6
Lebron,2023,2023-02-08,881000,82,Sports,Medium,6,1,2,2
789SURVIVALTHEFINAL,2023,2023-08-11,878000,83,Other,Medium,19,1,8,4
McCarthy,2023,2023-10-04,855000,84,Other,Medium,8,1,10,2
UCLfinal,2023,2023-06-10,853000,85,Other,Medium,8,1,6,5
ENGLOTxRapidLife,2023,2023-02-09,848000,86,Other,Medium,16,1,2,3
BBB23,2023,2023-01-24,841000,87,Other,Medium,5,1,1,1
كاس العالم,2023,2023-02-08,829000,88,Other,Medium,10,2,2,2
Spotify,2023,2023-01-14,827000,89,Entertainment,Medium,7,1,1,5
ImranKhan,2023,2023-05-09,785000,90,Other,Medium,9,1,5,1
ホワイトデー,2023,2023-03-14,778000,91,Entertainment,Medium,6,1,3,1
WrestleMania,2023,2023-04-03,776000,92,Sports,Medium,12,1,4,0
April Fools,2023,2023-04-01,773000,93,Holiday,Medium,11,2,4,5
OurSkyyxMySchoolPresidentEP1,2023,2023-05-17,730000,94,Politics,Medium,28,1,5,2
hobi,2023,2023-04-18,729000,95,Other,Medium,4,1,4,1
Speaker,2023,2023-10-04,726000,96,Other,Medium,7,1,10,2
PINKCHELLA,2023,2023-04-23,721000,97,Other,Medium,10,1,4,6
Flamengo,2023,2023-02-08,720000,98,Other,Medium,8,1,2,2
ひろがるホロライブDAY2,2023,2023-03-19,718000,99,Other,Medium,13,1,3,6
Sanremo2023,2023,2023-02-08,708000,100,Other,Medium,11,1,2,2
jisoo,2023,2023-03-31,708000,101,Other,Medium,5,1,3,4
Sinan Oğan,2023,2023-05-22,695000,102,Other,Medium,10,2,5,0
Marcos,2023,2023-03-28,685000,103,Other,Medium,6,1,3,1
Liverpool,2023,2023-02-22,681000,104,Sports,Medium,9,1,2,2
Colorado,2023,2023-12-20,667000,105,Other,Medium,8,1,12,2
China,2023,2023-02-04,663000,106,Politics,Medium,5,1,2,5
ZEROBASEONE,2023,2023-07-10,651000,107,Other,Medium,11,1,7,0
日本優勝,2023,2023-03-22,650000,108,Other,Medium,4,1,3,2
Bharat,2023,2023-09-05,650000,109,Other,Medium,6,1,9,1
BLACKPINKatCoachella,2023,2023-04-16,637000,110,Entertainment,Medium,20,1,4,6
MissUniverse2022,2023,2023-01-15,630000,111,Other,Medium,16,1,1,6
Hunter Biden,2023,2023-06-20,614000,112,Politics,Medium,12,2,6,1
Georgia,2023,2023-08-15,613000,113,Other,Medium,7,1,8,1
侍ジャパン,2023,2023-03-21,611000,114,Other,Medium,5,1,3,1
THE SHOW,2023,2023-02-15,609000,115,Other,Medium,8,2,2,2
Drake,2023,2023-10-07,606000,116,Entertainment,Medium,5,1,10,5
INDvsAUS,2023,2023-11-19,603000,117,Other,Medium,8,1,11,6
LISAXCELINE,2023,2023-12-19,603000,118,Other,Medium,11,1,12,1
Fury,2023,2023-10-29,602000,119,Other,Medium,4,1,10,6
HappyHalloween,2023,2023-10-31,594000,120,Holiday,Medium,14,1,10,1
iHeartAwards,2023,2023-01-11,592000,121,Politics,Medium,12,1,1,2
Lakers,2023,2023-05-13,587000,122,Sports,Medium,6,1,5,5
อิงล็อตxCEOแป้งวิงค์ไวท์,2023,2023-02-07,585000,123,Other,Medium,24,1,2,1
LISAatCelineBKK,2023,2023-12-19,584000,124,Other,Medium,15,1,12,1
WBC,2023,2023-03-21,582000,125,Other,Medium,3,1,3,1
トラウト,2023,2023-03-22,581000,126,Other,Medium,4,1,3,2
Domitila,2023,2023-04-19,569000,127,Other,Medium,8,1,4,2
Happy Thanksgiving,2023,2023-11-23,568000,128,Holiday,Medium,18,2,11,3
PIG2,2023,2023-07-09,559000,129,Other,Medium,4,1,7,6
Prigozhin,2023,2023-08-23,553000,130,Other,Medium,9,1,8,2
หมอนอิง1stSingleByNuNew,2023,2023-07-06,550000,131,Other,Medium,23,1,7,3
Chandler,2023,2023-10-29,547000,132,Other,Medium,8,1,10,6
9ent2023xfreenbecky,2023,2023-05-25,544000,133,Entertainment,Medium,19,1,5,3
jennie,2023,2023-05-18,535000,134,Entertainment,Medium,6,1,5,3
Sánchez,2023,2023-07-10,529000,135,Other,Medium,7,1,7,0
Dortmund,2023,2023-05-27,528000,136,Other,Medium,8,1,5,5
Namjoon,2023,2023-06-01,528000,137,Other,Medium,7,1,6,3
Durham,2023,2023-05-16,523000,138,Other,Medium,6,1,5,1
Benzema,2023,2023-06-04,514000,139,Other,Medium,7,1,6,6
Eurovision,2023,2023-05-13,514000,140,Other,Medium,10,1,5,5
GRAMMYs,2023,2023-02-06,513000,141,Entertainment,Medium,7,1,2,0
الهلال_ريال_مدريد,2023,2023-02-12,509000,142,Politics,Medium,17,1,2,6
Canada,2023,2023-06-07,508000,143,Politics,Medium,6,1,6,2
Fernando Villavicencio,2023,2023-08-10,499000,144,Other,Medium,22,2,8,3
TGAT,2023,2023-01-07,498000,145,Other,Medium,4,1,1,5
Garcia,2023,2023-04-23,498000,146,Politics,Medium,6,1,4,6
St. Patrick,2023,2023-03-17,495000,147,Other,Medium,11,2,3,4
ซีเซียม137,2023,2023-03-20,493000,148,Other,Medium,10,1,3,0
いい推しの日,2023,2023-11-04,493000,149,Other,Medium,6,1,11,5
恵方巻き,2023,2023-02-03,492000,150,Other,Medium,4,1,2,4
LadyJisooxDiorCoutureSS23,2023,2023-01-23,491000,151,Other,Medium,25,1,1,0
Hilda,2023,2023-05-15,490000,152,Other,Medium,5,1,5,0
메리크리스마스,2023,2023-12-24,489000,153,Other,Medium,7,1,12,6
D_DAY,2023,2023-04-07,485000,154,Other,Medium,5,1,4,4
Wrestlemania,2023,2023-04-02,482000,155,Sports,Medium,12,1,4,6
CaraACaraAtresmedia,2023,2023-07-10,481000,156,Other,Medium,19,1,7,0
depremsondakika,2023,2023-02-09,478000,157,Other,Medium,15,1,2,3
SCOTUS,2023,2023-06-30,474000,158,Politics,Medium,6,1,6,4
JungKookOnFallon,2023,2023-11-07,469000,159,Other,Medium,16,1,11,1
الهلال_النصر,2023,2023-12-01,469000,160,Sports,Medium,12,1,12,4
Nashville,2023,2023-03-27,466000,161,Other,Medium,9,1,3,0
Grammy,2023,2023-11-10,465000,162,Entertainment,Medium,6,1,11,4
Henry Kissinger,2023,2023-11-30,465000,163,Entertainment,Medium,15,2,11,3
FML OFFICIAL PHOTO 1,2023,2023-04-11,462000,164,Politics,Medium,20,4,4,1
โหวตนายก,2023,2023-07-13,461000,165,Other,Medium,8,1,7,3
Vini,2023,2023-05-22,460000,166,Other,Medium,4,1,5,0
LikeCrazy,2023,2023-03-24,459000,167,Other,Medium,9,1,3,4
ประชุมสภา,2023,2023-07-04,455000,168,Other,Medium,9,1,7,1
UFC287,2023,2023-04-09,454000,169,Sports,Medium,6,1,4,6
WinkWhiteFactoryXCharlotte,2023,2023-06-25,453000,170,Entertainment,Medium,26,1,6,6
DentisteLoveLISA,2023,2023-01-09,450000,171,Other,Medium,16,1,1,0
RiyadhExpo2030,2023,2023-11-28,450000,172,Other,Medium,14,1,11,1
ジャニーズ,2023,2023-10-16,449000,173,Other,Medium,5,1,10,0
श्री राम,2023,2023-03-30,446000,174,Other,Medium,8,2,3,3
Venezuela,2023,2023-01-15,443000,175,Politics,Medium,9,1,1,6
フォロー中,2023,2023-07-15,442000,176,Other,Medium,5,1,7,5
OceanGate,2023,2023-06-22,440000,177,Other,Medium,9,1,6,3
Heat,2023,2023-05-30,438000,178,Other,Medium,4,1,5,1
Masksinger12xZeeNuNew,2023,2023-04-05,432000,179,Entertainment,Medium,21,1,4,2
Celtics,2023,2023-05-30,429000,180,Other,Medium,7,1,5,1
StrikeForGaza,2023,2023-12-11,426000,181,Politics,Medium,13,1,12,0
ShiningStarJISOODay,2023,2023-01-02,425000,182,Other,Medium,19,1,1,0
WBC決勝,2023,2023-03-22,424000,183,Other,Medium,5,1,3,2
LaVelada3,2023,2023-07-01,423000,184,Other,Medium,9,1,7,5
FNS歌謡祭,2023,2023-12-06,422000,185,Other,Medium,6,1,12,2
namjoon,2023,2023-05-05,419000,186,Other,Medium,7,1,5,4
UFC290,2023,2023-07-09,418000,187,Sports,Medium,6,1,7,6
Feliz Natal,2023,2023-12-25,415000,188,Other,Medium,11,2,12,0
간판올리고_문열어라_지수_생일이다,2023,2023-01-02,412000,189,Other,Medium,18,1,1,0
Nate,2023,2023-08-06,411000,190,Other,Medium,4,1,8,6
MissFrance2024,2023,2023-12-17,402000,191,Other,Medium,14,1,12,6
Brazil,2023,2023-01-09,400000,192,Other,Medium,6,1,1,0
Larissa Manoela,2023,2023-08-14,399000,193,Other,Medium,15,2,8,0
LISAConfidentsmile,2023,2023-01-09,395000,194,Other,Medium,18,1,1,0
Eagles,2023,2023-02-13,394000,195,Sports,Medium,6,1,2,0
Corinthians,2023,2023-08-17,393000,196,Other,Medium,11,1,8,3
大谷翔平,2023,2023-03-22,392000,197,Other,Medium,4,1,3,2
기다려왔잖니_쩨고의날_해찬생일,2023,2023-06-05,390000,198,Other,Medium,16,1,6,0
HAPPYJAEHYUNDAY,2023,2023-02-13,389000,199,Other,Medium,15,1,2,0
SuperBowl,2023,2023-02-13,386000,200,Sports,Medium,9,1,2,0
バニーの日,2023,2023-08-02,385000,201,Other,Medium,5,1,8,2
River,2023,2023-05-08,383000,202,Other,Medium,5,1,5,0
ひな祭り,2023,2023-03-03,382000,203,Other,Medium,4,1,3,4
Bray Wyatt,2023,2023-08-25,382000,204,Other,Medium,10,2,8,4
People_Pt2,2023,2023-04-07,380000,205,Other,Medium,10,1,4,4
SummerSlam,2023,2023-08-06,380000,206,Other,Medium,10,1,8,6
HappyBirthdayJungkook,2023,2023-08-31,374000,207,Other,Medium,21,1,8,3
VIBEftJimin,2023,2023-01-13,372000,208,Other,Medium,11,1,1,4
UCLdraw,2023,2023-08-31,371000,209,Other,Medium,7,1,8,3
水星の魔女,2023,2023-06-04,369000,210,Other,Medium,5,1,6,6
Warriors,2023,2023-05-13,365000,211,Politics,Medium,8,1,5,5
こどもの日,2023,2023-05-05,365000,212,Other,Medium,5,1,5,4
Sevilla,2023,2023-06-01,364000,213,Other,Medium,7,1,6,3
Hate You,2023,2023-11-03,363000,214,Other,Medium,8,2,11,4
मगहर_लीला,2023,2023-01-25,359000,215,Other,Medium,9,1,1,2
PremiumMusic2023,2023,2023-03-22,358000,216,Entertainment,Medium,16,1,3,2
Ecuador,2023,2023-08-10,358000,217,Other,Medium,7,1,8,3
โหวตนายกรอบ3,2023,2023-08-22,358000,218,Other,Medium,12,1,8,1
JISOOatDiorSS24,2023,2023-09-26,357000,219,Other,Medium,15,1,9,1
YOUTHINTHESHADE,2023,2023-07-10,350000,220,Other,Medium,15,1,7,0
يوم_عرفه,2023,2023-06-27,349000,221,Other,Medium,8,1,6,1
DIOR SHOW WITH JISOO,2023,2023-09-26,348000,222,Other,Medium,20,4,9,1
CDTVライブライブ,2023,2023-08-14,346000,223,Other,Medium,10,1,8,0
TSTheErasTour,2023,2023-03-18,346000,224,Entertainment,Medium,13,1,3,5
EidMubarak,2023,2023-04-22,345000,225,Holiday,Medium,10,1,4,5
Jets,2023,2023-09-12,345000,226,Other,Medium,4,1,9,1
Hakimi,2023,2023-04-14,344000,227,Other,Medium,6,1,4,4
ทักษิณกลับไทย,2023,2023-08-22,342000,228,Other,Medium,13,1,8,1
Rita Lee,2023,2023-05-09,337000,229,Other,Medium,8,2,5,1
BETAwards,2023,2023-06-26,336000,230,Politics,Medium,9,1,6,0
有馬記念,2023,2023-12-24,336000,231,Other,Medium,4,1,12,6
reyes,2023,2023-01-06,335000,232,Other,Medium,5,1,1,4
HappyBirthdayJin,2023,2023-12-03,332000,233,Other,Medium,16,1,12,6
TürkiyeTekYürek,2023,2023-02-15,331000,234,Other,Medium,15,1,2,2
TransDayOfVisibility,2023,2023-04-01,331000,235,Other,Medium,20,1,4,5
Lukaku,2023,2023-06-10,330000,236,Sports,Medium,6,1,6,5
PinkFriday2,2023,2023-12-08,330000,237,Other,Medium,11,1,12,4
Gaetz,2023,2023-01-07,329000,238,Other,Medium,5,1,1,5
HappyBirthdayJhope,2023,2023-02-17,325000,239,Other,Medium,18,1,2,4
Mount,2023,2023-07-05,325000,240,Other,Medium,5,1,7,2
Haegeum,2023,2023-04-19,324000,241,Other,Medium,7,1,4,2
ZionistLobbyAttack,2023,2023-11-28,324000,242,Other,Medium,18,1,11,1
UFC286,2023,2023-03-19,321000,243,Sports,Medium,6,1,3,6
นายกพิธา,2023,2023-07-12,321000,244,Other,Medium,8,1,7,2
Clark,2023,2023-04-03,319000,245,Other,Medium,5,1,4,0
사람_Pt2,2023,2023-04-07,319000,246,Other,Medium,6,1,4,4
ポッキー,2023,2023-11-11,316000,247,Other,Medium,4,1,11,5
Chelsea,2023,2023-05-25,314000,248,Sports,Medium,7,1,5,3
Kyrie,2023,2023-02-06,314000,249,Other,Medium,5,1,2,0
บวงสรวงดับแสงรวี,2023,2023-03-30,314000,250,Other,Medium,16,1,3,3
Canelo,2023,2023-10-01,312000,251,Other,Medium,6,1,10,6
Veterans Day,2023,2023-11-11,312000,252,Other,Medium,12,2,11,5
Steph,2023,2023-05-01,310000,253,Other,Medium,5,1,5,0
Golden323RenjunDay,2023,2023-03-22,310000,254,Other,Medium,18,1,3,2
BestMusicVideo,2023,2023-01-11,309000,255,Entertainment,Medium,14,1,1,2
UFC285,2023,2023-03-05,305000,256,Sports,Medium,6,1,3,6
Mothers Day,2023,2023-05-14,304000,257,Holiday,Medium,11,2,5,6
Juneteenth,2023,2023-06-19,304000,258,Other,Medium,10,1,6,0
夫婦の日,2023,2023-11-22,303000,259,Other,Medium,4,1,11,2
MySchoolPresidentFinalEP,2023,2023-02-24,301000,260,Politics,Medium,24,1,2,4
Adesanya,2023,2023-04-09,301000,261,Other,Medium,8,1,4,6
Chivas,2023,2023-05-29,301000,262,Other,Medium,6,1,5,0
ACİL,2023,2023-02-06,300000,263,Other,Medium,4,1,2,0
Guardiola,2023,2023-06-10,300000,264,Other,Medium,9,1,6,5
hoshi,2023,2023-02-09,299000,265,Other,Medium,5,1,2,3
Chiefs,2023,2023-02-13,298000,266,Sports,Medium,6,1,2,0
WhatsApp,2023,2023-06-16,298000,267,Other,Medium,8,1,6,4
ツイッター,2023,2023-07-02,297000,268,Other,Medium,5,1,7,6
Coachella,2023,2023-04-15,296000,269,Other,Medium,9,1,4,5
Rashford,2023,2023-01-14,293000,270,Other,Medium,8,1,1,5
Barça,2023,2023-03-20,293000,271,Other,Medium,5,1,3,0
NFLDraft,2023,2023-04-28,292000,272,Sports,Medium,8,1,4,4
NCT127_NEOCITY_THE_UNITYinBKK,2023,2023-12-23,292000,273,Other,Medium,29,1,12,5
勤労感謝の日,2023,2023-11-23,291000,274,Other,Medium,6,1,11,3
ドンブラザーズ,2023,2023-02-26,290000,275,Other,Medium,7,1,2,6
Crawford,2023,2023-07-30,289000,276,Other,Medium,8,1,7,6
Bruno Mars,2023,2023-09-04,288000,277,Other,Medium,10,2,9,0
Wray,2023,2023-07-12,287000,278,Other,Medium,4,1,7,2
sohee,2023,2023-07-14,287000,279,Other,Medium,5,1,7,4
Neymar,2023,2023-06-22,286000,280,Other,Medium,6,1,6,3
mingyu,2023,2023-07-05,286000,281,Other,Medium,6,1,7,2
TheLulosShow,2023,2023-09-04,286000,282,Other,Medium,12,1,9,0
MemuraEk5Bin,2023,2023-01-09,285000,283,Other,Medium,12,1,1,0
ミサイル,2023,2023-04-13,285000,284,Other,Medium,4,1,4,3
FACE IS COMING,2023,2023-02-21,284000,285,Other,Medium,14,3,2,1
Cowboys,2023,2023-01-17,282000,286,Other,Medium,7,1,1,1
Roma,2023,2023-05-31,282000,287,Other,Medium,4,1,5,2
Afghanistan,2023,2023-10-23,281000,288,Other,Medium,11,1,10,0
NandriNadda,2023,2023-03-10,280000,289,Other,Medium,11,1,3,4
EarthDay,2023,2023-04-22,280000,290,Other,Medium,8,1,4,5
Mbappe,2023,2023-06-13,280000,291,Sports,Medium,6,1,6,1
CWC23Final,2023,2023-11-19,280000,292,Other,Medium,10,1,11,6
UFC291,2023,2023-07-30,279000,293,Sports,Medium,6,1,7,6
ハッピーハロウィン,2023,2023-10-31,279000,294,Other,Medium,9,1,10,1
الاهلي,2023,2023-06-12,278000,295,Sports,Medium,6,1,6,0
PortfolioDay,2023,2023-07-12,276000,296,Other,Medium,12,1,7,2
NCTDREAM_THEDREAMSHOW2_in_BKK,2023,2023-02-11,276000,297,Other,Medium,29,1,2,5
Fenerbahçe,2023,2023-06-04,273000,298,Other,Medium,10,1,6,6
LAYOVER IS COMING,2023,2023-08-08,272000,299,Other,Medium,17,3,8,1
決勝進出,2023,2023-03-21,270000,300,Other,Medium,4,1,3,1
O Santos,2023,2023-12-07,270000,301,Other,Medium,8,2,12,3
Taylor Swift,2023,2023-11-29,268000,302,Entertainment,Medium,12,2,11,2
WWEChamber,2023,2023-02-19,267000,303,Sports,Medium,10,1,2,6
MVติดเธอ,2023,2023-04-12,267000,304,Other,Medium,8,1,4,2
النصر,2023,2023-05-08,267000,305,Sports,Medium,5,1,5,0
仕事納め,2023,2023-12-28,267000,306,Other,Medium,4,1,12,3
凍結祭り,2023,2023-02-03,266000,307,Other,Medium,4,1,2,4
ひろがるホロライブDAY1,2023,2023-03-18,266000,308,Other,Medium,13,1,3,5
Milan,2023,2023-05-17,266000,309,Sports,Medium,5,1,5,2
キスの日,2023,2023-05-23,266000,310,Other,Medium,4,1,5,1
PAKvsAFG,2023,2023-10-23,266000,311,Other,Medium,8,1,10,0
プロセカ生放送,2023,2023-06-19,265000,312,Other,Medium,7,1,6,0
MOONLIGHTSUNRISE,2023,2023-01-20,264000,313,Other,Medium,16,1,1,4
depremzede,2023,2023-02-10,264000,314,Other,Medium,10,1,2,4
ダルビッシュ,2023,2023-03-22,263000,315,Other,Medium,6,1,3,2
INDvPAK,2023,2023-09-11,263000,316,Other,Medium,7,1,9,0
IndependenceDay,2023,2023-08-15,262000,317,Other,Medium,15,1,8,1
Rodgers,2023,2023-09-12,262000,318,Other,Medium,7,1,9,1
Giants,2023,2023-01-16,261000,319,Other,Medium,6,1,1,0
SourandSweet_DDAY,2023,2023-03-28,261000,320,Other,Medium,17,1,3,1
LoveIsland,2023,2023-07-05,261000,321,Other,Medium,10,1,7,2
Vivek,2023,2023-08-24,261000,322,Other,Medium,5,1,8,3
ProudAmbassadorRM,2023,2023-06-01,260000,323,Other,Medium,17,1,6,3
Schiff,2023,2023-06-22,259000,324,Other,Medium,6,1,6,3
الهلال_الدحيل,2023,2023-02-26,256000,325,Sports,Medium,13,1,2,6
Usman,2023,2023-03-19,256000,326,Other,Medium,5,1,3,6
DeSantis,2023,2023-08-24,256000,327,Politics,Medium,8,1,8,3
Johnson,2023,2023-06-09,255000,328,Other,Medium,7,1,6,4
WWENOC,2023,2023-05-27,251000,329,Sports,Medium,6,1,5,5
ダービー,2023,2023-05-28,250000,330,Other,Medium,4,1,5,6
スキルヴィング,2023,2023-05-28,248000,331,Other,Medium,7,1,5,6
SRCHAFREEN WITH K-EXPO,2023,2023-11-12,247000,332,Other,Medium,22,3,11,6
テレ東音楽祭,2023,2023-06-28,244000,333,Other,Medium,6,1,6,2
回転寿司,2023,2023-01-30,243000,334,Other,Medium,4,1,1,0
Marcelo,2023,2023-09-07,242000,335,Other,Medium,7,1,9,3
Maguire,2023,2023-04-20,241000,336,Other,Medium,7,1,4,3
الاتحاد_الفيحاء,2023,2023-05-27,241000,337,Other,Medium,15,1,5,5
今月描いた絵を晒そう,2023,2023-11-30,239000,338,Other,Medium,10,1,11,3
Kareem,2023,2023-02-08,238000,339,Other,Medium,6,1,2,2
Memphis,2023,2023-01-28,237000,340,Other,Medium,7,1,1,5
Kremlin,2023,2023-05-03,237000,341,Other,Medium,7,1,5,2
KEXPOxFreen,2023,2023-11-12,237000,342,Other,Medium,11,1,11,6
النصر_الاتحاد,2023,2023-03-10,236000,343,Sports,Medium,13,1,3,4
West Ham,2023,2023-06-07,236000,344,Other,Medium,8,2,6,2
hololiveSPDAY1,2023,2023-08-27,235000,345,Other,Medium,14,1,8,6
Leon,2023,2023-03-19,234000,346,Other,Medium,4,1,3,6
ポケモン,2023,2023-03-24,234000,347,Other,Medium,4,1,3,4
YUNOwhoseDAYitis,2023,2023-02-13,232000,348,Other,Medium,16,1,2,0
InternationalWomensDay,2023,2023-03-08,232000,349,Other,Medium,22,1,3,2
Barbie,2023,2023-07-10,232000,350,Entertainment,Medium,6,1,7,0
OTGala2,2023,2023-12-05,232000,351,Other,Medium,7,1,12,1
インスタ,2023,2023-07-02,230000,352,Other,Medium,4,1,7,6
seferberlik,2023,2023-02-06,230000,353,Other,Medium,11,1,2,0
UFC289,2023,2023-06-11,230000,354,Sports,Medium,6,1,6,6
イクイノックス,2023,2023-06-25,230000,355,Other,Medium,7,1,6,6
رمضان كريم,2023,2023-03-23,229000,356,Other,Medium,10,2,3,3
Chargers,2023,2023-01-15,228000,357,Other,Medium,8,1,1,6
ハッピーバレンタイン,2023,2023-02-14,228000,358,Holiday,Medium,10,1,2,1
Jerry Springer,2023,2023-04-27,228000,359,Other,Medium,14,2,4,3
Brady,2023,2023-01-17,227000,360,Other,Medium,5,1,1,1
ARSMUN,2023,2023-01-22,227000,361,Other,Medium,6,1,1,6
GOPDebate,2023,2023-08-24,227000,362,Politics,Medium,9,1,8,3
Haney,2023,2023-05-21,226000,363,Other,Medium,5,1,5,6
Happy Pride Month,2023,2023-06-01,226000,364,Social,Medium,17,3,6,3
CharlottePossibleConcert,2023,2023-03-31,225000,365,Entertainment,Medium,24,1,3,4
الهلال_اوراوا,2023,2023-04-29,224000,366,Sports,Medium,13,1,4,5
Wendy,2023,2023-08-14,224000,367,Other,Medium,5,1,8,0
Claudia,2023,2023-09-07,224000,368,Other,Medium,7,1,9,3
الاهلي_الاتحاد,2023,2023-10-07,224000,369,Sports,Medium,14,1,10,5
Bullrich,2023,2023-10-09,224000,370,Other,Medium,8,1,10,0
SweetVenom,2023,2023-11-17,224000,371,Other,Medium,10,1,11,4
y2kDMDCallingYou,2023,2023-01-09,223000,372,Other,Medium,16,1,1,0
Indy500,2023,2023-05-28,222000,373,Other,Medium,7,1,5,6
花火大会,2023,2023-07-29,222000,374,Other,Medium,4,1,7,5
ゴールデンラヴィット,2023,2023-12-26,222000,375,Other,Medium,10,1,12,1
Gustavo,2023,2023-02-26,221000,376,Other,Medium,7,1,2,6
フォンテーヌ,2023,2023-08-16,221000,377,Other,Medium,6,1,8,2
Swift,2023,2023-09-15,221000,378,Entertainment,Medium,5,1,9,4
Coronation,2023,2023-05-06,220000,379,Other,Medium,10,1,5,5
Feliz 2024,2023,2023-12-31,220000,380,Other,Medium,10,2,12,6
Tatum,2023,2023-05-15,219000,381,Other,Medium,5,1,5,0
فوازير_غازي_الذيابي8,2023,2023-04-06,219000,382,Other,Medium,20,1,4,3
Keke,2023,2023-07-06,219000,383,Other,Medium,4,1,7,3
Onana,2023,2023-10-04,219000,384,Other,Medium,5,1,10,2
BUCK-TICK,2023,2023-10-24,218000,385,Other,Medium,9,1,10,1
George Santos,2023,2023-12-01,218000,386,Other,Medium,13,2,12,4
Sarah,2023,2023-04-17,217000,387,Other,Medium,5,1,4,0
Florida,2023,2023-09-01,216000,388,Other,Medium,7,1,9,4
AnotherLevellxEnglot,2023,2023-09-09,216000,389,Other,Medium,20,1,9,5
KingandPrince,2023,2023-02-13,215000,390,Other,Medium,13,1,2,0
الاتحاد_الهلال,2023,2023-04-23,215000,391,Sports,Medium,14,1,4,6
GranHermanoCHV,2023,2023-07-17,214000,392,Other,Medium,14,1,7,0
FIRETIGERXENGLOT,2023,2023-10-05,214000,393,Other,Medium,16,1,10,3
Jokic,2023,2023-06-13,213000,394,Other,Medium,5,1,6,1
PSOE,2023,2023-05-29,213000,395,Other,Medium,4,1,5,0
Dame,2023,2023-09-27,213000,396,Other,Medium,4,1,9,2
Lucas,2023,2023-08-17,213000,397,Other,Medium,5,1,8,3
中秋の名月,2023,2023-09-29,212000,398,Other,Medium,5,1,9,4
いいツインテールの日,2023,2023-11-22,212000,399,Other,Medium,10,1,11,2
FBvGS,2023,2023-01-08,211000,400,Other,Medium,5,1,1,6
世界猫の日,2023,2023-08-08,210000,401,Other,Medium,5,1,8,1
Binance,2023,2023-11-21,210000,402,Other,Medium,7,1,11,1
Ohtani,2023,2023-03-22,209000,403,Other,Medium,6,1,3,2
ポケモンプレゼンツ,2023,2023-08-08,209000,404,Other,Medium,9,1,8,1
箱根駅伝,2023,2023-01-02,208000,405,Other,Medium,4,1,1,0
OTGala0,2023,2023-11-21,208000,406,Other,Medium,7,1,11,1
우리의_첫번째_플리스마스,2023,2023-12-12,208000,407,Other,Medium,13,1,12,1
Anitta,2023,2023-01-19,207000,408,Other,Medium,6,1,1,3
Gabriel,2023,2023-03-29,206000,409,Other,Medium,7,1,3,2
RepublicDay,2023,2023-01-26,206000,410,Other,Medium,11,1,1,3
Our_BirthdayBoy_JENO,2023,2023-04-22,206000,411,Other,Medium,20,1,4,5
똑똑_제노생일이에요잇,2023,2023-04-22,205000,412,Other,Medium,11,1,4,5
宝塚記念,2023,2023-06-25,205000,413,Other,Medium,4,1,6,6
Ramadan Mubarak,2023,2023-03-23,204000,414,Holiday,Medium,15,2,3,3
LoveIsBlindLIVE,2023,2023-04-17,204000,415,Other,Medium,15,1,4,0
イーロン,2023,2023-07-02,203000,416,Other,Medium,4,1,7,6
MUNvGS,2023,2023-10-04,203000,417,Other,Medium,6,1,10,2
UFC293,2023,2023-09-10,202000,418,Sports,Medium,6,1,9,6
Olimpia,2023,2023-08-11,200000,419,Other,Medium,7,1,8,4
Michigan,2023,2023-12-03,198000,420,Other,Medium,8,1,12,6
どうする家康,2023,2023-01-29,197000,421,Other,Medium,6,1,1,6
CharlotteXGlutaWithMe,2023,2023-10-09,197000,422,Other,Medium,21,1,10,0
Haaland,2023,2023-04-26,196000,423,Sports,Medium,7,1,4,2
C103,2023,2023-12-30,196000,424,Other,Medium,4,1,12,5
Jorge,2023,2023-07-28,195000,425,Other,Medium,5,1,7,4
الهلال_الشباب,2023,2023-08-10,194000,426,Sports,Medium,13,1,8,3
Denver,2023,2023-06-13,194000,427,Other,Medium,6,1,6,1
JISOO,2023,2023-08-31,193000,428,Other,Medium,5,1,8,3
Beyoncé,2023,2023-02-01,193000,429,Other,Medium,7,1,2,2
النصر_الباطن,2023,2023-03-03,193000,430,Sports,Medium,12,1,3,4
イタリア,2023,2023-03-16,193000,431,Other,Medium,4,1,3,3
LVMenPreFall24,2023,2023-11-30,193000,432,Other,Medium,14,1,11,3
IWD2023,2023,2023-03-08,192000,433,Other,Medium,7,1,3,2
श्री कृष्ण,2023,2023-09-07,192000,434,Other,Medium,10,2,9,3
الاتحاد,2023,2023-12-23,192000,435,Other,Medium,7,1,12,5
罠の戦争,2023,2023-01-16,191000,436,Other,Medium,4,1,1,0
LaCasaDeLosFamososMx,2023,2023-08-14,191000,437,Other,Medium,20,1,8,0
ARB Аirdrop,2023,2023-06-12,191000,438,Other,Medium,11,2,6,0
Eid Mubarak,2023,2023-06-28,191000,439,Holiday,Medium,11,2,6,2
Who_Is_SantGaribdasJiMaharaj,2023,2023-02-25,190000,440,Other,Medium,28,1,2,5
BackForMore,2023,2023-09-15,190000,441,Other,Medium,11,1,9,4
ElonGoToGaza,2023,2023-11-27,190000,442,Politics,Medium,12,1,11,0
Larissa,2023,2023-03-15,188000,443,Other,Medium,7,1,3,2
WWEPayback,2023,2023-09-03,188000,444,Sports,Medium,10,1,9,6
鬼滅の刃,2023,2023-06-18,187000,445,Other,Medium,4,1,6,6
Saudi,2023,2023-06-06,187000,446,Other,Medium,5,1,6,1
カミオト,2023,2023-06-17,187000,447,Other,Medium,4,1,6,5
ComplementDenquete,2023,2023-12-01,187000,448,Other,Medium,18,1,12,4
الزمالك,2023,2023-08-03,186000,449,Other,Medium,7,1,8,3
東日本大震災,2023,2023-03-11,184000,450,Other,Medium,6,1,3,5
オリックス,2023,2023-09-20,184000,451,Other,Medium,5,1,9,2
STOPインボイス,2023,2023-09-25,184000,452,Other,Medium,9,1,9,0
Sporting,2023,2023-03-17,183000,453,Sports,Medium,8,1,3,4
AusGP,2023,2023-04-02,183000,454,Other,Medium,5,1,4,6
Rihanna,2023,2023-05-02,183000,455,Entertainment,Medium,7,1,5,1
TrueStoryOfJagannath,2023,2023-06-20,183000,456,Other,Medium,20,1,6,1
GnaGsaShowtime,2023,2023-07-01,183000,457,Other,Medium,14,1,7,5
FileninSultanları,2023,2023-07-17,183000,458,Other,Medium,17,1,7,0
LOrealHairLabXBecky,2023,2023-10-02,183000,459,Other,Medium,19,1,10,0
gfvip,2023,2023-01-31,182000,460,Other,Medium,5,1,1,1
夕暮れに手をつなぐ,2023,2023-01-17,182000,461,Other,Medium,9,1,1,1
Marília,2023,2023-01-25,182000,462,Other,Medium,7,1,1,2
母の日,2023,2023-05-14,182000,463,Other,Medium,3,1,5,6
Coti,2023,2023-01-02,180000,464,Other,Medium,4,1,1,0
TREASURE_hello_in_bangkok,2023,2023-01-28,179000,465,Other,Medium,25,1,1,5
Cinco de Mayo,2023,2023-05-05,179000,466,Other,Medium,13,3,5,4
ナウシカ,2023,2023-07-07,179000,467,Other,Medium,4,1,7,4
AlwaysWithYou,2023,2023-02-10,178000,468,Other,Medium,13,1,2,4
Charles,2023,2023-06-11,178000,469,Other,Medium,7,1,6,6
Uruguay,2023,2023-11-17,177000,470,Other,Medium,7,1,11,4
Inter Miami,2023,2023-08-20,177000,471,Other,Medium,11,2,8,6
LOREAL WITH ADMIN BECK,2023,2023-10-02,177000,472,Other,Medium,22,4,10,0
Paula,2023,2023-02-14,176000,473,Other,Medium,5,1,2,1
lana,2023,2023-05-26,176000,474,Other,Medium,4,1,5,4
MoonlightChickenEP4,2023,2023-02-16,176000,475,Other,Medium,19,1,2,3
กกตมีไว้ทําไม,2023,2023-07-12,176000,476,Other,Medium,13,1,7,2
SalarioRosa,2023,2023-03-17,175000,477,Other,Medium,11,1,3,4
INDvsENG,2023,2023-10-29,174000,478,Other,Medium,8,1,10,6
Tina,2023,2023-03-23,173000,479,Other,Medium,4,1,3,3
Florida State,2023,2023-12-03,173000,480,Other,Medium,13,2,12,6
BestFanArmy,2023,2023-01-11,172000,481,Other,Medium,11,1,1,2
النصر_التعاون,2023,2023-08-19,172000,482,Sports,Medium,13,1,8,5
ProphetMuhammad_NeverAteMeat,2023,2023-06-28,172000,483,Other,Medium,28,1,6,2
Klay,2023,2023-05-13,171000,484,Other,Medium,4,1,5,5
WITH BUILD UNTIL THE END,2023,2023-02-10,171000,485,Other,Medium,24,5,2,4
INDvsNZ,2023,2023-11-15,171000,486,Other,Medium,7,1,11,2
Apple Music,2023,2023-11-29,171000,487,Entertainment,Medium,11,2,11,2
Anfield,2023,2023-02-22,170000,488,Other,Medium,7,1,2,2
ProudOfYouBecky,2023,2023-04-01,170000,489,Other,Medium,15,1,4,5
震度6強,2023,2023-05-05,170000,490,Other,Medium,4,1,5,4
COME TO BRAZIL PFL,2023,2023-05-12,170000,491,Other,Medium,18,4,5,4
LikeWe7ustMet7DREAM,2023,2023-08-24,170000,492,Other,Medium,19,1,8,3
Ronaldo,2023,2023-02-09,168000,493,Sports,Medium,7,1,2,3
BJKvGS,2023,2023-04-30,168000,494,Other,Medium,6,1,4,6
Mendy,2023,2023-07-14,168000,495,Other,Medium,5,1,7,4
AkatsukiJapan,2023,2023-09-02,168000,496,Other,Medium,13,1,9,5
Raiders,2023,2023-12-25,167000,497,Other,Medium,7,1,12,0
Turkey,2023,2023-02-06,167000,498,Other,Medium,6,1,2,0
فوازير_غازي_الذيابي3,2023,2023-03-27,167000,499,Other,Medium,20,1,3,0
Happy10thAnniversaryARMY,2023,2023-07-08,167000,500,Other,Medium,24,1,7,5
Hall,2023,2023-08-16,167000,501,Other,Medium,4,1,8,2
luisa,2023,2023-08-30,167000,502,Other,Medium,5,1,8,2
IsraelGazaWar,2023,2023-10-16,167000,503,Politics,Medium,13,1,10,0
オークス,2023,2023-05-21,166000,504,Other,Medium,4,1,5,6
Taylor Lautner,2023,2023-07-08,166000,505,Entertainment,Medium,14,2,7,5
Andre Braugher,2023,2023-12-13,166000,506,Other,Medium,14,2,12,2
HataydaSuYok,2023,2023-03-03,165000,507,Other,Medium,12,1,3,4
सच्चा_सतगुरु_कौन,2023,2023-07-03,165000,508,Other,Medium,16,1,7,0
FRAvRSA,2023,2023-10-16,165000,509,Other,Medium,7,1,10,0
Kathniel,2023,2023-11-30,165000,510,Other,Medium,8,1,11,3
Maher,2023,2023-01-17,164000,511,Other,Medium,5,1,1,1
1stTEASERดับแสงรวี,2023,2023-05-28,164000,512,Other,Medium,18,1,5,6
HappyMilePhakphumBD2023,2023,2023-01-05,163000,513,Other,Medium,23,1,1,3
SmackDown,2023,2023-08-26,163000,514,Other,Medium,9,1,8,5
วาดไว้NuNew,2023,2023-02-20,163000,515,Other,Medium,11,1,2,0
キングオージャー,2023,2023-03-05,163000,516,Other,Medium,8,1,3,6
HALSEY,2023,2023-05-15,163000,517,Other,Medium,6,1,5,0
VIVANT,2023,2023-09-10,163000,518,Other,Medium,6,1,9,6
Embiid,2023,2023-05-15,162000,519,Other,Medium,6,1,5,0
Happy_BirthJAY,2023,2023-04-19,162000,520,Other,Medium,14,1,4,2
MCIARS,2023,2023-04-26,162000,521,Politics,Medium,6,1,4,2
GenocideSupporters,2023,2023-10-23,162000,522,Social,Medium,18,1,10,0
ツインテールの日,2023,2023-02-02,161000,523,Other,Medium,8,1,2,3
แสงรวีOSTดับแสงรวี,2023,2023-06-23,161000,524,Other,Medium,18,1,6,4
THE LOYAL PIN X ANIL PIN,2023,2023-10-22,161000,525,Other,Medium,24,6,10,6
INDvsPAK,2023,2023-09-10,160000,526,Other,Medium,8,1,9,6
Twitter連携,2023,2023-02-02,159000,527,Technology,Medium,9,1,2,3
AustrianGP,2023,2023-07-02,159000,528,Other,Medium,10,1,7,6
HappyBirthdayARMY,2023,2023-07-08,158000,529,Other,Medium,17,1,7,5
Bayern,2023,2023-03-24,157000,530,Sports,Medium,6,1,3,4
FunkRave,2023,2023-06-23,157000,531,Other,Medium,8,1,6,4
WWEFastlane,2023,2023-10-08,157000,532,Sports,Medium,11,1,10,6
ログイン,2023,2023-02-02,156000,533,Other,Medium,4,1,2,3
LIVRMA,2023,2023-02-22,156000,534,Other,Medium,6,1,2,2
billie,2023,2023-03-25,156000,535,Entertainment,Medium,6,1,3,5
BamBamAREA52inBKK,2023,2023-09-10,156000,536,Other,Medium,17,1,9,6
Michael Gambon,2023,2023-09-28,156000,537,Other,Medium,14,2,9,3
Teaserมนต์รักลูกทุ่ง2567,2023,2023-12-25,156000,538,Other,Medium,24,1,12,0
Guimê,2023,2023-01-24,155000,539,Other,Medium,5,1,1,1
うーたん,2023,2023-03-07,155000,540,Other,Medium,4,1,3,1
Lance Reddick,2023,2023-03-17,155000,541,Other,Medium,13,2,3,4
FACupFinal,2023,2023-06-03,155000,542,Other,Medium,10,1,6,5
30億ルフィWANTED,2023,2023-11-27,155000,543,Other,Medium,12,1,11,0
Hanouna,2023,2023-12-01,155000,544,Other,Medium,7,1,12,4
GW明け,2023,2023-05-08,154000,545,Other,Medium,4,1,5,0
WorldEnvironmentDay,2023,2023-06-05,154000,546,Social,Medium,19,1,6,0
Strickland,2023,2023-09-10,154000,547,Other,Medium,10,1,9,6
UFC284,2023,2023-02-12,153000,548,Sports,Medium,6,1,2,6
Izzy,2023,2023-07-09,153000,549,Other,Medium,4,1,7,6
Kings,2023,2023-04-16,153000,550,Other,Medium,5,1,4,6
Botafogo,2023,2023-11-30,153000,551,Other,Medium,8,1,11,3
Misskey,2023,2023-07-02,153000,552,Other,Medium,7,1,7,6
ForbiddenDoor,2023,2023-06-26,152000,553,Other,Medium,13,1,6,0
TREASURE_MOVE,2023,2023-06-28,152000,554,Other,Medium,13,1,6,2
Purdue,2023,2023-03-18,151000,555,Other,Medium,6,1,3,5
推しの子,2023,2023-04-12,151000,556,Other,Medium,4,1,4,2
Harden,2023,2023-05-02,151000,557,Other,Medium,6,1,5,1
NBADraft,2023,2023-06-23,151000,558,Sports,Medium,8,1,6,4
Wilder,2023,2023-12-23,151000,559,Other,Medium,6,1,12,5
Camila,2023,2023-02-21,150000,560,Other,Medium,6,1,2,1
MidnightMuseumEP3,2023,2023-03-13,150000,561,Other,Medium,17,1,3,0
Browns,2023,2023-10-16,150000,562,Other,Medium,6,1,10,0
MahalimaIsBack,2023,2023-12-05,150000,563,Other,Medium,14,1,12,1
ENGFAinTSQ_NewYork,2023,2023-02-01,149000,564,Other,Medium,18,1,2,2
18MartÇanakkaleZaferi,2023,2023-03-18,149000,565,Other,Medium,21,1,3,5
ريبون_في_الرياض_بارك,2023,2023-04-14,149000,566,Other,Medium,20,1,4,4
IPL2023Finals,2023,2023-05-30,149000,567,Sports,Medium,13,1,5,1
Jack Smith,2023,2023-07-19,149000,568,Other,Medium,10,2,7,2
AppleEvent,2023,2023-09-12,149000,569,Technology,Medium,10,1,9,1
LeoReview,2023,2023-10-19,149000,570,Other,Medium,9,1,10,3
Lions,2023,2023-09-29,148000,571,Other,Medium,5,1,9,4
TONY MONTANA,2023,2023-04-30,148000,572,Other,Medium,12,2,4,6
SBSconcerttourinJPD1,2023,2023-06-17,148000,573,Entertainment,Medium,20,1,6,5
bella,2023,2023-08-29,148000,574,Other,Medium,5,1,8,1
TheMissPhilippinesXFourth,2023,2023-10-24,148000,575,Other,Medium,25,1,10,1
ATIN ANG SB19,2023,2023-12-05,148000,576,Other,Medium,13,3,12,1
新年早々,2023,2023-12-31,148000,577,Other,Medium,4,1,12,6
TopExcellenceDOday,2023,2023-01-11,147000,578,Other,Medium,18,1,1,2
Dr. King,2023,2023-01-16,147000,579,Other,Medium,8,2,1,0
Selena,2023,2023-03-24,147000,580,Entertainment,Medium,6,1,3,4
中村倫也,2023,2023-03-25,147000,581,Other,Medium,4,1,3,5
LabourDay,2023,2023-05-01,147000,582,Other,Medium,9,1,5,0
Nuggets,2023,2023-05-21,147000,583,Other,Medium,7,1,5,6
MITB,2023,2023-07-01,147000,584,Other,Medium,4,1,7,5
BritishGP,2023,2023-07-08,147000,585,Other,Medium,9,1,7,5
海の日,2023,2023-07-17,147000,586,Other,Medium,3,1,7,0
XRC20,2023,2023-12-27,147000,587,Other,Medium,5,1,12,2
TWICE_Gonna_SetMeFree,2023,2023-03-10,146000,588,Other,Medium,21,1,3,4
MakroHoReCaxZeeNuNew,2023,2023-11-16,146000,589,Other,Medium,20,1,11,3
GranHermano,2023,2023-12-14,145000,590,Other,Medium,11,1,12,3
JIMIN IS COMING,2023,2023-01-04,145000,591,Other,Medium,15,3,1,2
SUGA_AgustD_TOUR,2023,2023-02-14,145000,592,Entertainment,Medium,16,1,2,1
Osasuna,2023,2023-05-06,145000,593,Other,Medium,7,1,5,5
baekhyun,2023,2023-07-31,145000,594,Other,Medium,8,1,7,0
Dodgers,2023,2023-12-09,145000,595,Other,Medium,7,1,12,5
Bahia,2023,2023-12-07,145000,596,Other,Medium,5,1,12,3
Bruna,2023,2023-01-19,144000,597,Other,Medium,5,1,1,3
あんスタウェルカム祭,2023,2023-03-15,144000,598,Other,Medium,10,1,3,2
내_모든걸_걸어_트와이스,2023,2023-03-10,143000,599,Other,Medium,13,1,3,4
DiabloIV,2023,2023-06-02,143000,600,Other,Medium,8,1,6,4
BunnyPrinceDoyoungDay,2023,2023-01-31,142000,601,Other,Medium,21,1,1,1
acildeprem,2023,2023-02-08,142000,602,Other,Medium,10,1,2,2
5_STAR,2023,2023-04-27,142000,603,Other,Medium,6,1,4,3
ESPN,2023,2023-06-30,142000,604,Other,Medium,4,1,6,4
따끈따끈_도영빵_생일이_왔옹,2023,2023-01-31,141000,605,Other,Medium,15,1,1,1
loveisland,2023,2023-02-17,141000,606,Other,Medium,10,1,2,4
SEVENTEEN_To_8finity,2023,2023-05-25,141000,607,Other,Medium,20,1,5,3
それスノ,2023,2023-09-15,141000,608,Other,Medium,4,1,9,4
VS魂,2023,2023-09-28,141000,609,Other,Medium,3,1,9,3
Bregman,2023,2023-10-02,141000,610,Other,Medium,7,1,10,0
KızılcıkŞerbeti,2023,2023-06-09,140000,611,Other,Medium,15,1,6,4
MCIEndingYarn,2023,2023-02-24,139000,612,Other,Medium,13,1,2,4
Chaco,2023,2023-09-18,139000,613,Other,Medium,5,1,9,0
الهلال_ابها,2023,2023-12-21,139000,614,Sports,Medium,11,1,12,3
アニメ化,2023,2023-03-19,138000,615,Other,Medium,4,1,3,6
坂本龍一さん,2023,2023-04-02,138000,616,Other,Medium,6,1,4,6
連休明け,2023,2023-05-08,138000,617,Other,Medium,4,1,5,0
ONEPIECE1071,2023,2023-08-06,138000,618,Other,Medium,12,1,8,6
VIBE IS COMING,2023,2023-01-04,137000,619,Other,Medium,14,3,1,2
T5 SHOW YOUR MOVES,2023,2023-06-28,137000,620,Other,Medium,18,4,6,2
EXOSC_BackToBackinBKK,2023,2023-07-08,137000,621,Other,Medium,21,1,7,5
TheLastOfUs,2023,2023-03-06,136000,622,Other,Medium,11,1,3,0
ريبون,2023,2023-04-15,136000,623,Other,Medium,5,1,4,5
Mora,2023,2023-08-29,136000,624,Other,Medium,4,1,8,1
紅白出場,2023,2023-11-13,136000,625,Other,Medium,4,1,11,0
緊急地震速報,2023,2023-05-05,135000,626,Other,Medium,6,1,5,4
Pence,2023,2023-08-24,135000,627,Other,Medium,5,1,8,3
DayOneWithZB1,2023,2023-07-10,134000,628,Other,Medium,13,1,7,0
SoyRebeldeTour,2023,2023-08-26,134000,629,Entertainment,Medium,14,1,8,5
V最協S5,2023,2023-04-15,133000,630,Other,Medium,5,1,4,5
Romero,2023,2023-10-06,133000,631,Other,Medium,6,1,10,4
The Road,2023,2023-06-13,133000,632,Other,Medium,8,2,6,1
SKZ_SocialPath_featLiSA,2023,2023-08-29,133000,633,Politics,Medium,23,1,8,1
DunkiReview,2023,2023-12-21,133000,634,Other,Medium,11,1,12,3
Newcastle,2023,2023-08-31,132000,635,Other,Medium,9,1,8,3
عيد_الاضحي_المبارك,2023,2023-06-28,132000,636,Other,Medium,18,1,6,2
Poole,2023,2023-06-23,131000,637,Other,Medium,5,1,6,4
ariana,2023,2023-02-24,131000,638,Entertainment,Medium,6,1,2,4
BUILD SOLO CONCERT SOON,2023,2023-05-24,131000,639,Entertainment,Medium,23,4,5,2
O Vasco,2023,2023-11-29,131000,640,Other,Medium,7,2,11,2
Luka,2023,2023-01-13,130000,641,Sports,Medium,4,1,1,4
WBC2023,2023,2023-03-16,130000,642,Other,Medium,7,1,3,3
frank ocean,2023,2023-04-17,130000,643,Other,Medium,11,2,4,0
Napoli,2023,2023-05-04,130000,644,Other,Medium,6,1,5,3
Mourinho,2023,2023-05-31,130000,645,Other,Medium,8,1,5,2
BuildTheRebornConcert,2023,2023-05-24,130000,646,Entertainment,Medium,21,1,5,2
ムツゴロウさん,2023,2023-04-06,129000,647,Other,Medium,7,1,4,3
BirthOfTheBrightestStar,2023,2023-04-19,129000,648,Other,Medium,23,1,4,2
Caleb Martin,2023,2023-05-30,129000,649,Other,Medium,12,2,5,1
팀세븐틴_보고올랐지_8주년까지,2023,2023-05-25,129000,650,Other,Medium,16,1,5,3
seokjin,2023,2023-01-18,128000,651,Other,Medium,7,1,1,2
Bengals,2023,2023-01-22,128000,652,Other,Medium,7,1,1,6
TyreNichols,2023,2023-01-28,128000,653,Other,Medium,11,1,1,5
De Bruyne,2023,2023-05-09,128000,654,Other,Medium,9,2,5,1
Ramos,2023,2023-09-30,128000,655,Other,Medium,5,1,9,5
テレ東60祭Mフェス,2023,2023-11-15,128000,656,Other,Medium,10,1,11,2
Gabigol,2023,2023-07-13,127000,657,Other,Medium,7,1,7,3
Vitor Pereira,2023,2023-02-08,127000,658,Other,Medium,13,2,2,2
岸田首相,2023,2023-04-15,127000,659,Other,Medium,4,1,4,5
babydoge2,2023,2023-07-09,127000,660,Politics,Medium,9,1,7,6
Racing,2023,2023-08-31,127000,661,Other,Medium,6,1,8,3
LaResistenciaLulo,2023,2023-09-21,127000,662,Politics,Medium,17,1,9,3
helaletmiyorum,2023,2023-02-27,126000,663,Other,Medium,14,1,2,0
Ja Morant,2023,2023-12-20,126000,664,Other,Medium,9,2,12,2
Romina,2023,2023-02-21,125000,665,Other,Medium,6,1,2,1
HappyRenDay,2023,2023-03-01,125000,666,Other,Medium,11,1,3,2
Welcome_to_MyKarina,2023,2023-04-10,125000,667,Other,Medium,19,1,4,0
AgustD_DDAY,2023,2023-04-21,125000,668,Other,Medium,11,1,4,4
Tottenham,2023,2023-04-30,125000,669,Other,Medium,9,1,4,6
jisung,2023,2023-07-05,125000,670,Other,Medium,6,1,7,2
サークル,2023,2023-10-31,125000,671,Other,Medium,4,1,10,1
ブロック機能,2023,2023-08-19,125000,672,Other,Medium,6,1,8,5
Barcelona,2023,2023-12-14,125000,673,Politics,Medium,9,1,12,3
지민아_마이의_푸른봄은_너야,2023,2023-04-10,124000,674,Other,Medium,15,1,4,0
EnglotAnvs1Y3M,2023,2023-07-04,124000,675,Other,Medium,14,1,7,1
シャニソン,2023,2023-11-14,124000,676,Other,Medium,5,1,11,1
Miami,2023,2023-03-27,123000,677,Other,Medium,5,1,3,0
Vikings,2023,2023-09-15,123000,678,Other,Medium,7,1,9,4
Braves,2023,2023-10-10,123000,679,Other,Medium,6,1,10,1
GTA 6,2023,2023-12-05,123000,680,Other,Medium,5,2,12,1
Draymond,2023,2023-04-18,122000,681,Other,Medium,8,1,4,1
UELfinal,2023,2023-05-31,122000,682,Other,Medium,8,1,5,2
วอลเลย์บอลหญิง,2023,2023-09-05,122000,683,Other,Medium,14,1,9,1
RoçaAFazenda,2023,2023-10-04,122000,684,Other,Medium,12,1,10,2
Tom Brady,2023,2023-02-01,121000,685,Other,Medium,9,2,2,2
30thSpringWithSEHUN,2023,2023-04-11,121000,686,Other,Medium,19,1,4,1
الاتحاد_ابها,2023,2023-05-08,121000,687,Other,Medium,12,1,5,0
モニタリング,2023,2023-01-05,120000,688,Other,Medium,6,1,1,3
大谷さん,2023,2023-03-22,120000,689,Other,Medium,4,1,3,2
IWannaStayWithGYU,2023,2023-04-05,120000,690,Other,Medium,17,1,4,2
민규생일은_아름답기를_따뜻하길,2023,2023-04-05,120000,691,Other,Medium,16,1,4,2
オールスター感謝祭23春,2023,2023-04-08,120000,692,Other,Medium,12,1,4,5
RMAMCI,2023,2023-05-09,120000,693,Other,Medium,6,1,5,1
Scott,2023,2023-07-05,120000,694,Other,Medium,5,1,7,2
Maui,2023,2023-08-10,120000,695,Other,Medium,4,1,8,3
Christie,2023,2023-08-24,120000,696,Other,Medium,8,1,8,3
Mahomes,2023,2023-09-08,120000,697,Sports,Medium,7,1,9,4
NeverForget,2023,2023-09-11,120000,698,Other,Medium,11,1,9,0
MissionFanEP1,2023,2023-05-05,119000,699,Other,Medium,13,1,5,4
Bruyne,2023,2023-05-09,119000,700,Other,Medium,6,1,5,1
君たちはどう生きるか,2023,2023-07-14,119000,701,Other,Medium,10,1,7,4
UFC292,2023,2023-08-20,119000,702,Sports,Medium,6,1,8,6
SmokeSpritexRM,2023,2023-03-14,118000,703,Other,Medium,14,1,3,1
MiamiGP,2023,2023-05-06,118000,704,Other,Medium,7,1,5,5
梅雨入り,2023,2023-05-29,118000,705,Other,Medium,4,1,5,0
Guatemala,2023,2023-08-21,118000,706,Other,Medium,9,1,8,0
Getafe,2023,2023-08-14,118000,707,Other,Medium,6,1,8,0
PAKvsSL,2023,2023-09-14,118000,708,Other,Medium,7,1,9,3
Spurs,2023,2023-04-30,117000,709,Other,Medium,5,1,4,6
TAEKOOK,2023,2023-04-24,117000,710,Other,Medium,7,1,4,0
HOBI,2023,2023-05-24,117000,711,Other,Medium,4,1,5,2
Luton,2023,2023-05-27,117000,712,Other,Medium,5,1,5,5
Hazard,2023,2023-06-03,117000,713,Other,Medium,6,1,6,5
感謝キャンペーン,2023,2023-07-11,117000,714,Other,Medium,8,1,7,1
الهلال_الحزم,2023,2023-10-30,117000,715,Sports,Medium,12,1,10,0
Brighton,2023,2023-01-14,116000,716,Other,Medium,8,1,1,5
ARSMCI,2023,2023-02-15,116000,717,Other,Medium,6,1,2,2
Mac McClung,2023,2023-02-19,116000,718,Other,Medium,11,2,2,6
Saka,2023,2023-04-16,116000,719,Other,Medium,4,1,4,6
언제든_놀러와요_큥데이,2023,2023-05-05,116000,720,Other,Medium,12,1,5,4
トリリオンゲーム,2023,2023-09-15,116000,721,Other,Medium,8,1,9,4
だが情熱はある,2023,2023-06-18,116000,722,Other,Medium,7,1,6,6
Steelers,2023,2023-09-10,115000,723,Other,Medium,8,1,9,6
GYAO,2023,2023-01-16,115000,724,Other,Medium,4,1,1,0
Tuchel,2023,2023-03-24,115000,725,Other,Medium,6,1,3,4
UFCJacksonville,2023,2023-06-24,115000,726,Sports,Medium,15,1,6,5
CriançaEsperança,2023,2023-08-08,115000,727,Other,Medium,16,1,8,1
FenerbahçeyeVarOperasyonu,2023,2023-08-21,115000,728,Other,Medium,25,1,8,0
세훈이의_30번째_봄바람,2023,2023-04-11,114000,729,Other,Medium,13,1,4,1
LLLTrailer,2023,2023-06-07,114000,730,Entertainment,Medium,10,1,6,2
تويتر,2023,2023-07-01,114000,731,Other,Medium,5,1,7,5
loveIsland,2023,2023-07-31,114000,732,Other,Medium,10,1,7,0
49ers,2023,2023-10-09,114000,733,Other,Medium,5,1,10,0
ラグビー,2023,2023-09-10,114000,734,Other,Medium,4,1,9,6
TWICE_OurMoonlightandSunrise,2023,2023-01-20,113000,735,Other,Medium,28,1,1,4
Cano,2023,2023-11-04,113000,736,Other,Medium,4,1,11,5
Nacho,2023,2023-03-15,113000,737,Other,Medium,5,1,3,2
TaLuengBabyXENGFA,2023,2023-03-02,113000,738,Other,Medium,17,1,3,3
Packers,2023,2023-09-29,113000,739,Other,Medium,7,1,9,4
新社会人,2023,2023-04-03,113000,740,Other,Medium,4,1,4,0
Roman,2023,2023-04-03,113000,741,Other,Medium,5,1,4,0
AMVCA9,2023,2023-05-20,113000,742,Other,Medium,6,1,5,5
GSvFB,2023,2023-06-04,113000,743,Other,Medium,5,1,6,6
Bears,2023,2023-12-17,113000,744,Other,Medium,5,1,12,6
النصر_الوحده,2023,2023-02-09,112000,745,Sports,Medium,12,1,2,3
REN_Journey_EP26,2023,2023-03-01,112000,746,Other,Medium,16,1,3,2
キンプリMV1億回おめでとう,2023,2023-03-16,112000,747,Other,Medium,14,1,3,3
リバティアイランド,2023,2023-04-09,112000,748,Other,Medium,9,1,4,6
النصر_الاتفاق,2023,2023-10-31,112000,749,Sports,Medium,13,1,10,1
Toney,2023,2023-09-08,112000,750,Other,Medium,5,1,9,4
Patriots,2023,2023-09-18,112000,751,Other,Medium,8,1,9,0
IPL2023,2023,2023-03-31,111000,752,Other,Medium,7,1,3,4
モスクワ,2023,2023-06-24,111000,753,Other,Medium,4,1,6,5
フレミネ,2023,2023-07-03,111000,754,Other,Medium,4,1,7,0
RakshaBandhan,2023,2023-08-30,111000,755,Other,Medium,13,1,8,2
Juliette,2023,2023-01-24,110000,756,Other,Medium,8,1,1,1
Vinicius,2023,2023-05-06,110000,757,Other,Medium,8,1,5,5
ガンダム,2023,2023-06-04,110000,758,Other,Medium,4,1,6,6
اوراوا_الهلال,2023,2023-05-06,110000,759,Sports,Medium,13,1,5,5
HAYLEY,2023,2023-06-05,110000,760,Other,Medium,6,1,6,0
父の日,2023,2023-06-18,110000,761,Other,Medium,3,1,6,6
Beal,2023,2023-06-18,110000,762,Other,Medium,4,1,6,6
Milwaukee,2023,2023-09-27,110000,763,Other,Medium,9,1,9,2
パレード,2023,2023-11-23,110000,764,Other,Medium,4,1,11,3
テイオウイカ,2023,2023-02-16,109000,765,Other,Medium,6,1,2,3
MUNCHE,2023,2023-05-25,109000,766,Other,Medium,6,1,5,3
BalloonMV,2023,2023-06-23,109000,767,Other,Medium,9,1,6,4
EliminaçãoAFazenda,2023,2023-09-29,109000,768,Other,Medium,18,1,9,4
フェブラリーS,2023,2023-02-19,108000,769,Other,Medium,7,1,2,6
8M2023,2023,2023-03-08,108000,770,Other,Medium,6,1,3,2
Aaron Rodgers,2023,2023-03-15,108000,771,Other,Medium,13,2,3,2
BangBangCon2023,2023,2023-06-03,108000,772,Other,Medium,15,1,6,5
RICKY_IS_ZB1,2023,2023-06-11,108000,773,Other,Medium,12,1,6,6
TakeTwo1stWin,2023,2023-06-22,108000,774,Other,Medium,13,1,6,3
ENGFA_2ndConcert,2023,2023-08-20,108000,775,Entertainment,Medium,16,1,8,6
Josh Allen,2023,2023-09-12,107000,776,Other,Medium,10,2,9,1
Villa,2023,2023-04-15,107000,777,Other,Medium,5,1,4,5
GetWellSoonJeno,2023,2023-03-13,107000,778,Other,Medium,15,1,3,0
भगवान परशुराम,2023,2023-04-22,107000,779,Other,Medium,13,2,4,5
Finland,2023,2023-05-13,107000,780,Other,Medium,7,1,5,5
Ederson,2023,2023-06-10,107000,781,Other,Medium,7,1,6,5
劇場版呪術廻戦0,2023,2023-07-05,107000,782,Other,Medium,8,1,7,2
CePostaPerTe,2023,2023-01-08,106000,783,Other,Medium,12,1,1,6
Arizona,2023,2023-03-17,106000,784,Other,Medium,7,1,3,4
RamNavami,2023,2023-03-30,106000,785,Other,Medium,9,1,3,3
Jai Hind,2023,2023-08-15,106000,786,Technology,Medium,8,2,8,1
OTDirecto26D,2023,2023-12-26,106000,787,Other,Medium,12,1,12,1
เขินให้หน่อยMV,2023,2023-03-14,105000,788,Other,Medium,14,1,3,1
Barco,2023,2023-04-19,105000,789,Other,Medium,5,1,4,2
Girona,2023,2023-04-26,105000,790,Other,Medium,6,1,4,2
Succession,2023,2023-05-29,105000,791,Other,Medium,10,1,5,0
Atlético,2023,2023-07-30,105000,792,Other,Medium,8,1,7,6
ファミマのクリスピーチキン食べたい,2023,2023-11-07,105000,793,Other,Medium,17,1,11,1
ElectionResults,2023,2023-12-03,105000,794,Politics,Medium,15,1,12,6
WWERaw,2023,2023-04-04,104000,795,Sports,Medium,6,1,4,1
น่าฮักจังเล๊ย,2023,2023-02-05,104000,796,Other,Medium,13,1,2,6
Marvvila,2023,2023-03-06,104000,797,Other,Medium,8,1,3,0
仮面ライダー,2023,2023-03-17,104000,798,Other,Medium,6,1,3,4
SpeakNowTaylorsVersion,2023,2023-07-07,104000,799,Entertainment,Medium,22,1,7,4
逃走中,2023,2023-09-10,104000,800,Other,Medium,3,1,9,6
ワイのLOVEゲーム,2023,2023-02-08,103000,801,Other,Medium,10,1,2,2
Ramadan,2023,2023-03-22,103000,802,Holiday,Medium,7,1,3,2
RamNavmi,2023,2023-03-30,103000,803,Other,Medium,8,1,3,3
アニポケ,2023,2023-04-14,103000,804,Other,Medium,4,1,4,4
ラストマン,2023,2023-06-25,103000,805,Other,Medium,5,1,6,6
หน้ากากรถยนต์,2023,2023-05-24,103000,806,Other,Medium,13,1,5,2
الدوري_الاستثنايي_العالمي,2023,2023-05-27,103000,807,Other,Medium,25,1,5,5
SHALALA_OutNow,2023,2023-06-05,103000,808,Other,Medium,14,1,6,0
Thug,2023,2023-06-23,103000,809,Other,Medium,4,1,6,4
العام_الجديد_1445,2023,2023-07-19,103000,810,Other,Medium,17,1,7,2
해피큥데이,2023,2023-05-05,102000,811,Other,Medium,5,1,5,4
TOBECONTINUED_02,2023,2023-07-06,102000,812,Other,Medium,16,1,7,3
Golden24thWithLucas,2023,2023-01-24,101000,813,Other,Medium,19,1,1,1
Jrue,2023,2023-09-27,101000,814,Other,Medium,4,1,9,2
샤랄라한_태용_솔로_6시,2023,2023-06-05,101000,815,Other,Medium,13,1,6,0
مجزره_جباليا,2023,2023-10-31,101000,816,Other,Medium,12,1,10,1
Everton,2023,2023-05-08,100000,817,Other,Medium,7,1,5,0
gaga,2023,2023-02-15,100000,818,Entertainment,Medium,4,1,2,2
Huw Edwards,2023,2023-07-12,100000,819,Politics,Medium,11,2,7,2
demi lovato,2023,2023-08-30,100000,820,Other,Medium,11,2,8,2
KANさん,2023,2023-11-17,100000,821,Other,Medium,5,1,11,4
ニンダイ,2023,2023-02-08,99000,822,Other,Low,4,1,2,2
銀河鉄道999,2023,2023-02-20,99000,823,Other,Low,7,1,2,0
Dibu,2023,2023-02-27,99000,824,Other,Low,4,1,2,0
Welcome7DREAMtoThailand,2023,2023-03-09,99000,825,Other,Low,23,1,3,3
THE LAST TIME,2023,2023-06-17,99000,826,Other,Low,13,3,6,5
札幌記念,2023,2023-08-20,99000,827,Other,Low,4,1,8,6
Broncos,2023,2023-10-30,99000,828,Other,Low,7,1,10,0
敬老の日,2023,2023-09-18,99000,829,Other,Low,4,1,9,0
しばゆー,2023,2023-10-17,99000,830,Other,Low,4,1,10,1
Ten Hag,2023,2023-11-02,99000,831,Other,Low,7,2,11,3
Alejo Vidal,2023,2023-11-09,99000,832,Other,Low,11,2,11,3
モンハン新作,2023,2023-12-08,99000,833,Other,Low,6,1,12,4
カーヴェ,2023,2023-05-02,98000,834,Other,Low,4,1,5,1
Arrascaeta,2023,2023-07-30,98000,835,Other,Low,10,1,7,6
InternationalYogaDay,2023,2023-06-21,98000,836,Other,Low,20,1,6,2
taeil,2023,2023-08-15,98000,837,Other,Low,5,1,8,1
Dumbledore,2023,2023-09-28,98000,838,Other,Low,10,1,9,3
スプリンターズS,2023,2023-10-01,98000,839,Other,Low,8,1,10,6
ガルパ超大型アプデ発表会,2023,2023-01-09,97000,840,Other,Low,12,1,1,0
BBTitans,2023,2023-01-15,97000,841,Other,Low,8,1,1,6
BahrainGP,2023,2023-03-04,97000,842,Other,Low,9,1,3,5
Bruins,2023,2023-05-01,97000,843,Other,Low,6,1,5,0
ESC2023,2023,2023-05-13,97000,844,Other,Low,7,1,5,5
Suns,2023,2023-06-18,97000,845,Other,Low,4,1,6,6
يوم_الترويه,2023,2023-06-26,97000,846,Other,Low,11,1,6,0
EXO_TeaserImage5,2023,2023-07-02,97000,847,Other,Low,16,1,7,6
中山記念,2023,2023-02-26,96000,848,Other,Low,4,1,2,6
الهلال_الفتح,2023,2023-03-06,96000,849,Sports,Low,12,1,3,0
U149,2023,2023-04-05,96000,850,Other,Low,4,1,4,2
ตัวอย่างดับแสงรวี,2023,2023-06-15,96000,851,Other,Low,17,1,6,3
リオセスリ,2023,2023-09-15,96000,852,Other,Low,5,1,9,4
プリキュア,2023,2023-04-28,95000,853,Other,Low,5,1,4,4
roger guedes,2023,2023-08-01,95000,854,Other,Low,12,2,8,1
WelcomeTREASUREtoThailand,2023,2023-03-30,94000,855,Other,Low,25,1,3,3
CHELIV,2023,2023-04-04,94000,856,Other,Low,6,1,4,1
Wemby,2023,2023-07-08,94000,857,Other,Low,5,1,7,5
猿之助さん,2023,2023-05-18,94000,858,Other,Low,5,1,5,3
JUVFunInTheSunWithBecky,2023,2023-06-20,94000,859,Other,Low,23,1,6,1
タイタニック,2023,2023-06-24,94000,860,Other,Low,6,1,6,5
MartinFierro,2023,2023-07-10,94000,861,Other,Low,12,1,7,0
RAWXXX,2023,2023-01-24,93000,862,Other,Low,6,1,1,1
東京新聞杯,2023,2023-02-05,93000,863,Other,Low,5,1,2,6
Alaska,2023,2023-02-11,93000,864,Other,Low,6,1,2,5
Jimmy Butler,2023,2023-05-20,93000,865,Other,Low,12,2,5,5
BamBam_TOUR_AREA52,2023,2023-07-12,93000,866,Entertainment,Low,18,1,7,2
Weiss,2023,2023-08-11,93000,867,Other,Low,5,1,8,4
Knicks,2023,2023-04-27,92000,868,Other,Low,6,1,4,3
hailey,2023,2023-03-24,92000,869,Other,Low,6,1,3,4
RawAfterMania,2023,2023-04-04,92000,870,Other,Low,13,1,4,1
Borja,2023,2023-05-08,92000,871,Other,Low,5,1,5,0
Jaylen Brown,2023,2023-05-30,92000,872,Other,Low,12,2,5,1
日本シリーズ,2023,2023-10-28,92000,873,Other,Low,6,1,10,5
Netherlands,2023,2023-10-17,92000,874,Other,Low,11,1,10,1
Gibraltar,2023,2023-11-19,92000,875,Other,Low,9,1,11,6
spkgovtr,2023,2023-02-08,91000,876,Other,Low,8,1,2,2
Sami,2023,2023-02-19,91000,877,Other,Low,4,1,2,6
हनुमान_जन्मोत्सव,2023,2023-04-06,91000,878,Other,Low,16,1,4,3
Louisville,2023,2023-04-10,91000,879,Other,Low,10,1,4,0
neymar,2023,2023-04-19,91000,880,Other,Low,6,1,4,2
NBAFinals,2023,2023-06-13,91000,881,Sports,Low,9,1,6,1
Moreno,2023,2023-07-09,91000,882,Other,Low,6,1,7,6
Garland,2023,2023-08-11,91000,883,Other,Low,7,1,8,4
GPExplorer2,2023,2023-09-09,91000,884,Other,Low,11,1,9,5
CentralLadpraoxBFF2023_Nunew,2023,2023-09-21,91000,885,Other,Low,28,1,9,3
IsraelPalestineConflict,2023,2023-10-11,91000,886,Politics,Low,23,1,10,2
SixTONESANN,2023,2023-04-22,90000,887,Other,Low,11,1,4,5
TAEMINisback_DDAY,2023,2023-04-03,90000,888,Other,Low,17,1,4,0
Xavi,2023,2023-12-14,90000,889,Other,Low,4,1,12,3
ليله_27,2023,2023-04-17,90000,890,Other,Low,7,1,4,0
เม้าท์อยู่กับปากxบ้านแกรนด์,2023,2023-08-01,90000,891,Other,Low,27,1,8,1
우리슈퍼맨_루카스_생일축하해,2023,2023-01-24,89000,892,Other,Low,15,1,1,1
ヘブバン1周年,2023,2023-02-05,89000,893,Other,Low,7,1,2,6
Nicola Sturgeon,2023,2023-02-15,89000,894,Other,Low,15,2,2,2
Alisson,2023,2023-02-22,89000,895,Other,Low,7,1,2,2
ForaGustavo,2023,2023-02-24,89000,896,Other,Low,11,1,2,4
KanivaxBible,2023,2023-03-03,89000,897,Other,Low,12,1,3,4
KarnatakaElectionResults2023,2023,2023-05-13,89000,898,Politics,Low,28,1,5,5
TrainAccident,2023,2023-06-03,89000,899,Other,Low,13,1,6,5
Bruno Henrique,2023,2023-09-03,89000,900,Other,Low,14,2,9,6
アイコン,2023,2023-07-31,89000,901,Other,Low,4,1,7,0
SarochaSoloStageD1,2023,2023-08-13,89000,902,Other,Low,18,1,8,6
Noboa,2023,2023-08-21,89000,903,Other,Low,5,1,8,0
ベストヒット歌謡祭,2023,2023-11-16,89000,904,Other,Low,9,1,11,3
Oscars2023,2023,2023-01-24,88000,905,Entertainment,Low,10,1,1,1
UConn,2023,2023-04-04,88000,906,Other,Low,5,1,4,1
ラストエンペラー,2023,2023-04-02,88000,907,Other,Low,8,1,4,6
سالم,2023,2023-04-29,88000,908,Other,Low,4,1,4,5
الاتحاد_التعاون,2023,2023-05-03,88000,909,Other,Low,15,1,5,2
MSDhoni,2023,2023-05-29,88000,910,Other,Low,7,1,5,0
BeatPlasticPollution,2023,2023-06-05,88000,911,Other,Low,20,1,6,0
わっしょいCAMPなう,2023,2023-08-20,88000,912,Other,Low,11,1,8,6
Ravens,2023,2023-11-27,88000,913,Other,Low,6,1,11,0
Mitch McConnell,2023,2023-08-30,88000,914,Other,Low,15,2,8,2
ProvaDoFazendeiro,2023,2023-10-05,88000,915,Other,Low,17,1,10,3
الهلال_نافباخور,2023,2023-11-28,88000,916,Sports,Low,15,1,11,1
الاتحاد_الاهلي_المصري,2023,2023-12-15,88000,917,Sports,Low,21,1,12,4
黄旭熙生日快乐0125,2023,2023-01-24,87000,918,Other,Low,11,1,1,1
Christian Atsu,2023,2023-02-18,87000,919,Other,Low,14,2,2,5
Nagelsmann,2023,2023-03-24,87000,920,Other,Low,10,1,3,4
ディープボンド,2023,2023-06-25,87000,921,Other,Low,7,1,6,6
Havertz,2023,2023-08-26,87000,922,Other,Low,7,1,8,5
LINEMANxFreenBecky,2023,2023-08-22,87000,923,Entertainment,Low,18,1,8,1
渋谷事変,2023,2023-08-24,87000,924,Other,Low,4,1,8,3
WithGyuEveryMoment,2023,2023-08-29,87000,925,Other,Low,18,1,8,1
여름_끝자락의_빛나는별_김규빈,2023,2023-08-29,87000,926,Other,Low,16,1,8,1
Estudiantes,2023,2023-08-30,87000,927,Other,Low,11,1,8,2
ミリアニ実況,2023,2023-10-08,87000,928,Other,Low,6,1,10,6
豪華賞品,2023,2023-10-26,87000,929,Other,Low,4,1,10,3
BamBamAREA52inBKKDAY1,2023,2023-10-28,87000,930,Other,Low,21,1,10,5
Booba,2023,2023-12-01,87000,931,Other,Low,5,1,12,4
dr fred,2023,2023-01-25,86000,932,Other,Low,7,2,1,2
KEMALKILIÇDAROĞLU,2023,2023-03-06,86000,933,Other,Low,17,1,3,0
Lexa,2023,2023-03-16,86000,934,Other,Low,4,1,3,3
Lampard,2023,2023-04-08,86000,935,Other,Low,7,1,4,5
Buona Pasqua,2023,2023-04-09,86000,936,Other,Low,12,2,4,6
Leafs,2023,2023-04-30,86000,937,Other,Low,5,1,4,6
Melo,2023,2023-05-22,86000,938,Other,Low,4,1,5,0
FathersDay,2023,2023-06-18,86000,939,Holiday,Low,10,1,6,6
เรื่องเล่าเสาร์อาทิตย์xแบมแบม,2023,2023-08-27,86000,940,Other,Low,29,1,8,6
Nebraska,2023,2023-09-01,86000,941,Other,Low,8,1,9,4
BBUK,2023,2023-11-04,86000,942,Other,Low,4,1,11,5
Fabra,2023,2023-11-04,86000,943,Other,Low,5,1,11,5
呪術廻戦,2023,2023-11-09,86000,944,Other,Low,4,1,11,3
النصر_بيرسبوليس,2023,2023-11-27,86000,945,Sports,Low,15,1,11,0
Potter,2023,2023-04-01,85000,946,Other,Low,6,1,4,5
instagramdown,2023,2023-05-22,85000,947,Other,Low,13,1,5,0
スレッズ,2023,2023-07-06,85000,948,Other,Low,4,1,7,3
BB25,2023,2023-08-03,85000,949,Other,Low,4,1,8,3
پر_امن_ملک_گیر_احتجاج,2023,2023-08-05,85000,950,Other,Low,21,1,8,5
ドウデュース,2023,2023-10-29,85000,951,Other,Low,6,1,10,6
ホームラン,2023,2023-03-16,84000,952,Other,Low,5,1,3,3
Lamar,2023,2023-03-27,84000,953,Other,Low,5,1,3,0
SmileySoapxMGT,2023,2023-04-24,84000,954,Other,Low,14,1,4,0
HAVE A SAFE FLIGHT TAEHYUNG,2023,2023-06-30,84000,955,Other,Low,27,5,6,4
HAVE A SAFE FLIGHT JUNGKOOK,2023,2023-07-12,84000,956,Other,Low,27,5,7,2
ChangbinDayWithJutdae,2023,2023-08-10,84000,957,Other,Low,21,1,8,3
일곱빛의_꿈으로_펼쳐지는_7주년,2023,2023-08-24,84000,958,Other,Low,17,1,8,3
Diniz,2023,2023-11-17,84000,959,Other,Low,5,1,11,4
Wolves,2023,2023-09-16,84000,960,Other,Low,6,1,9,5
Rossi,2023,2023-09-21,84000,961,Other,Low,5,1,9,3
Bobby Charlton,2023,2023-10-21,84000,962,Other,Low,14,2,10,5
Casemiro,2023,2023-05-25,83000,963,Other,Low,8,1,5,3
API有料化,2023,2023-02-02,83000,964,Other,Low,6,1,2,3
SONA2023,2023,2023-02-09,83000,965,Other,Low,8,1,2,3
Cruzeiro,2023,2023-06-01,83000,966,Other,Low,8,1,6,3
dua lipa,2023,2023-05-01,83000,967,Entertainment,Low,8,2,5,0
Galatasaray,2023,2023-05-31,83000,968,Other,Low,11,1,5,2
Senegal,2023,2023-06-20,83000,969,Other,Low,7,1,6,1
Panamá,2023,2023-07-13,83000,970,Other,Low,6,1,7,3
줏대있게_창빈이_생일축하해,2023,2023-08-10,83000,971,Other,Low,14,1,8,3
HBD SOLOFREEN DAY1,2023,2023-08-13,83000,972,Other,Low,18,3,8,6
Ahsoka,2023,2023-09-13,83000,973,Other,Low,6,1,9,2
OpenAI,2023,2023-11-18,83000,974,Technology,Low,6,1,11,5
Clippers,2023,2023-02-09,82000,975,Other,Low,8,1,2,3
الهلال_الوحده,2023,2023-03-02,82000,976,Sports,Low,13,1,3,3
ElClasico,2023,2023-03-02,82000,977,Other,Low,9,1,3,3
王様に捧ぐ薬指,2023,2023-05-09,82000,978,Other,Low,7,1,5,1
Herrera,2023,2023-05-08,82000,979,Other,Low,7,1,5,0
AEWCollision,2023,2023-06-18,82000,980,Other,Low,12,1,6,6
Greenwood,2023,2023-08-16,82000,981,Social,Low,9,1,8,2
原神祝1000万フォロワー,2023,2023-08-23,82000,982,Other,Low,13,1,8,2
Will Smith,2023,2023-10-11,82000,983,Other,Low,10,2,10,2
Microsoft,2023,2023-11-20,82000,984,Technology,Low,9,1,11,0
Antony,2023,2023-12-30,81000,985,Other,Low,6,1,12,5
CriticsChoiceAwards,2023,2023-01-16,81000,986,Politics,Low,19,1,1,0
SoundCheckรักก็รักดิซีนุนิว,2023,2023-01-31,81000,987,Other,Low,27,1,1,1
sumika,2023,2023-02-24,81000,988,Other,Low,6,1,2,4
MothersDay,2023,2023-05-14,81000,989,Holiday,Low,10,1,5,6
Berni,2023,2023-04-03,81000,990,Other,Low,5,1,4,0
Blumenau,2023,2023-04-05,81000,991,Other,Low,8,1,4,2
TemptationIsland,2023,2023-07-10,81000,992,Other,Low,16,1,7,0
BattleOfTheBaddest,2023,2023-10-10,81000,993,Other,Low,18,1,10,1
ゆずxJO1夏色コラボで冬もぽかぽか,2023,2023-12-06,81000,994,Other,Low,18,1,12,2
SpeakerVote,2023,2023-01-07,80000,995,Politics,Low,11,1,1,5
Dolphins,2023,2023-10-23,80000,996,Other,Low,8,1,10,0
MLKDay,2023,2023-01-16,80000,997,Other,Low,6,1,1,0
NCT127_Say_AyYo,2023,2023-01-30,80000,998,Other,Low,15,1,1,0
33YinShopeeWar,2023,2023-03-03,80000,999,Politics,Low,14,1,3,4
USDC,2023,2023-03-11,80000,1000,Other,Low,4,1,3,5
メキシコ,2023,2023-03-20,80000,1001,Other,Low,4,1,3,0
Jアラート,2023,2023-04-13,80000,1002,Other,Low,5,1,4,3
Texans,2023,2023-04-28,80000,1003,Other,Low,6,1,4,4
경계경보,2023,2023-05-31,80000,1004,Other,Low,4,1,5,2
音楽の日,2023,2023-07-07,80000,1005,Other,Low,4,1,7,4
HappyBdayModiJi,2023,2023-09-17,80000,1006,Politics,Low,15,1,9,6
큰_항해가_펼쳐질_에이티즈5주년,2023,2023-10-23,80000,1007,Other,Low,17,1,10,0
AUSvsAFG,2023,2023-11-07,80000,1008,Other,Low,8,1,11,1
大判焼き,2023,2023-11-08,80000,1009,Other,Low,4,1,11,2
10Kasım,2023,2023-11-09,80000,1010,Other,Low,7,1,11,3
阪神JF,2023,2023-12-10,80000,1011,Other,Low,4,1,12,6
الاهلي_المصري_فلومينينسي,2023,2023-12-18,80000,1012,Sports,Low,24,1,12,0
Gavi,2023,2023-01-15,79000,1013,Other,Low,4,1,1,6
Mステ,2023,2023-06-02,79000,1014,Other,Low,3,1,6,4
ヒルナンデス,2023,2023-02-23,79000,1015,Other,Low,6,1,2,3
はじめてさんいらっしゃ〜い,2023,2023-03-15,79000,1016,Other,Low,13,1,3,2
The Wire,2023,2023-03-17,79000,1017,Other,Low,8,2,3,4
19MayısGenclikveSporBayramı,2023,2023-05-19,79000,1018,Other,Low,27,1,5,4
Grant Williams,2023,2023-05-20,79000,1019,Other,Low,14,2,5,5
サンリオキャラクター大賞,2023,2023-06-11,79000,1020,Other,Low,12,1,6,6
Genshin,2023,2023-08-16,79000,1021,Other,Low,7,1,8,2
USGP,2023,2023-10-21,79000,1022,Other,Low,4,1,10,5
LIVARS,2023,2023-12-23,79000,1023,Other,Low,6,1,12,5
Abel,2023,2023-10-06,78000,1024,Other,Low,4,1,10,4
hoseok,2023,2023-02-26,78000,1025,Other,Low,6,1,2,6
CarabaoCupFinal,2023,2023-02-26,78000,1026,Other,Low,15,1,2,6
メイドの日,2023,2023-05-10,78000,1027,Other,Low,5,1,5,2
yoona,2023,2023-07-03,78000,1028,Other,Low,5,1,7,0
仙台育英,2023,2023-08-23,78000,1029,Other,Low,4,1,8,2
Doyin,2023,2023-09-10,78000,1030,Other,Low,5,1,9,6
常闇トワ1stソロライブ,2023,2023-10-13,78000,1031,Other,Low,12,1,10,4
ウイニングチケット,2023,2023-02-18,77000,1032,Other,Low,9,1,2,5
モバマス,2023,2023-03-30,77000,1033,Other,Low,4,1,3,3
Westbrook,2023,2023-04-17,77000,1034,Other,Low,9,1,4,0
Sabonis,2023,2023-04-18,77000,1035,Other,Low,7,1,4,1
Dillon Brooks,2023,2023-05-02,77000,1036,Other,Low,13,2,5,1
地震大丈夫,2023,2023-05-05,77000,1037,Other,Low,5,1,5,4
Amanda Nunes,2023,2023-06-11,77000,1038,Other,Low,12,2,6,6
隅田川花火大会,2023,2023-07-29,77000,1039,Other,Low,7,1,7,5
Djokovic,2023,2023-08-21,77000,1040,Other,Low,8,1,8,0
Almirón,2023,2023-10-06,77000,1041,Other,Low,7,1,10,4
サルゴリラ,2023,2023-10-21,77000,1042,Other,Low,5,1,10,5
OpenseaExploit,2023,2023-11-13,77000,1043,Other,Low,14,1,11,0
ViVi国宝級イケメンランキング,2023,2023-12-14,77000,1044,Other,Low,16,1,12,3
UFC283,2023,2023-01-22,76000,1045,Sports,Low,6,1,1,6
महाशिवरात्रि,2023,2023-02-18,76000,1046,Other,Low,12,1,2,5
Sixers,2023,2023-05-14,76000,1047,Other,Low,6,1,5,6
BEFIRST,2023,2023-05-24,76000,1048,Other,Low,7,1,5,2
Cavani,2023,2023-11-04,76000,1049,Other,Low,6,1,11,5
GOTY,2023,2023-11-13,76000,1050,Other,Low,4,1,11,0
Pelé,2023,2023-12-07,76000,1051,Other,Low,4,1,12,3
AEWDynamite,2023,2023-04-06,75000,1052,Other,Low,11,1,4,3
Kante,2023,2023-04-04,75000,1053,Other,Low,5,1,4,1
الهلال_الطايي,2023,2023-04-10,75000,1054,Sports,Low,13,1,4,0
Leeds,2023,2023-04-17,75000,1055,Other,Low,5,1,4,0
GeminiFourthConcert,2023,2023-07-15,75000,1056,Entertainment,Low,19,1,7,5
LoveYourW2023,2023,2023-11-24,75000,1057,Other,Low,13,1,11,4
فوز_السعوديه,2023,2023-11-28,75000,1058,Other,Low,12,1,11,1
スレッタ,2023,2023-04-09,74000,1059,Other,Low,4,1,4,6
ForaBruna,2023,2023-04-10,74000,1060,Other,Low,9,1,4,0
鉄腕DASH,2023,2023-09-03,74000,1061,Other,Low,6,1,9,6
Seahawks,2023,2023-10-03,74000,1062,Other,Low,8,1,10,1
Scalise,2023,2023-10-11,74000,1063,Other,Low,7,1,10,2
Declan Rice,2023,2023-12-05,74000,1064,Other,Low,11,2,12,1
TSKsahaya,2023,2023-02-07,73000,1065,Other,Low,9,1,2,1
戌神ころね4周年,2023,2023-04-13,73000,1066,Other,Low,8,1,4,3
JHOPE,2023,2023-04-17,73000,1067,Other,Low,5,1,4,0
Kabine,2023,2023-06-03,73000,1068,Other,Low,6,1,6,5
उत्तर प्रदेश,2023,2023-06-05,73000,1069,Other,Low,12,2,6,0
Millonarios,2023,2023-06-25,73000,1070,Other,Low,11,1,6,6
Nick Chubb,2023,2023-09-19,73000,1071,Other,Low,10,2,9,1
Menendez,2023,2023-09-23,73000,1072,Other,Low,8,1,9,5
zionistterror,2023,2023-10-16,73000,1073,Other,Low,13,1,10,0
Saints,2023,2023-10-20,73000,1074,Other,Low,6,1,10,4
回転焼き,2023,2023-11-08,73000,1075,Other,Low,4,1,11,2
ORANGEBLOOD_OutNow,2023,2023-11-17,73000,1076,Other,Low,18,1,11,4
السوبر_التركي,2023,2023-12-30,73000,1077,Other,Low,13,1,12,5
Trevor Lawrence,2023,2023-01-15,72000,1078,Other,Low,15,2,1,6
タモリ倶楽部,2023,2023-02-22,72000,1079,Other,Low,6,1,2,2
Ellie,2023,2023-03-06,72000,1080,Other,Low,5,1,3,0
Şanlıurfa,2023,2023-03-15,72000,1081,Other,Low,9,1,3,2
Rover2ndWin,2023,2023-03-25,72000,1082,Other,Low,11,1,3,5
Maringá,2023,2023-04-14,72000,1083,Other,Low,7,1,4,4
SVT_8th_Anniversary,2023,2023-05-25,72000,1084,Other,Low,19,1,5,3
ノクナレア,2023,2023-08-10,72000,1085,Other,Low,5,1,8,3
フリーナ,2023,2023-09-25,72000,1086,Other,Low,4,1,9,0
Majul,2023,2023-11-06,72000,1087,Other,Low,5,1,11,0
Raya,2023,2023-12-05,72000,1088,Other,Low,4,1,12,1
今年の漢字,2023,2023-12-12,72000,1089,Other,Low,5,1,12,1
ليله_صوت_الارض,2023,2023-02-01,71000,1090,Other,Low,14,1,2,2
大病院占拠,2023,2023-03-04,71000,1091,Other,Low,5,1,3,5
Masvidal,2023,2023-04-09,71000,1092,Other,Low,8,1,4,6
النصر_الفيحاء,2023,2023-04-09,71000,1093,Sports,Low,13,1,4,6
Dybala,2023,2023-05-31,71000,1094,Other,Low,6,1,5,2
emma,2023,2023-06-05,71000,1095,Other,Low,4,1,6,0
原神予告番組,2023,2023-06-23,71000,1096,Other,Low,6,1,6,4
ワグネル,2023,2023-06-24,71000,1097,Other,Low,4,1,6,5
七夕の願い事,2023,2023-07-07,71000,1098,Other,Low,6,1,7,4
conrad,2023,2023-08-18,71000,1099,Other,Low,6,1,8,4
ZeeNuNewConcertDay1,2023,2023-09-30,71000,1100,Entertainment,Low,19,1,9,5
Jada,2023,2023-10-11,71000,1101,Other,Low,4,1,10,2
24KasımÖğretmenlerGünü,2023,2023-11-24,71000,1102,Other,Low,22,1,11,4
James Gunn,2023,2023-01-31,70000,1103,Other,Low,10,2,1,1
Bulls,2023,2023-04-13,70000,1104,Other,Low,5,1,4,3
moonbin,2023,2023-04-19,70000,1105,Other,Low,7,1,4,2
ムンビン,2023,2023-04-20,70000,1106,Other,Low,4,1,4,3
MIN YOONGI,2023,2023-04-21,70000,1107,Other,Low,10,2,4,4
النصر_الرايد,2023,2023-04-28,70000,1108,Sports,Low,12,1,4,4
Vidal,2023,2023-05-25,70000,1109,Other,Low,5,1,5,3
エウルア,2023,2023-06-23,70000,1110,Other,Low,4,1,6,4
Lizzo,2023,2023-08-01,70000,1111,Other,Low,5,1,8,1
GeminiFourthConcertD2,2023,2023-08-27,70000,1112,Entertainment,Low,21,1,8,6
Zach Wilson,2023,2023-09-12,70000,1113,Other,Low,11,2,9,1
CrownJewelSeulgiDay,2023,2023-02-09,69000,1114,Other,Low,19,1,2,3
गुरु पूर्णिमा,2023,2023-07-03,69000,1115,Other,Low,13,2,7,0
عزنا_فخرنا,2023,2023-07-14,69000,1116,Other,Low,10,1,7,4
OnlyFriendsSeriesEP2,2023,2023-08-19,69000,1117,Entertainment,Low,20,1,8,5
Stanford,2023,2023-10-14,69000,1118,Other,Low,8,1,10,5
4eveNowOrNeverConcert,2023,2023-12-16,69000,1119,Entertainment,Low,21,1,12,5
Julieta,2023,2023-02-16,68000,1120,Other,Low,7,1,2,3
DON QUIXOTE,2023,2023-01-06,68000,1121,Other,Low,11,2,1,4
Klopp,2023,2023-01-14,68000,1122,Other,Low,5,1,1,5
sporting,2023,2023-03-10,68000,1123,Sports,Low,8,1,3,4
BlueBeetle,2023,2023-04-03,68000,1124,Other,Low,10,1,4,0
Advincula,2023,2023-11-04,68000,1125,Other,Low,9,1,11,5
PILOTภพเธอ,2023,2023-06-05,68000,1126,Other,Low,10,1,6,0
2MLoveForBecky,2023,2023-06-15,68000,1127,Other,Low,14,1,6,3
Black Mirror,2023,2023-06-16,68000,1128,Other,Low,12,2,6,4
ITZY_BETONME,2023,2023-07-02,68000,1129,Other,Low,12,1,7,6
Cataluña,2023,2023-11-02,68000,1130,Other,Low,8,1,11,3
現役ドラフト,2023,2023-12-08,68000,1131,Other,Low,6,1,12,4
capitão holt,2023,2023-12-13,68000,1132,Other,Low,12,2,12,2
DCStudios,2023,2023-01-31,67000,1133,Other,Low,9,1,1,1
OMPSG,2023,2023-02-08,67000,1134,Sports,Low,5,1,2,2
مبارك_عليكم_الشهر,2023,2023-03-22,67000,1135,Other,Low,17,1,3,2
Shane,2023,2023-04-03,67000,1136,Other,Low,5,1,4,0
のっぽさん,2023,2023-05-10,67000,1137,Other,Low,5,1,5,2
Athletico,2023,2023-07-13,67000,1138,Other,Low,9,1,7,3
プリゴジン,2023,2023-08-23,67000,1139,Other,Low,5,1,8,2
HaddiniBilASpor,2023,2023-08-24,67000,1140,Other,Low,15,1,8,3
SafeFlightRebecca,2023,2023-09-07,67000,1141,Other,Low,17,1,9,3
جمعه_طوفان_الاقصي,2023,2023-10-13,67000,1142,Other,Low,17,1,10,4
Martial,2023,2023-05-25,66000,1143,Other,Low,7,1,5,3
冒険少年,2023,2023-03-27,66000,1144,Other,Low,4,1,3,0
Jalen Carter,2023,2023-04-28,66000,1145,Other,Low,12,2,4,4
ペンディングトレイン,2023,2023-06-23,66000,1146,Other,Low,10,1,6,4
Aぇヤンタン,2023,2023-06-14,66000,1147,Other,Low,6,1,6,2
Chandrayaan3,2023,2023-07-14,66000,1148,Other,Low,12,1,7,4
Bolívia,2023,2023-09-09,66000,1149,Other,Low,7,1,9,5
日本シリーズ,2023,2023-11-04,66000,1150,Other,Low,6,1,11,5
Maxwell,2023,2023-11-07,66000,1151,Other,Low,7,1,11,1
Lucho,2023,2023-11-17,66000,1152,Other,Low,5,1,11,4
OT2023,2023,2023-11-21,66000,1153,Other,Low,6,1,11,1
precure,2023,2023-02-12,65000,1154,Other,Low,7,1,2,6
GULF1stFMinSEOUL,2023,2023-01-14,65000,1155,Other,Low,16,1,1,5
TekCareEkZam,2023,2023-01-30,65000,1156,Other,Low,12,1,1,0
Venue101,2023,2023-04-08,65000,1157,Other,Low,8,1,4,5
haruto,2023,2023-04-13,65000,1158,Other,Low,6,1,4,3
Sampaoli,2023,2023-08-11,65000,1159,Other,Low,8,1,8,4
Terry Funk,2023,2023-08-23,65000,1160,Other,Low,10,2,8,2
FRAGIB,2023,2023-11-19,65000,1161,Other,Low,6,1,11,6
フロイニ,2023,2023-12-15,65000,1162,Other,Low,4,1,12,4
David Crosby,2023,2023-01-20,64000,1163,Other,Low,12,2,1,4
hatayiskenderun,2023,2023-02-08,64000,1164,Other,Low,15,1,2,2
FallenMisfitLost_Photo,2023,2023-04-11,64000,1165,Other,Low,22,1,4,1
STAY WITH FREENBECKY,2023,2023-08-01,64000,1166,Entertainment,Low,20,3,8,1
SixTONES_CREAK,2023,2023-08-14,64000,1167,Other,Low,14,1,8,0
スキズfeatLiSA_MV公開先行配信スタート,2023,2023-08-29,64000,1168,Other,Low,24,1,8,1
ナヴィア,2023,2023-11-06,64000,1169,Other,Low,4,1,11,0
FCBvGS,2023,2023-11-08,64000,1170,Other,Low,6,1,11,2
MUNLEE,2023,2023-02-08,63000,1171,Other,Low,6,1,2,2
은우의_모든날이_찬란한_봄이길,2023,2023-03-29,63000,1172,Other,Low,16,1,3,2
教場0,2023,2023-04-10,63000,1173,Other,Low,3,1,4,0
FML_D12,2023,2023-04-11,63000,1174,Other,Low,7,1,4,1
咲き誇れ23歳の大平祥生,2023,2023-04-12,63000,1175,Other,Low,12,1,4,2
cashappvacay,2023,2023-06-06,63000,1176,Other,Low,12,1,6,1
Debatea7RTVE,2023,2023-07-13,63000,1177,Politics,Low,12,1,7,3
ISTJ3rdWin,2023,2023-07-29,63000,1178,Other,Low,10,1,7,5
ForeverFreenBecky,2023,2023-08-01,63000,1179,Entertainment,Low,17,1,8,1
Arteta,2023,2023-08-26,63000,1180,Other,Low,6,1,8,5
ラプラス2周年LIVE,2023,2023-11-26,63000,1181,Other,Low,11,1,11,6
GHVIPGala12,2023,2023-12-01,63000,1182,Other,Low,11,1,12,4
東京ドーム,2023,2023-12-09,63000,1183,Other,Low,5,1,12,5
BVBPSG,2023,2023-12-14,63000,1184,Sports,Low,6,1,12,3
ドンブラザーズ,2023,2023-02-12,62000,1185,Other,Low,7,1,2,6
Mahashivratri,2023,2023-02-18,62000,1186,Other,Low,13,1,2,5
AustralianGP,2023,2023-04-02,62000,1187,Other,Low,12,1,4,6
スルーセブンシーズ,2023,2023-06-25,62000,1188,Other,Low,9,1,6,6
キントレ,2023,2023-07-01,62000,1189,Other,Low,4,1,7,5
NXTGAB,2023,2023-07-31,62000,1190,Other,Low,6,1,7,0
pokemonpresents,2023,2023-08-08,62000,1191,Other,Low,15,1,8,1
アスクビクターモア,2023,2023-08-09,62000,1192,Other,Low,9,1,8,2
NeerajChopra,2023,2023-08-28,62000,1193,Other,Low,12,1,8,0
Rema,2023,2023-10-30,62000,1194,Other,Low,4,1,10,0
デザフェス,2023,2023-11-11,62000,1195,Other,Low,5,1,11,5
OTDirecto9D,2023,2023-12-09,62000,1196,Other,Low,11,1,12,5
DoctorWho,2023,2023-12-09,62000,1197,Other,Low,9,1,12,5
Buffalo,2023,2023-01-22,61000,1198,Other,Low,7,1,1,6
キングオージャー,2023,2023-10-15,61000,1199,Other,Low,8,1,10,6
Sainz,2023,2023-04-02,61000,1200,Other,Low,5,1,4,6
Chase,2023,2023-05-29,61000,1201,Other,Low,5,1,5,0
อิงล็อตXบ้านแกรนด์,2023,2023-06-11,61000,1202,Other,Low,18,1,6,6
AllStarGame,2023,2023-07-12,61000,1203,Other,Low,11,1,7,2
Anahi,2023,2023-08-26,61000,1204,Other,Low,5,1,8,5
格付けチェック,2023,2023-01-01,60000,1205,Other,Low,7,1,1,6
AntalyadaKaraGece,2023,2023-01-03,60000,1206,Other,Low,17,1,1,1
TXT_Farewell,2023,2023-01-12,60000,1207,Other,Low,12,1,1,3
Shannon Sharpe,2023,2023-01-21,60000,1208,Other,Low,14,2,1,5
رونالدو,2023,2023-12-01,60000,1209,Other,Low,7,1,12,4
JO1ANNX,2023,2023-08-02,60000,1210,Other,Low,7,1,8,2
CSKvLSG,2023,2023-04-03,60000,1211,Other,Low,7,1,4,0
Pereira,2023,2023-04-19,60000,1212,Other,Low,7,1,4,2
Cormac McCarthy,2023,2023-06-14,60000,1213,Other,Low,15,2,6,2
The Band,2023,2023-08-10,60000,1214,Other,Low,8,2,8,3
CORNELIA STREET,2023,2023-08-27,60000,1215,Other,Low,15,2,8,6
ProsecuteRaisiNOW,2023,2023-09-19,60000,1216,Other,Low,17,1,9,1
Toulouse,2023,2023-11-09,60000,1217,Other,Low,8,1,11,3
BOC2023Projects,2023,2023-01-18,59000,1218,Other,Low,15,1,1,2
Morty,2023,2023-01-25,59000,1219,Other,Low,5,1,1,2
TOBE新たな時代へ,2023,2023-03-21,59000,1220,Other,Low,10,1,3,1
WorldHealthDay,2023,2023-04-07,59000,1221,Social,Low,14,1,4,4
SEVMUN,2023,2023-04-20,59000,1222,Other,Low,6,1,4,3
Karina,2023,2023-04-29,59000,1223,Other,Low,6,1,4,5
Ali Yeşildağ,2023,2023-05-05,59000,1224,Other,Low,12,2,5,4
THEFIRSTTAKE,2023,2023-05-12,59000,1225,Other,Low,12,1,5,4
Ali Koç,2023,2023-06-04,59000,1226,Other,Low,7,2,6,6
Catherine,2023,2023-07-05,59000,1227,Other,Low,9,1,7,2
Emilio,2023,2023-07-10,59000,1228,Other,Low,6,1,7,0
AFavelaLoveStory,2023,2023-08-18,59000,1229,Other,Low,16,1,8,4
EGOIST,2023,2023-08-26,59000,1230,Other,Low,6,1,8,5
津波注意報,2023,2023-10-09,59000,1231,Other,Low,5,1,10,0
東海オンエア,2023,2023-10-17,59000,1232,Other,Low,6,1,10,1
percy jackson,2023,2023-12-20,59000,1233,Other,Low,13,2,12,2
Friday the 13th,2023,2023-01-13,58000,1234,Other,Low,15,3,1,4
キンプる,2023,2023-03-11,58000,1235,Other,Low,4,1,3,5
الاتحاد_النصر,2023,2023-01-26,58000,1236,Sports,Low,13,1,1,3
ニャオハ,2023,2023-04-14,58000,1237,Other,Low,4,1,4,4
Leclerc,2023,2023-05-06,58000,1238,Other,Low,7,1,5,5
立てこもり,2023,2023-05-25,58000,1239,Other,Low,5,1,5,3
재난문자,2023,2023-05-31,58000,1240,Other,Low,4,1,5,2
Domingo German,2023,2023-06-29,58000,1241,Other,Low,14,2,6,3
KontakKapat,2023,2023-07-16,58000,1242,Other,Low,11,1,7,6
benzin,2023,2023-07-16,58000,1243,Other,Low,6,1,7,6
Cuiabá,2023,2023-08-07,58000,1244,Other,Low,6,1,8,0
BrandedFeatures,2023,2023-08-30,58000,1245,Technology,Low,15,1,8,2
PAKvsSA,2023,2023-10-27,58000,1246,Other,Low,7,1,10,4
LYKN_NoWorriesMV,2023,2023-11-01,58000,1247,Other,Low,16,1,11,2
LYKN X BECKY OFFICIAL MV,2023,2023-11-01,58000,1248,Politics,Low,24,5,11,2
Rockstar,2023,2023-12-05,58000,1249,Other,Low,8,1,12,1
iplauction2024,2023,2023-12-19,58000,1250,Other,Low,14,1,12,1
IPL2024Auction,2023,2023-12-19,58000,1251,Other,Low,14,1,12,1
Tulane,2023,2023-01-03,57000,1252,Other,Low,6,1,1,1
DALvsTB,2023,2023-01-17,57000,1253,Other,Low,7,1,1,1
NBAAllStar,2023,2023-02-19,57000,1254,Sports,Low,10,1,2,6
Imperatriz,2023,2023-02-22,57000,1255,Other,Low,10,1,2,2
Bad Bunny,2023,2023-04-15,57000,1256,Entertainment,Low,9,2,4,5
Gerson,2023,2023-04-27,57000,1257,Other,Low,6,1,4,3
Levis,2023,2023-04-28,57000,1258,Other,Low,5,1,4,4
Hakan Fidan,2023,2023-06-03,57000,1259,Other,Low,11,2,6,5
人気投票ガチャ,2023,2023-07-11,57000,1260,Other,Low,7,1,7,1
BlueMonday,2023,2023-01-16,56000,1261,Other,Low,10,1,1,0
薩摩ホグワーツ,2023,2023-02-14,56000,1262,Other,Low,7,1,2,1
Tadeu,2023,2023-02-21,56000,1263,Other,Low,5,1,2,1
يوم_الجمعه,2023,2023-03-10,56000,1264,Other,Low,10,1,3,4
Ituano,2023,2023-03-12,56000,1265,Other,Low,6,1,3,6
MARJORIE,2023,2023-03-18,56000,1266,Other,Low,8,1,3,5
スノニューMV,2023,2023-04-12,56000,1267,Other,Low,7,1,4,2
Hawks,2023,2023-04-26,56000,1268,Other,Low,5,1,4,2
Copa do Brasil,2023,2023-05-02,56000,1269,Sports,Low,14,3,5,1
De Gea,2023,2023-08-10,56000,1270,Other,Low,6,2,8,3
ぐるナイ,2023,2023-10-12,56000,1271,Other,Low,4,1,10,3
キティちゃん,2023,2023-11-01,56000,1272,Other,Low,6,1,11,2
Kアリーナ,2023,2023-11-23,56000,1273,Other,Low,5,1,11,3
イクイノックス引退,2023,2023-11-30,56000,1274,Other,Low,9,1,11,3
ホロお正月CUP2023,2023,2023-01-07,55000,1275,Other,Low,12,1,1,5
DavisGarcia,2023,2023-01-08,55000,1276,Politics,Low,11,1,1,6
Daniel Jones,2023,2023-10-03,55000,1277,Other,Low,12,2,10,1
上様とお祭りじゃんけん,2023,2023-03-15,55000,1278,Other,Low,11,1,3,2
الشهر الفضيل,2023,2023-03-22,55000,1279,Other,Low,12,2,3,2
UFCSanAntonio,2023,2023-03-26,55000,1280,Sports,Low,13,1,3,6
それパク,2023,2023-04-12,55000,1281,Other,Low,4,1,4,2
Trae Young,2023,2023-04-26,55000,1282,Other,Low,10,2,4,2
TaylorCameron,2023,2023-05-20,55000,1283,Entertainment,Low,13,1,5,5
snow on the beach,2023,2023-05-26,55000,1284,Other,Low,17,4,5,4
UECLfinal,2023,2023-06-07,55000,1285,Other,Low,9,1,6,2
Demichelis,2023,2023-08-09,55000,1286,Other,Low,10,1,8,2
KANA,2023,2023-12-11,55000,1287,Other,Low,4,1,12,0
صباح_الخير,2023,2023-01-31,54000,1288,Other,Low,10,1,1,1
Lazada22xGeminiFourth,2023,2023-02-01,54000,1289,Other,Low,21,1,2,2
Türkiyem,2023,2023-02-06,54000,1290,Other,Low,8,1,2,0
MayThe4thBeWithYou,2023,2023-05-04,54000,1291,Other,Low,18,1,5,3
Tigres,2023,2023-05-21,54000,1292,Other,Low,6,1,5,6
Mets,2023,2023-06-09,54000,1293,Other,Low,4,1,6,4
Marcus Smart,2023,2023-06-22,54000,1294,Other,Low,12,2,6,3
Bluesky,2023,2023-07-01,54000,1295,Other,Low,7,1,7,5
アップデート,2023,2023-07-29,54000,1296,Other,Low,6,1,7,5
甲子園決勝,2023,2023-08-23,54000,1297,Other,Low,5,1,8,2
Group F,2023,2023-08-31,54000,1298,Other,Low,7,2,8,3
Debate2023,2023,2023-10-09,54000,1299,Politics,Low,10,1,10,0
しゅごキャラ,2023,2023-10-03,54000,1300,Other,Low,6,1,10,1
BizimÇocuklar,2023,2023-10-15,54000,1301,Other,Low,13,1,10,6
GHVIPSemifinal,2023,2023-12-21,54000,1302,Other,Low,14,1,12,3
Gareth Bale,2023,2023-01-09,53000,1303,Other,Low,11,2,1,0
Elisa,2023,2023-02-11,53000,1304,Other,Low,5,1,2,5
Goya2023,2023,2023-02-12,53000,1305,Other,Low,8,1,2,6
NocheCero,2023,2023-02-18,53000,1306,Other,Low,9,1,2,5
レモンポップ,2023,2023-02-19,53000,1307,Other,Low,6,1,2,6
SalarioRosaContinua,2023,2023-03-01,53000,1308,Other,Low,19,1,3,2
アルマゲドン,2023,2023-03-17,53000,1309,Other,Low,6,1,3,4
シャニマス5th_day1,2023,2023-03-18,53000,1310,Other,Low,13,1,3,5
JaYxYuuri_Cover_Collab,2023,2023-03-18,53000,1311,Other,Low,22,1,3,5
بنزيما,2023,2023-06-04,53000,1312,Other,Low,6,1,6,6
Raptors,2023,2023-04-13,53000,1313,Other,Low,7,1,4,3
Shotaro,2023,2023-05-24,53000,1314,Other,Low,7,1,5,2
Happy 8th,2023,2023-05-25,53000,1315,Other,Low,9,2,5,3
Modric,2023,2023-06-18,53000,1316,Other,Low,6,1,6,6
Ferka,2023,2023-06-26,53000,1317,Other,Low,5,1,6,0
ブラウザ,2023,2023-07-01,53000,1318,Other,Low,4,1,7,5
ウソ婚,2023,2023-07-18,53000,1319,Other,Low,3,1,7,1
ARSFUL,2023,2023-08-26,53000,1320,Other,Low,6,1,8,5
OccupyJulorbiHouse,2023,2023-09-21,53000,1321,Other,Low,18,1,9,3
Ryan Day,2023,2023-11-25,53000,1322,Other,Low,8,2,11,5
Ginny,2023,2023-01-06,52000,1323,Other,Low,5,1,1,4
Burt Bacharach,2023,2023-02-09,52000,1324,Other,Low,14,2,2,3
ApuracaoRJ,2023,2023-02-22,52000,1325,Other,Low,10,1,2,2
RCBvsLSG,2023,2023-04-10,52000,1326,Other,Low,8,1,4,0
jongin,2023,2023-05-03,52000,1327,Other,Low,6,1,5,2
Léo Pereira,2023,2023-05-21,52000,1328,Other,Low,11,2,5,6
ただできないといわれたら仕方がない,2023,2023-05-22,52000,1329,Other,Low,17,1,5,0
Happy New Month,2023,2023-06-01,52000,1330,Other,Low,15,3,6,3
VoleiNoSporTV,2023,2023-06-16,52000,1331,Sports,Low,13,1,6,4
設営完了,2023,2023-12-30,52000,1332,Other,Low,4,1,12,5
ライコウ,2023,2023-08-08,52000,1333,Other,Low,4,1,8,1
バスケW杯2023,2023,2023-09-02,52000,1334,Other,Low,9,1,9,5
Achilles,2023,2023-09-12,52000,1335,Other,Low,8,1,9,1
PreEstreiaAFazenda,2023,2023-09-19,52000,1336,Other,Low,18,1,9,1
デコピン,2023,2023-12-15,52000,1337,Other,Low,4,1,12,4
ジャンフェス,2023,2023-12-16,52000,1338,Other,Low,6,1,12,5
Ivete,2023,2023-12-21,52000,1339,Other,Low,5,1,12,3
발렌타인데이,2023,2023-02-13,51000,1340,Other,Low,6,1,2,0
DAYTONA500,2023,2023-02-19,51000,1341,Other,Low,10,1,2,6
TSxCapitalOne,2023,2023-03-06,51000,1342,Other,Low,13,1,3,0
Always_x_DriedFlower,2023,2023-03-18,51000,1343,Entertainment,Low,20,1,3,5
TierraDeNadie8,2023,2023-04-26,51000,1344,Other,Low,14,1,4,2
ミオリネ,2023,2023-05-07,51000,1345,Other,Low,4,1,5,6
あなたの子安武人はどこから,2023,2023-06-19,51000,1346,Other,Low,13,1,6,0
Asnawi,2023,2023-06-19,51000,1347,Other,Low,6,1,6,0
Rutte,2023,2023-07-07,51000,1348,Other,Low,5,1,7,4
Lavia,2023,2023-08-10,51000,1349,Other,Low,5,1,8,3
ほん怖,2023,2023-08-19,51000,1350,Other,Low,3,1,8,5
Sri Lanka,2023,2023-09-14,51000,1351,Other,Low,9,2,9,3
Petri,2023,2023-09-21,51000,1352,Other,Low,5,1,9,3
ベストナイン,2023,2023-11-27,51000,1353,Other,Low,6,1,11,0
M1グランプリ,2023,2023-12-24,51000,1354,Other,Low,7,1,12,6
SASUKE2023,2023,2023-12-27,51000,1355,Other,Low,10,1,12,2
Staley,2023,2023-01-15,50000,1356,Other,Low,6,1,1,6
AZN_LIVEday1,2023,2023-02-04,50000,1357,Other,Low,12,1,2,5
舞いあがれ,2023,2023-02-17,50000,1358,Other,Low,5,1,2,4
スピッツ,2023,2023-03-01,50000,1359,Other,Low,4,1,3,2
또있지또있지_런쥔이_생일,2023,2023-03-22,50000,1360,Other,Low,13,1,3,2
ZIP,2023,2023-03-27,50000,1361,Other,Low,3,1,3,0
Snoop,2023,2023-04-03,50000,1362,Other,Low,5,1,4,0
البليهي,2023,2023-12-01,50000,1363,Other,Low,7,1,12,4
LesFlammes2023,2023,2023-05-11,50000,1364,Other,Low,14,1,5,3
ソールオリエンス,2023,2023-05-28,50000,1365,Other,Low,8,1,5,6
Dear John,2023,2023-06-25,50000,1366,Technology,Low,9,2,6,6
Deyverson,2023,2023-08-07,50000,1367,Other,Low,9,1,8,0
المغرب,2023,2023-09-09,50000,1368,Other,Low,6,1,9,5
HappyBirthdayRM,2023,2023-09-11,50000,1369,Other,Low,15,1,9,0
ヌヴィレット,2023,2023-09-27,50000,1370,Other,Low,6,1,9,2
LEO MONTH BEGINS,2023,2023-10-01,50000,1371,Other,Low,16,3,10,6
JACKANDJOKER,2023,2023-11-30,50000,1372,Other,Low,12,1,11,3
NEWMUN,2023,2023-12-02,50000,1373,Other,Low,6,1,12,5
PPKritThe1stFanMeeting,2023,2023-01-28,49000,1374,Other,Low,22,1,1,5
FebruaryStarJihyoDay,2023,2023-01-31,49000,1375,Other,Low,20,1,1,1
Garnacho,2023,2023-06-19,49000,1376,Other,Low,8,1,6,0
Raquel Welch,2023,2023-02-15,49000,1377,Other,Low,12,2,2,2
Dania,2023,2023-03-15,49000,1378,Other,Low,5,1,3,2
シャンパンファイト,2023,2023-03-22,49000,1379,Other,Low,9,1,3,2
LakeShow,2023,2023-05-13,49000,1380,Other,Low,8,1,5,5
Cássio,2023,2023-08-30,49000,1381,Other,Low,6,1,8,2
Karl Lagerfeld,2023,2023-05-01,49000,1382,Other,Low,14,2,5,0
SABRINA,2023,2023-06-02,49000,1383,Other,Low,7,1,6,4
Bragantino,2023,2023-06-23,49000,1384,Other,Low,10,1,6,4
McLaren,2023,2023-07-08,49000,1385,Other,Low,7,1,7,5
Eliana,2023,2023-08-08,49000,1386,Other,Low,6,1,8,1
Venita,2023,2023-09-10,49000,1387,Other,Low,6,1,9,6
Renê,2023,2023-09-28,49000,1388,Other,Low,4,1,9,3
StarAcademy,2023,2023-12-23,49000,1389,Other,Low,11,1,12,5
NuNew2ndSingle,2023,2023-11-26,49000,1390,Other,Low,14,1,11,6
ヴェルディ,2023,2023-12-02,49000,1391,Other,Low,5,1,12,5
Catalina,2023,2023-12-14,49000,1392,Other,Low,8,1,12,3
Maine,2023,2023-12-29,49000,1393,Other,Low,5,1,12,4
Ohio State,2023,2023-12-30,49000,1394,Other,Low,10,2,12,5
Dani Alves,2023,2023-01-20,48000,1395,Other,Low,10,2,1,4
amici22,2023,2023-05-06,48000,1396,Other,Low,7,1,5,5
Ferran,2023,2023-02-19,48000,1397,Other,Low,6,1,2,6
Dudu,2023,2023-04-09,48000,1398,Other,Low,4,1,4,6
Água Santa,2023,2023-04-09,48000,1399,Holiday,Low,10,2,4,6
JacksonWangCoachella,2023,2023-04-17,48000,1400,Other,Low,20,1,4,0
Jared Leto,2023,2023-05-02,48000,1401,Other,Low,10,2,5,1
バウアー,2023,2023-07-06,48000,1402,Other,Low,4,1,7,3
阪神タイガース,2023,2023-10-28,48000,1403,Other,Low,7,1,10,5
DayDay,2023,2023-06-05,48000,1404,Other,Low,6,1,6,0
Mitch,2023,2023-06-14,48000,1405,Other,Low,5,1,6,2
النصر_الاتحاد_المنستيري,2023,2023-07-31,48000,1406,Sports,Low,23,1,7,0
الهلال_الوداد,2023,2023-08-02,48000,1407,Sports,Low,13,1,8,2
Richarlison,2023,2023-09-09,48000,1408,Other,Low,11,1,9,5
WOLLIV,2023,2023-09-16,48000,1409,Other,Low,6,1,9,5
Fábio,2023,2023-10-05,48000,1410,Other,Low,5,1,10,3
Bielsa,2023,2023-11-17,48000,1411,Other,Low,6,1,11,4
Falcons,2023,2023-12-17,48000,1412,Other,Low,7,1,12,6
unprofessore2,2023,2023-12-21,48000,1413,Other,Low,13,1,12,3
Grizzlies,2023,2023-01-21,47000,1414,Other,Low,9,1,1,5
仮面ライダーギーツ,2023,2023-02-12,47000,1415,Other,Low,9,1,2,6
PulwamaAttack,2023,2023-02-14,47000,1416,Other,Low,13,1,2,1
松本零士先生,2023,2023-02-20,47000,1417,Other,Low,6,1,2,0
ضمك_النصر,2023,2023-02-25,47000,1418,Sports,Low,9,1,2,5
LEIARS,2023,2023-02-25,47000,1419,Other,Low,6,1,2,5
만우절 기념,2023,2023-03-31,47000,1420,Other,Low,6,2,3,4
カリオストロ,2023,2023-05-05,47000,1421,Other,Low,6,1,5,4
SVGala14,2023,2023-06-02,47000,1422,Other,Low,8,1,6,4
アリエル,2023,2023-06-02,47000,1423,Other,Low,4,1,6,4
Stanley Cup,2023,2023-06-14,47000,1424,Other,Low,11,2,6,2
William Friedkin,2023,2023-08-07,47000,1425,Other,Low,16,2,8,0
Trey Lance,2023,2023-08-26,47000,1426,Other,Low,10,2,8,5
Bruninho,2023,2023-09-11,47000,1427,Other,Low,8,1,9,0
カワカミプリンセス,2023,2023-09-12,47000,1428,Other,Low,9,1,9,1
FactCheck2ndWin,2023,2023-10-13,47000,1429,Other,Low,15,1,10,4
Ceballos,2023,2023-01-20,46000,1430,Other,Low,8,1,1,4
Budget2023,2023,2023-02-01,46000,1431,Other,Low,10,1,2,2
الاهلي_ريال_مدريد,2023,2023-02-08,46000,1432,Politics,Low,17,1,2,2
まことお兄さん,2023,2023-02-20,46000,1433,Other,Low,7,1,2,0
タイトルホルダー,2023,2023-03-25,46000,1434,Other,Low,8,1,3,5
Shiv,2023,2023-05-08,46000,1435,Other,Low,4,1,5,0
talkwithbecky,2023,2023-05-12,46000,1436,Other,Low,13,1,5,4
ラプラス生誕祭2023,2023,2023-05-25,46000,1437,Other,Low,11,1,5,3
リトルマーメイド,2023,2023-06-02,46000,1438,Other,Low,8,1,6,4
Billkin04NovImpactArena,2023,2023-06-27,46000,1439,Other,Low,23,1,6,1
相葉マナブ,2023,2023-07-09,46000,1440,Other,Low,5,1,7,6
Solari,2023,2023-08-02,46000,1441,Other,Low,6,1,8,2
Faustão,2023,2023-08-28,46000,1442,Other,Low,7,1,8,0
HYUNJIN_RUSHREMIX,2023,2023-08-31,46000,1443,Other,Low,17,1,8,3
ホーキンソン,2023,2023-09-02,46000,1444,Other,Low,6,1,9,5
港区女子,2023,2023-10-03,46000,1445,Other,Low,4,1,10,1
AMINAjaDulu,2023,2023-10-19,46000,1446,Other,Low,11,1,10,3
ラモーヌ,2023,2023-10-19,46000,1447,Other,Low,4,1,10,3
INDvsSA,2023,2023-11-05,46000,1448,Other,Low,7,1,11,6
GSvMUN,2023,2023-11-29,46000,1449,Other,Low,6,1,11,2
ラウール,2023,2023-12-06,46000,1450,Other,Low,4,1,12,2
Ariel,2023,2023-01-05,45000,1451,Other,Low,5,1,1,3
Bucks,2023,2023-02-15,45000,1452,Other,Low,5,1,2,2
EmbraceEquity,2023,2023-03-08,45000,1453,Other,Low,13,1,3,2
Princeton,2023,2023-03-17,45000,1454,Other,Low,9,1,3,4
UCLA,2023,2023-03-24,45000,1455,Other,Low,4,1,3,4
Rhea,2023,2023-04-02,45000,1456,Other,Low,4,1,4,6
HanumanJayanti,2023,2023-04-06,45000,1457,Other,Low,14,1,4,3
カミオト,2023,2023-06-03,45000,1458,Other,Low,4,1,6,5
oneสนั่นจอ2023xซีพฤกษ์,2023,2023-06-20,45000,1459,Other,Low,22,1,6,1
shindanmaker,2023,2023-07-07,45000,1460,Other,Low,12,1,7,4
karlie,2023,2023-08-10,45000,1461,Other,Low,6,1,8,3
山本由伸,2023,2023-11-04,45000,1462,Other,Low,4,1,11,5
Zinchenko,2023,2023-12-23,45000,1463,Other,Low,9,1,12,5
Vijayakanth,2023,2023-12-28,45000,1464,Other,Low,11,1,12,3
ヨハンナ,2023,2023-02-04,44000,1465,Other,Low,4,1,2,5
Brits2023,2023,2023-02-12,44000,1466,Other,Low,9,1,2,6
Hamza,2023,2023-02-17,44000,1467,Other,Low,5,1,2,4
ハーツクライ,2023,2023-03-10,44000,1468,Other,Low,6,1,3,4
MarchMadness,2023,2023-03-16,44000,1469,Other,Low,12,1,3,3
Trent,2023,2023-04-17,44000,1470,Other,Low,5,1,4,0
SmileAgain,2023,2023-05-24,44000,1471,Other,Low,10,1,5,2
Thaisa,2023,2023-06-16,44000,1472,Other,Low,6,1,6,4
メリュジーヌ,2023,2023-08-15,44000,1473,Other,Low,6,1,8,1
らでん初配信,2023,2023-09-10,44000,1474,Other,Low,6,1,9,6
ONEDAY,2023,2023-10-09,44000,1475,Other,Low,6,1,10,0
Lolla,2023,2023-11-07,44000,1476,Other,Low,5,1,11,1
ゲマズライブ2023,2023,2023-11-23,44000,1477,Other,Low,10,1,11,3
二度と撮れない画像を貼れ,2023,2023-11-25,44000,1478,Other,Low,12,1,11,5
ドジャース,2023,2023-12-09,44000,1479,Other,Low,5,1,12,5
和牛解散,2023,2023-12-12,44000,1480,Other,Low,4,1,12,1
Rams,2023,2023-09-26,43000,1481,Other,Low,4,1,9,1
Hayırlı Cumalar,2023,2023-01-20,43000,1482,Other,Low,15,2,1,4
決戦ロマサガRS,2023,2023-02-23,43000,1483,Other,Low,8,1,2,3
スクフェス,2023,2023-04-15,43000,1484,Other,Low,5,1,4,5
DPRCHELLA,2023,2023-04-17,43000,1485,Other,Low,9,1,4,0
公式マーク,2023,2023-04-21,43000,1486,Other,Low,5,1,4,4
Sterling,2023,2023-05-02,43000,1487,Other,Low,8,1,5,1
Serbia,2023,2023-05-13,43000,1488,Other,Low,6,1,5,5
水着キャストリア,2023,2023-07-29,43000,1489,Other,Low,8,1,7,5
KomisyondaAdilOlTFF,2023,2023-08-02,43000,1490,Other,Low,19,1,8,2
स्वतंत्रता_दिवस,2023,2023-08-15,43000,1491,Other,Low,15,1,8,1
아기두목_박지효_솔로데뷔,2023,2023-08-18,43000,1492,Other,Low,13,1,8,4
ختام_الاستديو,2023,2023-08-28,43000,1493,Other,Low,13,1,8,0
AskSRK,2023,2023-09-03,43000,1494,Other,Low,6,1,9,6
EstreiaAFazenda,2023,2023-09-20,43000,1495,Other,Low,15,1,9,2
SHOxRIEHATA,2023,2023-09-25,43000,1496,Other,Low,11,1,9,0
DJ Moore,2023,2023-10-06,43000,1497,Other,Low,8,2,10,4
Martinelli,2023,2023-12-29,43000,1498,Other,Low,10,1,12,4
الاهلي_ضمك,2023,2023-11-09,43000,1499,Sports,Low,10,1,11,3
ククルカン,2023,2023-02-07,42000,1500,Other,Low,5,1,2,1
Bournemouth,2023,2023-03-04,42000,1501,Other,Low,11,1,3,5
Kawhi,2023,2023-04-17,42000,1502,Other,Low,5,1,4,0
Nolan Smith,2023,2023-04-28,42000,1503,Other,Low,11,2,4,4
Hopkins,2023,2023-05-26,42000,1504,Other,Low,7,1,5,4
Alcaraz,2023,2023-07-14,42000,1505,Other,Low,7,1,7,4
なでしこジャパン,2023,2023-08-11,42000,1506,Other,Low,8,1,8,4
ErkinKoray,2023,2023-08-07,42000,1507,Other,Low,10,1,8,0
Medvedev,2023,2023-09-09,42000,1508,Other,Low,8,1,9,5
Sam Altman,2023,2023-11-18,42000,1509,Other,Low,10,2,11,5
Jags,2023,2023-01-08,41000,1510,Other,Low,4,1,1,6
予約ツイート,2023,2023-02-08,41000,1511,Other,Low,6,1,2,2
Gonzaga,2023,2023-03-24,41000,1512,Other,Low,7,1,3,4
ジャンプチ5周年,2023,2023-03-28,41000,1513,Other,Low,8,1,3,1
สามล้านหกตกหลุมรักซี,2023,2023-06-14,41000,1514,Other,Low,20,1,6,2
リスイン,2023,2023-07-02,41000,1515,Other,Low,4,1,7,6
ゴジラ-1.0,2023,2023-07-12,41000,1516,Other,Low,7,1,7,2
Robbie Robertson,2023,2023-08-10,41000,1517,Other,Low,16,2,8,3
スウェーデン,2023,2023-08-11,41000,1518,Other,Low,6,1,8,4
小倉記念,2023,2023-08-13,41000,1519,Other,Low,4,1,8,6
運転再開,2023,2023-08-16,41000,1520,Other,Low,4,1,8,2
Fantastico,2023,2023-08-21,41000,1521,Other,Low,10,1,8,0
SAvsNED,2023,2023-10-17,41000,1522,Other,Low,7,1,10,1
Nadja,2023,2023-11-29,41000,1523,Other,Low,5,1,11,2
Staracademy,2023,2023-12-09,41000,1524,Other,Low,11,1,12,5
黄金のワンスプーン,2023,2023-12-23,41000,1525,Other,Low,9,1,12,5
ARSWHU,2023,2023-12-29,41000,1526,Other,Low,6,1,12,4
wk17,2023,2023-01-04,40000,1527,Other,Low,4,1,1,2
imas_ml_9th_day1,2023,2023-01-14,40000,1528,Other,Low,16,1,1,5
روما,2023,2023-03-10,40000,1529,Other,Low,4,1,3,4
NintendoDirect,2023,2023-02-08,40000,1530,Technology,Low,14,1,2,2
DieForYouRemix,2023,2023-02-24,40000,1531,Other,Low,14,1,2,4
R1グランプリ,2023,2023-03-04,40000,1532,Other,Low,7,1,3,5
ジャンプチ検定,2023,2023-03-28,40000,1533,Other,Low,7,1,3,1
回答時間,2023,2023-03-28,40000,1534,Other,Low,4,1,3,1
スターズオンアース,2023,2023-04-02,40000,1535,Other,Low,9,1,4,6
SuccessionHBO,2023,2023-04-10,40000,1536,Other,Low,13,1,4,0
ハマダ歌謡祭,2023,2023-04-14,40000,1537,Other,Low,6,1,4,4
Watkins,2023,2023-09-30,40000,1538,Other,Low,7,1,9,5
Franklin,2023,2023-04-20,40000,1539,Other,Low,8,1,4,3
PMSDraftSpectacular,2023,2023-04-28,40000,1540,Sports,Low,19,1,4,4
TwitterDown,2023,2023-07-01,40000,1541,Technology,Low,11,1,7,5
CRYARS,2023,2023-08-21,40000,1542,Other,Low,6,1,8,0
Mr. President,2023,2023-08-25,40000,1543,Politics,Low,13,2,8,4
Bob Barker,2023,2023-08-26,40000,1544,Other,Low,10,2,8,5
FELIXxPFW23,2023,2023-09-30,40000,1545,Other,Low,11,1,9,5
LVSS24,2023,2023-09-30,40000,1546,Other,Low,6,1,9,5
平野紫耀,2023,2023-11-12,40000,1547,Other,Low,4,1,11,6
ちーちゃん,2023,2023-12-12,40000,1548,Other,Low,5,1,12,1
キャスターな会,2023,2023-01-14,39000,1549,Other,Low,7,1,1,5
borsadaislemleriptaledilsin,2023,2023-02-08,39000,1550,Other,Low,27,1,2,2
ゲルテナ展,2023,2023-02-10,39000,1551,Other,Low,5,1,2,4
ゆういちろう,2023,2023-02-20,39000,1552,Other,Low,6,1,2,0
バナナサンド,2023,2023-03-07,39000,1553,Other,Low,6,1,3,1
Jonathan Majors,2023,2023-03-26,39000,1554,Other,Low,15,2,3,6
Marrocos,2023,2023-03-26,39000,1555,Other,Low,8,1,3,6
IRLFRA,2023,2023-03-27,39000,1556,Other,Low,6,1,3,0
OLOM,2023,2023-04-23,39000,1557,Other,Low,4,1,4,6
Bolaños,2023,2023-05-02,39000,1558,Other,Low,7,1,5,1
Kendrick,2023,2023-05-20,39000,1559,Entertainment,Low,8,1,5,5
Tim Scott,2023,2023-05-22,39000,1560,Other,Low,9,2,5,0
大雨警報,2023,2023-06-02,39000,1561,Other,Low,4,1,6,4
フィルム,2023,2023-06-20,39000,1562,Other,Low,4,1,6,1
WarismConcert,2023,2023-08-05,39000,1563,Politics,Low,13,1,8,5
Don3,2023,2023-08-09,39000,1564,Other,Low,4,1,8,2
ジェラミー,2023,2023-09-17,39000,1565,Other,Low,5,1,9,6
ネギガナイト,2023,2023-09-27,39000,1566,Other,Low,6,1,9,2
Lina,2023,2023-11-21,39000,1567,Other,Low,4,1,11,1
HBO Max,2023,2023-01-16,38000,1568,Other,Low,7,2,1,0
26january,2023,2023-01-26,38000,1569,Other,Low,9,1,1,3
素のまんま,2023,2023-12-14,38000,1570,Other,Low,5,1,12,3
Ibarra,2023,2023-03-20,38000,1571,Other,Low,6,1,3,0
SMCUEp3_Girls,2023,2023-02-23,38000,1572,Other,Low,13,1,2,3
Karius,2023,2023-02-26,38000,1573,Other,Low,6,1,2,6
ビッグラン,2023,2023-03-04,38000,1574,Other,Low,5,1,3,5
YenidenErdoğanKazanacak,2023,2023-03-06,38000,1575,Other,Low,23,1,3,0
Wrexham,2023,2023-04-10,38000,1576,Other,Low,7,1,4,0
حجازي,2023,2023-04-23,38000,1577,Other,Low,5,1,4,6
ROGER GUEDES,2023,2023-05-29,38000,1578,Other,Low,12,2,5,0
slowにアイして,2023,2023-05-01,38000,1579,Other,Low,9,1,5,0
エンゼルス,2023,2023-06-25,38000,1580,Other,Low,5,1,6,6
vingadores,2023,2023-07-18,38000,1581,Other,Low,10,1,7,1
ジュラルドン,2023,2023-08-08,38000,1582,Other,Low,6,1,8,1
Venus,2023,2023-09-07,38000,1583,Other,Low,5,1,9,3
Jalen,2023,2023-10-16,38000,1584,Other,Low,5,1,10,0
RaftaSiyonistİstemiyoruz,2023,2023-11-02,38000,1585,Other,Low,24,1,11,3
MUNLUT,2023,2023-11-11,38000,1586,Other,Low,6,1,11,5
紅白歌合戦,2023,2023-11-13,38000,1587,Other,Low,5,1,11,0
الاتحاد_الرايد,2023,2023-12-23,38000,1588,Other,Low,14,1,12,5
EastEnders,2023,2023-12-25,38000,1589,Other,Low,10,1,12,0
ElectricityShutDown,2023,2023-01-23,37000,1590,Other,Low,19,1,1,0
HappyValley,2023,2023-02-06,37000,1591,Other,Low,11,1,2,0
SalarioRosaEsUnaRealidad,2023,2023-02-09,37000,1592,Other,Low,24,1,2,3
akamemorialservice,2023,2023-02-17,37000,1593,Social,Low,18,1,2,4
Caxias,2023,2023-03-27,37000,1594,Other,Low,6,1,3,0
グエルくん,2023,2023-05-07,37000,1595,Other,Low,5,1,5,6
ノッポさん,2023,2023-05-10,37000,1596,Other,Low,5,1,5,2
シャディク,2023,2023-05-28,37000,1597,Other,Low,5,1,5,6
Chris Paul,2023,2023-06-07,37000,1598,Other,Low,10,2,6,2
bbcqt,2023,2023-06-23,37000,1599,Other,Low,5,1,6,4
Busta,2023,2023-06-26,37000,1600,Other,Low,5,1,6,0
IRIAMメンテ中のフォロー祭り,2023,2023-06-27,37000,1601,Other,Low,16,1,6,1
Rochet,2023,2023-08-09,37000,1602,Other,Low,6,1,8,2
มาตาลดาep20,2023,2023-08-14,37000,1603,Other,Low,11,1,8,0
سافيتش,2023,2023-09-01,37000,1604,Other,Low,6,1,9,4
ENGvRSA,2023,2023-10-21,37000,1605,Other,Low,7,1,10,5
セイレーン,2023,2023-11-26,37000,1606,Other,Low,5,1,11,6
スノハレ,2023,2023-12-10,37000,1607,Other,Low,4,1,12,6
Felipe Melo,2023,2023-12-22,37000,1608,Other,Low,11,2,12,4
ARSNEW,2023,2023-01-03,36000,1609,Other,Low,6,1,1,1
SaintLaurentxTEN,2023,2023-01-31,36000,1610,Other,Low,16,1,1,1
EliminationChamber,2023,2023-02-19,36000,1611,Other,Low,18,1,2,6
ぱかライブTV,2023,2023-02-22,36000,1612,Other,Low,7,1,2,2
SnowfallFX,2023,2023-04-20,36000,1613,Other,Low,10,1,4,3
WATCH SMCU EP3 NOW,2023,2023-02-23,36000,1614,Other,Low,18,4,2,3
自分の誕生日と同じ図鑑Noのポケモン,2023,2023-03-08,36000,1615,Other,Low,18,1,3,2
能登半島,2023,2023-05-05,36000,1616,Other,Low,4,1,5,4
サッカー日本代表,2023,2023-09-12,36000,1617,Other,Low,8,1,9,1
Quavo,2023,2023-06-26,36000,1618,Other,Low,5,1,6,0
TOBE七夕_私の願い,2023,2023-07-07,36000,1619,Other,Low,11,1,7,4
キャリバーン,2023,2023-07-15,36000,1620,Other,Low,6,1,7,5
Rojas,2023,2023-08-09,36000,1621,Other,Low,5,1,8,2
Yiens30thMark,2023,2023-09-04,36000,1622,Other,Low,13,1,9,0
獅白ぼたん生誕祭2023,2023,2023-09-08,36000,1623,Other,Low,12,1,9,4
SupportZNNwithTKN,2023,2023-09-26,36000,1624,Social,Low,17,1,9,1
INDvsNED,2023,2023-11-12,36000,1625,Other,Low,8,1,11,6
Juliana,2023,2023-12-14,36000,1626,Other,Low,7,1,12,3
GusMuhaimin,2023,2023-01-04,35000,1627,Other,Low,11,1,1,2
Madonna,2023,2023-01-17,35000,1628,Other,Low,7,1,1,1
Yarde,2023,2023-01-29,35000,1629,Other,Low,5,1,1,6
Mallorca,2023,2023-02-05,35000,1630,Other,Low,8,1,2,6
John Wall,2023,2023-02-09,35000,1631,Other,Low,9,2,2,3
WayV_Phantom_in_BANGKOK,2023,2023-03-05,35000,1632,Other,Low,23,1,3,6
目黒蓮,2023,2023-05-08,35000,1633,Other,Low,3,1,5,0
WTCFinal,2023,2023-06-07,35000,1634,Other,Low,8,1,6,2
サザン45,2023,2023-06-25,35000,1635,Other,Low,5,1,6,6
Tyrique,2023,2023-07-04,35000,1636,Other,Low,7,1,7,1
حسان_هلالي,2023,2023-08-21,35000,1637,Other,Low,10,1,8,0
جيسوس,2023,2023-09-01,35000,1638,Other,Low,5,1,9,4
SZ_本音と建前,2023,2023-09-18,35000,1639,Other,Low,8,1,9,0
ケンタッキー,2023,2023-10-04,35000,1640,Other,Low,6,1,10,2
Sebastian,2023,2023-11-23,35000,1641,Other,Low,9,1,11,3
Trippier,2023,2023-12-20,35000,1642,Other,Low,8,1,12,2
ゆくマスくるマス2023視聴中,2023,2023-12-25,35000,1643,Other,Low,15,1,12,0
دياز,2023,2023-01-26,34000,1644,Other,Low,4,1,1,3
SuperFesTON,2023,2023-02-11,34000,1645,Other,Low,11,1,2,5
cgよまつり,2023,2023-03-02,34000,1646,Other,Low,6,1,3,3
Austin Reaves,2023,2023-03-20,34000,1647,Other,Low,13,2,3,0
吸血鬼すぐ死ぬ2,2023,2023-03-27,34000,1648,Other,Low,8,1,3,0
Ramirez,2023,2023-04-07,34000,1649,Other,Low,7,1,4,4
Wiggins,2023,2023-04-16,34000,1650,Other,Low,7,1,4,6
Gundogan,2023,2023-05-14,34000,1651,Other,Low,8,1,5,6
Pied Piper,2023,2023-06-03,34000,1652,Other,Low,10,2,6,5
柱稽古編,2023,2023-06-18,34000,1653,Other,Low,4,1,6,6
パリ五輪出場決定,2023,2023-09-02,34000,1654,Other,Low,8,1,9,5
ヤクルト,2023,2023-09-03,34000,1655,Other,Low,4,1,9,6
Fernando Botero,2023,2023-09-15,34000,1656,Other,Low,15,2,9,4
jjk236,2023,2023-09-20,34000,1657,Other,Low,6,1,9,2
الاتحاد_القوه_الجويه,2023,2023-10-23,34000,1658,Other,Low,20,1,10,0
WayV_4thAnniversary,2023,2023-01-16,33000,1659,Other,Low,19,1,1,0
ساعه_استجابه,2023,2023-06-02,33000,1660,Other,Low,12,1,6,4
TFCOM,2023,2023-02-19,33000,1661,Other,Low,5,1,2,6
金スマ,2023,2023-03-24,33000,1662,Other,Low,3,1,3,4
finalbbb23,2023,2023-04-26,33000,1663,Other,Low,10,1,4,2
asgariücret,2023,2023-06-20,33000,1664,Other,Low,11,1,6,1
ミスキー,2023,2023-07-02,33000,1665,Other,Low,4,1,7,6
ÖzkanUğur,2023,2023-07-08,33000,1666,Other,Low,9,1,7,5
Rayados,2023,2023-08-12,33000,1667,Other,Low,7,1,8,5
プログノーシス,2023,2023-08-20,33000,1668,Other,Low,7,1,8,6
プロセカもうすぐ3周年,2023,2023-09-27,33000,1669,Other,Low,11,1,9,2
WE LOVE YOU FREEN,2023,2023-10-28,33000,1670,Other,Low,17,4,10,5
Chris Wood,2023,2023-12-26,33000,1671,Other,Low,10,2,12,1
あの頃からわたしたちは,2023,2023-12-26,33000,1672,Other,Low,11,1,12,1
HarryTheInterview,2023,2023-01-09,32000,1673,Other,Low,17,1,1,0
メンテの日なのでssを貼る,2023,2023-01-17,32000,1674,Other,Low,13,1,1,1
Giannis,2023,2023-04-25,32000,1675,Sports,Low,7,1,4,1
予約投稿,2023,2023-02-08,32000,1676,Other,Low,4,1,2,2
雪だるま,2023,2023-02-10,32000,1677,Other,Low,4,1,2,4
SatishKaushik,2023,2023-03-09,32000,1678,Other,Low,13,1,3,3
Temblor,2023,2023-03-10,32000,1679,Other,Low,7,1,3,4
WBC準々決勝,2023,2023-03-16,32000,1680,Other,Low,7,1,3,3
Wes Anderson,2023,2023-03-29,32000,1681,Other,Low,12,2,3,2
スッキリ,2023,2023-03-31,32000,1682,Other,Low,4,1,3,4
JuveInter,2023,2023-04-05,32000,1683,Other,Low,9,1,4,2
AloneVideo,2023,2023-05-02,32000,1684,Entertainment,Low,10,1,5,1
Austria,2023,2023-05-11,32000,1685,Other,Low,7,1,5,3
修学旅行,2023,2023-05-16,32000,1686,Other,Low,4,1,5,1
Maracanã,2023,2023-08-11,32000,1687,Other,Low,8,1,8,4
Barbieri,2023,2023-06-06,32000,1688,Entertainment,Low,8,1,6,1
ロッキン,2023,2023-06-07,32000,1689,Other,Low,4,1,6,2
ロックの日,2023,2023-06-09,32000,1690,Other,Low,5,1,6,4
faizkararı,2023,2023-06-22,32000,1691,Other,Low,10,1,6,3
SVSemifinal,2023,2023-06-23,32000,1692,Other,Low,11,1,6,4
ThreeManDown,2023,2023-06-30,32000,1693,Other,Low,12,1,6,4
789SURVIVALEP7,2023,2023-07-07,32000,1694,Other,Low,14,1,7,4
Twitter調子,2023,2023-07-15,32000,1695,Technology,Low,9,1,7,5
Derrick Lewis,2023,2023-07-30,32000,1696,Other,Low,13,2,7,6
ONEPIECE1072,2023,2023-08-13,32000,1697,Other,Low,12,1,8,6
マジック1,2023,2023-09-13,32000,1698,Other,Low,5,1,9,2
1989TaylorsVersionVault,2023,2023-09-20,32000,1699,Entertainment,Low,23,1,9,2
男子バレー,2023,2023-09-30,32000,1700,Other,Low,5,1,9,5
TellUSNicki,2023,2023-11-08,32000,1701,Other,Low,11,1,11,2
岩本照,2023,2023-11-13,32000,1702,Other,Low,3,1,11,0
McTominay,2023,2023-12-30,32000,1703,Other,Low,9,1,12,5
ヘリオス,2023,2023-01-19,31000,1704,Other,Low,4,1,1,3
トップガン,2023,2023-01-25,31000,1705,Other,Low,5,1,1,2
ليله_طلال_مداح,2023,2023-02-01,31000,1706,Other,Low,14,1,2,2
Cam Thomas,2023,2023-02-07,31000,1707,Other,Low,10,2,2,1
超人間要塞ヒロシ戦記,2023,2023-02-13,31000,1708,Other,Low,10,1,2,0
シルヴァーソニック,2023,2023-02-25,31000,1709,Other,Low,9,1,2,5
WorldBookDay,2023,2023-03-02,31000,1710,Other,Low,12,1,3,3
オーストラリア,2023,2023-03-09,31000,1711,Other,Low,7,1,3,3
해피믕믕데이_지훈아_생일축하해,2023,2023-03-13,31000,1712,Other,Low,16,1,3,0
14MartTıpBayramı,2023,2023-03-14,31000,1713,Other,Low,16,1,3,1
ヒプアニ2期,2023,2023-03-25,31000,1714,Other,Low,6,1,3,5
Chief Keef,2023,2023-04-23,31000,1715,Other,Low,10,2,4,6
Sálvame,2023,2023-05-05,31000,1716,Other,Low,7,1,5,4
Usher,2023,2023-05-06,31000,1717,Other,Low,5,1,5,5
エアリアル,2023,2023-05-07,31000,1718,Other,Low,5,1,5,6
Bedard,2023,2023-05-09,31000,1719,Other,Low,6,1,5,1
Tristan Thompson,2023,2023-05-23,31000,1720,Other,Low,16,2,5,1
TSmidnighTS,2023,2023-05-26,31000,1721,Other,Low,11,1,5,4
ウルショ祭り,2023,2023-06-06,31000,1722,Other,Low,6,1,6,1
SHAWN,2023,2023-06-09,31000,1723,Other,Low,5,1,6,4
Manzur,2023,2023-06-22,31000,1724,Other,Low,6,1,6,3
生クリームの会_セクゾ,2023,2023-07-15,31000,1725,Other,Low,11,1,7,5
最高の教師,2023,2023-07-15,31000,1726,Other,Low,5,1,7,5
अब्दुल कलाम,2023,2023-07-28,31000,1727,Other,Low,11,2,7,4
みんなで翔べ鑑賞会,2023,2023-07-30,31000,1728,Other,Low,9,1,7,6
Sammy,2023,2023-07-31,31000,1729,Other,Low,5,1,7,0
みんなもそうなら愛の賜物,2023,2023-08-14,31000,1730,Other,Low,12,1,8,0
ハイキューの日2023,2023,2023-08-19,31000,1731,Other,Low,11,1,8,5
THEGIRLS,2023,2023-08-23,31000,1732,Other,Low,8,1,8,2
めざましライブ,2023,2023-08-27,31000,1733,Other,Low,7,1,8,6
OperacionChileCHV,2023,2023-09-06,31000,1734,Other,Low,17,1,9,2
いちばんすきな花,2023,2023-11-23,31000,1735,Other,Low,8,1,11,3
baystars,2023,2023-10-14,31000,1736,Other,Low,8,1,10,5
Manchin,2023,2023-11-09,31000,1737,Other,Low,7,1,11,3
Monopoly,2023,2023-11-14,31000,1738,Other,Low,8,1,11,1
Grealish,2023,2023-12-03,31000,1739,Other,Low,8,1,12,6
ヤーレンズ,2023,2023-12-07,31000,1740,Other,Low,5,1,12,3
njpw,2023,2023-01-04,30000,1741,Other,Low,4,1,1,2
クラシックTV,2023,2023-01-05,30000,1742,Other,Low,7,1,1,3
9TahunUUDesa,2023,2023-01-14,30000,1743,Other,Low,12,1,1,5
Ziyech,2023,2023-01-30,30000,1744,Other,Low,6,1,1,0
アズ生ロイヤルSP,2023,2023-02-20,30000,1745,Other,Low,9,1,2,0
猫又おかゆ2023生誕祭Live,2023,2023-02-22,30000,1746,Other,Low,16,1,2,2
F1Testing,2023,2023-02-23,30000,1747,Other,Low,9,1,2,3
INDvAUS,2023,2023-03-22,30000,1748,Other,Low,7,1,3,2
BhagatSingh,2023,2023-03-23,30000,1749,Other,Low,11,1,3,3
ジャックドール,2023,2023-04-02,30000,1750,Other,Low,7,1,4,6
Rahane,2023,2023-04-08,30000,1751,Other,Low,6,1,4,5
Shakur,2023,2023-11-17,30000,1752,Other,Low,6,1,11,4
ILUVmyHOSHIday,2023,2023-06-14,30000,1753,Other,Low,14,1,6,2
トレード,2023,2023-07-18,30000,1754,Other,Low,4,1,7,1
Qatar,2023,2023-07-03,30000,1755,Other,Low,5,1,7,0
モンスト10周年,2023,2023-07-11,30000,1756,Other,Low,8,1,7,1
PROXIE_The1stConcert,2023,2023-07-15,30000,1757,Entertainment,Low,20,1,7,5
Cabrera,2023,2023-07-30,30000,1758,Other,Low,7,1,7,6
ブロック廃止,2023,2023-08-19,30000,1759,Other,Low,6,1,8,5
Minnesota,2023,2023-09-01,30000,1760,Other,Low,9,1,9,4
Mリーグ,2023,2023-09-18,30000,1761,Other,Low,4,1,9,0
真夏のシンデレラ,2023,2023-09-18,30000,1762,Other,Low,8,1,9,0
キュラソー,2023,2023-09-23,30000,1763,Other,Low,5,1,9,5
السعوديه_مالي,2023,2023-10-17,30000,1764,Other,Low,13,1,10,1
NIKKE1周年記念生放送,2023,2023-10-27,30000,1765,Other,Low,13,1,10,4
ARSBUR,2023,2023-11-11,30000,1766,Other,Low,6,1,11,5
マイハル,2023,2023-12-12,30000,1767,Other,Low,4,1,12,1
マユリカ,2023,2023-12-07,30000,1768,Other,Low,4,1,12,3
John Kennedy,2023,2023-12-18,30000,1769,Other,Low,12,2,12,0
SanremoGiovani,2023,2023-12-20,30000,1770,Other,Low,14,1,12,2
あんたの夢をかなえたろかSP,2023,2023-01-09,29000,1771,Other,Low,14,1,1,0
BlackHistoryMonth,2023,2023-02-01,29000,1772,Other,Low,17,1,2,2
ジェリー,2023,2023-02-10,29000,1773,Other,Low,4,1,2,4
スペイン村,2023,2023-02-11,29000,1774,Other,Low,5,1,2,5
Portela,2023,2023-02-21,29000,1775,Other,Low,7,1,2,1
Shining314JihoonDay,2023,2023-03-13,29000,1776,Other,Low,19,1,3,0
WBC準決勝,2023,2023-03-20,29000,1777,Other,Low,6,1,3,0
タッキー,2023,2023-03-21,29000,1778,Other,Low,4,1,3,1
ITAENG,2023,2023-03-23,29000,1779,Other,Low,6,1,3,3
佐々木朗希,2023,2023-04-14,29000,1780,Other,Low,5,1,4,4
JuveNapoli,2023,2023-04-23,29000,1781,Other,Low,10,1,4,6
Adara,2023,2023-04-26,29000,1782,Other,Low,5,1,4,2
Fortaleza,2023,2023-04-29,29000,1783,Other,Low,9,1,4,5
Jamal Murray,2023,2023-05-19,29000,1784,Other,Low,12,2,5,4
Kendall,2023,2023-05-01,29000,1785,Other,Low,7,1,5,0
Dourado,2023,2023-05-11,29000,1786,Other,Low,7,1,5,3
Panthers,2023,2023-06-14,29000,1787,Other,Low,8,1,6,2
MemurHakkınıAlamıyor,2023,2023-06-15,29000,1788,Other,Low,20,1,6,3
SingaporeTSTheErasTour,2023,2023-07-05,29000,1789,Entertainment,Low,22,1,7,2
TeamInfierno,2023,2023-07-10,29000,1790,Other,Low,12,1,7,0
Trossard,2023,2023-07-28,29000,1791,Other,Low,8,1,7,4
Morocco,2023,2023-08-03,29000,1792,Other,Low,7,1,8,3
InternationalYouthDay,2023,2023-08-12,29000,1793,Other,Low,21,1,8,5
FinalSurvivorMx,2023,2023-08-26,29000,1794,Sports,Low,15,1,8,5
カラオケバトル,2023,2023-09-03,29000,1795,Other,Low,7,1,9,6
Stroll,2023,2023-09-16,29000,1796,Other,Low,6,1,9,5
Grasso,2023,2023-09-17,29000,1797,Other,Low,6,1,9,6
櫻坂46_承認欲求,2023,2023-09-25,29000,1798,Other,Low,9,1,9,0
WangYibo_CHANELSS24,2023,2023-10-03,29000,1799,Other,Low,19,1,10,1
Kershaw,2023,2023-10-08,29000,1800,Other,Low,7,1,10,6
IndiaVsNewZealand,2023,2023-11-15,29000,1801,Other,Low,17,1,11,2
原神CP,2023,2023-12-28,29000,1802,Other,Low,4,1,12,3
Rony,2023,2023-02-17,28000,1803,Other,Low,4,1,2,4
Camilo,2023,2023-02-25,28000,1804,Other,Low,6,1,2,5
ليله_الجمعه,2023,2023-03-10,28000,1805,Other,Low,11,1,3,4
Fringe,2023,2023-03-17,28000,1806,Other,Low,6,1,3,4
PomemYedeklere5Bin,2023,2023-03-27,28000,1807,Other,Low,18,1,3,0
Travessia,2023,2023-04-29,28000,1808,Other,Low,9,1,4,5
SZ_Cream,2023,2023-05-01,28000,1809,Other,Low,8,1,5,0
君の声が聴きたい,2023,2023-05-12,28000,1810,Other,Low,8,1,5,4
Bowen,2023,2023-06-07,28000,1811,Other,Low,5,1,6,2
ブルプロ,2023,2023-06-14,28000,1812,Other,Low,4,1,6,2
モバイルSuica,2023,2023-06-24,28000,1813,Other,Low,9,1,6,5
ドゥルガー,2023,2023-06-25,28000,1814,Other,Low,5,1,6,6
holoENConnect,2023,2023-07-03,28000,1815,Other,Low,13,1,7,0
あなたの1票,2023,2023-07-11,28000,1816,Other,Low,6,1,7,1
排出対象,2023,2023-07-11,28000,1817,Other,Low,4,1,7,1
Disneyiptalet,2023,2023-08-01,28000,1818,Entertainment,Low,13,1,8,1
白銀ノエル4周年,2023,2023-08-08,28000,1819,Other,Low,8,1,8,1
グラブル配布の日,2023,2023-08-12,28000,1820,Other,Low,8,1,8,5
Leao,2023,2023-09-19,28000,1821,Other,Low,4,1,9,1
GHVIPDBT5,2023,2023-10-15,28000,1822,Other,Low,9,1,10,6
RHOP,2023,2023-11-06,28000,1823,Other,Low,4,1,11,0
AusOpen,2023,2023-01-17,27000,1824,Other,Low,7,1,1,1
LaIslaDeLasTentaciones3,2023,2023-02-07,27000,1825,Other,Low,23,1,2,1
Jailson,2023,2023-04-06,27000,1826,Other,Low,7,1,4,3
OurMiracleWendyDay,2023,2023-02-20,27000,1827,Other,Low,18,1,2,0
우리_승완이_생일축하해_사랑해_고마워,2023,2023-02-20,27000,1828,Other,Low,20,1,2,0
Neto,2023,2023-03-01,27000,1829,Other,Low,4,1,3,2
不可解参想,2023,2023-03-04,27000,1830,Other,Low,5,1,3,5
FCBBVB,2023,2023-04-01,27000,1831,Other,Low,6,1,4,5
SDSU,2023,2023-04-04,27000,1832,Other,Low,4,1,4,1
TierraDeNadie5,2023,2023-04-05,27000,1833,Other,Low,14,1,4,2
わたしのお嫁くん,2023,2023-04-12,27000,1834,Other,Low,8,1,4,2
インライ,2023,2023-05-05,27000,1835,Other,Low,4,1,5,4
オーギュストロダン,2023,2023-06-03,27000,1836,Other,Low,9,1,6,5
DiabloRTX,2023,2023-06-06,27000,1837,Other,Low,9,1,6,1
ElGranChefFamosos,2023,2023-06-22,27000,1838,Other,Low,17,1,6,3
Ashes23,2023,2023-07-02,27000,1839,Other,Low,7,1,7,6
平野紫耀_質問の箱,2023,2023-07-17,27000,1840,Other,Low,9,1,7,0
Veiga,2023,2023-08-03,27000,1841,Other,Low,5,1,8,3
Monterrey,2023,2023-08-12,27000,1842,Other,Low,9,1,8,5
BLACKPINK_THE_GAME,2023,2023-08-23,27000,1843,Entertainment,Low,18,1,8,2
الشوط الثاني,2023,2023-09-01,27000,1844,Other,Low,12,2,9,4
Mac Jones,2023,2023-10-02,27000,1845,Other,Low,9,2,10,0
RyderCup,2023,2023-09-29,27000,1846,Other,Low,8,1,9,4
ブギウギ,2023,2023-10-02,27000,1847,Other,Low,4,1,10,0
jjk238,2023,2023-10-04,27000,1848,Other,Low,6,1,10,2
愛し生きること_TV初披露,2023,2023-11-06,27000,1849,Other,Low,13,1,11,0
永遠の命,2023,2023-11-08,27000,1850,Other,Low,4,1,11,2
コンパスヒーローチャレンジ,2023,2023-12-11,27000,1851,Other,Low,13,1,12,0
DebatCapres,2023,2023-12-12,27000,1852,Other,Low,11,1,12,1
Survivor45,2023,2023-12-21,27000,1853,Social,Low,10,1,12,3
中山大障害,2023,2023-12-23,27000,1854,Other,Low,5,1,12,5
Mステ最強ソング,2023,2023-01-13,26000,1855,Other,Low,8,1,1,4
MakarSankranti,2023,2023-01-14,26000,1856,Other,Low,14,1,1,5
櫻坂46桜月,2023,2023-01-25,26000,1857,Other,Low,6,1,1,2
LaIslaDeLasTentaciones2,2023,2023-01-31,26000,1858,Other,Low,23,1,1,1
Partey,2023,2023-02-15,26000,1859,Other,Low,6,1,2,2
DOMITILA MERECE UM CARRO,2023,2023-03-10,26000,1860,Other,Low,24,4,3,4
Gobert,2023,2023-04-09,26000,1861,Other,Low,6,1,4,6
Sosa,2023,2023-04-23,26000,1862,Other,Low,4,1,4,6
25aprile,2023,2023-04-25,26000,1863,Other,Low,8,1,4,1
StarWarsDay,2023,2023-05-04,26000,1864,Politics,Low,11,1,5,3
David Luiz,2023,2023-05-13,26000,1865,Other,Low,10,2,5,5
メダリストアニメ化,2023,2023-05-18,26000,1866,Other,Low,9,1,5,3
ファントムシーフ,2023,2023-05-28,26000,1867,Other,Low,8,1,5,6
glastonbury2023,2023,2023-06-24,26000,1868,Other,Low,15,1,6,5
CRカップ,2023,2023-06-25,26000,1869,Other,Low,5,1,6,6
MeraBoothSabseMazboot,2023,2023-06-27,26000,1870,Other,Low,21,1,6,1
Elom,2023,2023-07-12,26000,1871,Other,Low,4,1,7,2
メンテ延長,2023,2023-08-11,26000,1872,Other,Low,5,1,8,4
Niners,2023,2023-10-09,26000,1873,Other,Low,6,1,10,0
CHANYEOL_THE_ETERNITYinBKK,2023,2023-10-28,26000,1874,Other,Low,26,1,10,5
MAGICWORD_TV初披露,2023,2023-11-06,26000,1875,Other,Low,15,1,11,0
GTA VI,2023,2023-12-05,26000,1876,Other,Low,6,2,12,1
通信障害,2023,2023-12-11,26000,1877,Other,Low,4,1,12,0
Brandon Staley,2023,2023-12-15,26000,1878,Other,Low,14,2,12,4
ラクレス,2023,2023-12-17,26000,1879,Other,Low,4,1,12,6
LIVWOL,2023,2023-01-08,25000,1880,Other,Low,6,1,1,6
Pedri,2023,2023-01-08,25000,1881,Other,Low,5,1,1,6
BigDay,2023,2023-01-12,25000,1882,Other,Low,6,1,1,3
マーニー,2023,2023-01-13,25000,1883,Other,Low,4,1,1,4
Hulk,2023,2023-02-14,25000,1884,Other,Low,4,1,2,1
メイショウハリオ,2023,2023-02-19,25000,1885,Other,Low,8,1,2,6
UFCLasVegas,2023,2023-03-12,25000,1886,Sports,Low,11,1,3,6
selfelaketi,2023,2023-03-15,25000,1887,Other,Low,11,1,3,2
KohLanta,2023,2023-05-30,25000,1888,Other,Low,8,1,5,1
Chito,2023,2023-03-26,25000,1889,Other,Low,5,1,3,6
Benito,2023,2023-04-15,25000,1890,Other,Low,6,1,4,5
スパイダーマン,2023,2023-05-16,25000,1891,Other,Low,7,1,5,1
Wesley,2023,2023-06-09,25000,1892,Other,Low,6,1,6,4
TrumpIndicted,2023,2023-06-09,25000,1893,Politics,Low,13,1,6,4
ペルソナ,2023,2023-06-09,25000,1894,Other,Low,4,1,6,4
Cebolinha,2023,2023-09-03,25000,1895,Other,Low,9,1,9,6
Medina,2023,2023-07-03,25000,1896,Other,Low,6,1,7,0
くら寿司,2023,2023-07-03,25000,1897,Other,Low,4,1,7,0
Volk,2023,2023-07-09,25000,1898,Other,Low,4,1,7,6
José Luis Perales,2023,2023-08-07,25000,1899,Other,Low,17,3,8,0
ファミマでウマ娘,2023,2023-08-22,25000,1900,Other,Low,8,1,8,1
Morena,2023,2023-09-07,25000,1901,Other,Low,6,1,9,3
EminSoyyiğitTutuklansın,2023,2023-09-20,25000,1902,Other,Low,23,1,9,2
鏡の大迷宮,2023,2023-09-22,25000,1903,Other,Low,5,1,9,4
Gibbs,2023,2023-09-29,25000,1904,Other,Low,5,1,9,4
スモール3,2023,2023-09-30,25000,1905,Other,Low,5,1,9,5
AEWWrestleDream,2023,2023-10-02,25000,1906,Sports,Low,15,1,10,0
ShoHirano,2023,2023-11-12,25000,1907,Politics,Low,9,1,11,6
Wettendass,2023,2023-11-25,25000,1908,Other,Low,10,1,11,5
ImACeleb,2023,2023-12-05,25000,1909,Other,Low,8,1,12,1
Hakkari,2023,2023-12-22,25000,1910,Other,Low,7,1,12,4
デレステ,2023,2023-12-30,25000,1911,Other,Low,4,1,12,5
SONGSOFTOKYO,2023,2023-01-02,24000,1912,Other,Low,12,1,1,0
クマフェス,2023,2023-02-18,24000,1913,Other,Low,5,1,2,5
ZETAWIN,2023,2023-05-14,24000,1914,Other,Low,7,1,5,6
OurFairyYeriDay,2023,2023-03-04,24000,1915,Other,Low,15,1,3,5
カラフェス,2023,2023-03-29,24000,1916,Other,Low,5,1,3,2
Arda,2023,2023-04-10,24000,1917,Other,Low,4,1,4,0
Maratea,2023,2023-04-27,24000,1918,Other,Low,7,1,4,3
AI絵師,2023,2023-05-01,24000,1919,Other,Low,4,1,5,0
アークナイツ春感謝祭2023,2023,2023-05-15,24000,1920,Other,Low,14,1,5,0
TierraDeNadie11,2023,2023-05-17,24000,1921,Other,Low,15,1,5,2
せと打って出てきたものがお前に不足,2023,2023-06-07,24000,1922,Other,Low,17,1,6,2
エルサルバドル,2023,2023-06-15,24000,1923,Other,Low,7,1,6,3
POLGER,2023,2023-06-16,24000,1924,Other,Low,6,1,6,4
Yuri Alberto,2023,2023-10-20,24000,1925,Other,Low,12,2,10,4
عيد_اضحي_مبارك,2023,2023-06-28,24000,1926,Other,Low,14,1,6,2
めざましテレビ,2023,2023-07-10,24000,1927,Other,Low,7,1,7,0
LIVBOU,2023,2023-08-19,24000,1928,Other,Low,6,1,8,5
神村学園,2023,2023-08-21,24000,1929,Other,Low,4,1,8,0
हिंदी_दिवस,2023,2023-09-14,24000,1930,Other,Low,10,1,9,3
EngineersDay,2023,2023-09-15,24000,1931,Other,Low,12,1,9,4
エデン組,2023,2023-09-16,24000,1932,Other,Low,4,1,9,5
ImranRiazKhan,2023,2023-09-25,24000,1933,Other,Low,13,1,9,0
TOBEDOME,2023,2023-12-16,24000,1934,Other,Low,8,1,12,5
ジャニーズWESTのPOWER,2023,2023-01-27,23000,1935,Other,Low,15,1,1,4
スシローを救いたい,2023,2023-02-02,23000,1936,Other,Low,9,1,2,3
Arribas,2023,2023-02-08,23000,1937,Other,Low,7,1,2,2
Weareyoung,2023,2023-02-13,23000,1938,Other,Low,10,1,2,0
MondayMotivation,2023,2023-06-26,23000,1939,Other,Low,16,1,6,0
中丸くん,2023,2023-03-27,23000,1940,Other,Low,4,1,3,0
HAPPY27th_CHAEUNWOO,2023,2023-03-29,23000,1941,Other,Low,19,1,3,2
CSKvsMI,2023,2023-04-08,23000,1942,Other,Low,7,1,4,5
Irina,2023,2023-04-17,23000,1943,Other,Low,5,1,4,0
SVGala8,2023,2023-04-20,23000,1944,Other,Low,7,1,4,3
FCNTFC,2023,2023-04-29,23000,1945,Other,Low,6,1,4,5
Ivan Toney,2023,2023-05-17,23000,1946,Other,Low,10,2,5,2
genlossfinale,2023,2023-05-29,23000,1947,Other,Low,13,1,5,0
キスマイ,2023,2023-06-07,23000,1948,Other,Low,4,1,6,2
TaylorLopez,2023,2023-06-11,23000,1949,Entertainment,Low,11,1,6,6
VegasBorn,2023,2023-06-14,23000,1950,Other,Low,9,1,6,2
DestinyClinicZeeNuNew,2023,2023-07-16,23000,1951,Other,Low,21,1,7,6
NanaNu1stAnniversary,2023,2023-07-31,23000,1952,Other,Low,20,1,7,0
LegadosEdomex,2023,2023-08-16,23000,1953,Other,Low,13,1,8,2
يوم_Iلجمعه,2023,2023-08-25,23000,1954,Other,Low,10,1,8,4
الشوط الاول,2023,2023-09-01,23000,1955,Other,Low,11,2,9,4
こっち向いてよ向井くん,2023,2023-09-13,23000,1956,Other,Low,11,1,9,2
Liella,2023,2023-09-16,23000,1957,Other,Low,6,1,9,5
デカレンジャー,2023,2023-10-18,23000,1958,Other,Low,7,1,10,2
Amici23,2023,2023-10-29,23000,1959,Other,Low,7,1,10,6
しるこサンド,2023,2023-11-06,23000,1960,Other,Low,6,1,11,0
Ramsdale,2023,2023-12-05,23000,1961,Other,Low,8,1,12,1
GlobalStarDKDay,2023,2023-01-02,22000,1962,Other,Low,15,1,1,0
Vieira,2023,2023-01-09,22000,1963,Other,Low,6,1,1,0
BecasEdomex,2023,2023-01-11,22000,1964,Other,Low,11,1,1,2
ナミュール,2023,2023-02-05,22000,1965,Other,Low,5,1,2,6
Brandon Miller,2023,2023-02-23,22000,1966,Other,Low,14,2,2,3
HOTJAPAN,2023,2023-02-27,22000,1967,Other,Low,8,1,2,0
ハイパーインフレーション,2023,2023-03-16,22000,1968,Other,Low,12,1,3,3
MareFuori3,2023,2023-03-23,22000,1969,Other,Low,10,1,3,3
RahulGandhi,2023,2023-03-23,22000,1970,Other,Low,11,1,3,3
世界のサカモト,2023,2023-04-02,22000,1971,Other,Low,7,1,4,6
がん闘病力尽く,2023,2023-04-02,22000,1972,Other,Low,7,1,4,6
poze,2023,2023-04-28,22000,1973,Other,Low,4,1,4,4
ルーヴル,2023,2023-05-15,22000,1974,Other,Low,4,1,5,0
PumpRules,2023,2023-05-18,22000,1975,Other,Low,9,1,5,3
Carvajal,2023,2023-06-18,22000,1976,Other,Low,8,1,6,6
七夕の短冊メーカー,2023,2023-07-07,22000,1977,Other,Low,9,1,7,4
SideMFANCOMLIVE_BP,2023,2023-07-09,22000,1978,Other,Low,18,1,7,6
سافيتش_هلالي,2023,2023-07-12,22000,1979,Other,Low,12,1,7,2
少年たち,2023,2023-07-18,22000,1980,Other,Low,4,1,7,1
RHOA,2023,2023-08-28,22000,1981,Other,Low,4,1,8,0
LaCasaDeLosFamosoMx,2023,2023-07-31,22000,1982,Other,Low,19,1,7,0
Southampton,2023,2023-08-04,22000,1983,Other,Low,11,1,8,4
ミコケル,2023,2023-08-15,22000,1984,Other,Low,4,1,8,1
Lucas Moura,2023,2023-08-17,22000,1985,Other,Low,11,2,8,3
Southgate,2023,2023-09-09,22000,1986,Other,Low,9,1,9,5
BeyondFast,2023,2023-09-19,22000,1987,Other,Low,10,1,9,1
الاتحاد_الحزم,2023,2023-10-26,22000,1988,Other,Low,13,1,10,3
モダニア目指せ世界トレンド1位,2023,2023-10-27,22000,1989,Other,Low,15,1,10,4
Paramore,2023,2023-11-07,22000,1990,Other,Low,8,1,11,1
amici23,2023,2023-12-10,22000,1991,Other,Low,7,1,12,6
말도안돼_27번째_동탄절이야,2023,2023-01-02,21000,1992,Other,Low,15,1,1,0
RBDISBACK,2023,2023-01-20,21000,1993,Other,Low,9,1,1,4
ハイカラシティ,2023,2023-02-08,21000,1994,Other,Low,7,1,2,2
リバーサルオーケストラ,2023,2023-02-15,21000,1995,Other,Low,11,1,2,2
AmasDeCasaMexiquenses,2023,2023-02-17,21000,1996,Other,Low,21,1,2,4
喋る女御殿,2023,2023-02-20,21000,1997,Other,Low,5,1,2,0
Burnley,2023,2023-04-07,21000,1998,Other,Low,7,1,4,4
テロリスト,2023,2023-04-15,21000,1999,Other,Low,5,1,4,5
イロゴトシ,2023,2023-04-15,21000,2000,Other,Low,5,1,4,5
合理的にあり得ない,2023,2023-04-17,21000,2001,Other,Low,9,1,4,0
Marinho,2023,2023-04-20,21000,2002,Other,Low,7,1,4,3
المعيوف,2023,2023-04-23,21000,2003,Other,Low,7,1,4,6
SVT_SUPER_COMEBACK,2023,2023-04-24,21000,2004,Other,Low,18,1,4,0
DiaDelTrabajador,2023,2023-05-01,21000,2005,Other,Low,16,1,5,0
イニエスタ,2023,2023-05-25,21000,2006,Other,Low,5,1,5,3
การเดินทางที่สวยงาม_MV,2023,2023-05-25,21000,2007,Other,Low,22,1,5,3
Scottie,2023,2023-05-27,21000,2008,Other,Low,7,1,5,5
Luka Romero,2023,2023-05-27,21000,2009,Sports,Low,11,2,5,5
シナモン,2023,2023-06-11,21000,2010,Other,Low,4,1,6,6
Arboleda,2023,2023-06-11,21000,2011,Other,Low,8,1,6,6
CapcomShowcase,2023,2023-06-12,21000,2012,Other,Low,14,1,6,0
DGSS24xDOYOUNG,2023,2023-06-17,21000,2013,Other,Low,14,1,6,5
白上フブキビジュメンテ,2023,2023-06-24,21000,2014,Other,Low,11,1,6,5
TheBachelorette,2023,2023-08-22,21000,2015,Other,Low,15,1,8,1
山田裕貴,2023,2023-07-05,21000,2016,Other,Low,4,1,7,2
Ponchito,2023,2023-07-14,21000,2017,Other,Low,8,1,7,4
UFCVegas77,2023,2023-07-16,21000,2018,Sports,Low,10,1,7,6
Vingegaard,2023,2023-07-18,21000,2019,Other,Low,10,1,7,1
モルガン,2023,2023-07-29,21000,2020,Other,Low,4,1,7,5
TrumpArraignment,2023,2023-08-03,21000,2021,Politics,Low,16,1,8,3
桑原和男,2023,2023-08-10,21000,2022,Other,Low,4,1,8,3
jjk232,2023,2023-08-17,21000,2023,Other,Low,6,1,8,3
LUCAS AL 3331,2023,2023-08-18,21000,2024,Other,Low,13,3,8,4
Livinho,2023,2023-08-27,21000,2025,Other,Low,7,1,8,6
UFCNoche,2023,2023-09-17,21000,2026,Sports,Low,8,1,9,6
RatIdol3D,2023,2023-10-01,21000,2027,Entertainment,Low,9,1,10,6
ベイクドモチョチョ,2023,2023-11-08,21000,2028,Other,Low,9,1,11,2
Hernan,2023,2023-12-14,21000,2029,Other,Low,6,1,12,3
ダイハツ,2023,2023-12-20,21000,2030,Other,Low,4,1,12,2
Mizzou,2023,2023-12-30,21000,2031,Other,Low,6,1,12,5
HereWeGo,2023,2023-01-02,20000,2032,Other,Low,8,1,1,0
超プロ野球ULTRA,2023,2023-01-08,20000,2033,Other,Low,10,1,1,6
Hines,2023,2023-01-08,20000,2034,Other,Low,5,1,1,6
حساب_المواطن,2023,2023-01-09,20000,2035,Other,Low,12,1,1,0
R3LIVE_day1,2023,2023-01-14,20000,2036,Other,Low,11,1,1,5
Juventus,2023,2023-01-20,20000,2037,Sports,Low,8,1,1,4
Mascherano,2023,2023-01-28,20000,2038,Other,Low,10,1,1,5
カブトボーグ,2023,2023-02-27,20000,2039,Other,Low,6,1,2,0
日本人初快挙,2023,2023-04-02,20000,2040,Other,Low,6,1,4,6
健スペ,2023,2023-04-03,20000,2041,Other,Low,3,1,4,0
Malone,2023,2023-04-15,20000,2042,Other,Low,6,1,4,5
神ちゃん,2023,2023-04-16,20000,2043,Other,Low,4,1,4,6
LIVBRE,2023,2023-05-06,20000,2044,Other,Low,6,1,5,5
Deji,2023,2023-06-22,20000,2045,Other,Low,4,1,6,3
SHINee_is_Back_HARD,2023,2023-06-26,20000,2046,Other,Low,19,1,6,0
샤이니_HARD하게_가보자고,2023,2023-06-26,20000,2047,Other,Low,15,1,6,0
クラファン,2023,2023-08-07,20000,2048,Other,Low,5,1,8,0
トップナイフ,2023,2023-08-20,20000,2049,Other,Low,6,1,8,6
Clemson,2023,2023-09-05,20000,2050,Other,Low,7,1,9,1
Jimmy G,2023,2023-09-25,20000,2051,Other,Low,7,2,9,0
راموس,2023,2023-09-30,20000,2052,Other,Low,5,1,9,5
Schiaretti,2023,2023-10-09,20000,2053,Other,Low,10,1,10,0
ジョディ先生,2023,2023-10-24,20000,2054,Other,Low,6,1,10,1
ナガノ先生,2023,2023-11-26,20000,2055,Other,Low,5,1,11,6
GuruNanakJayanti,2023,2023-11-27,20000,2056,Other,Low,16,1,11,0
半額ケーキ,2023,2023-12-25,20000,2057,Other,Low,5,1,12,0
secayeronlascaretas,2023,2023-01-05,19000,2058,Other,Low,19,1,1,3
MUNEVE,2023,2023-01-06,19000,2059,Other,Low,6,1,1,4
Okay_BSS_Fighting,2023,2023-02-06,19000,2060,Other,Low,17,1,2,0
Chris Stapleton,2023,2023-02-13,19000,2061,Other,Low,15,2,2,0
目黒蓮誕生祭,2023,2023-02-15,19000,2062,Other,Low,6,1,2,2
ツイートAI分析,2023,2023-03-15,19000,2063,Other,Low,8,1,3,2
MocionDeCensura,2023,2023-03-21,19000,2064,Other,Low,15,1,3,1
njcup,2023,2023-03-21,19000,2065,Other,Low,5,1,3,1
SVGala4,2023,2023-03-24,19000,2066,Other,Low,7,1,3,4
ゆと打って出てきたものがお前に不足,2023,2023-03-27,19000,2067,Other,Low,17,1,3,0
SVGala6,2023,2023-04-06,19000,2068,Other,Low,7,1,4,3
isola,2023,2023-04-17,19000,2069,Other,Low,5,1,4,0
SUPER1stWin,2023,2023-05-03,19000,2070,Other,Low,11,1,5,2
القصيم,2023,2023-05-03,19000,2071,Other,Low,6,1,5,2
KentuckyDerby,2023,2023-05-06,19000,2072,Sports,Low,13,1,5,5
Bruno Rodrigues,2023,2023-05-11,19000,2073,Other,Low,15,2,5,3
SVGala11,2023,2023-05-11,19000,2074,Other,Low,8,1,5,3
yohane,2023,2023-06-07,19000,2075,Other,Low,6,1,6,2
QueenRadio,2023,2023-09-01,19000,2076,Other,Low,10,1,9,4
アメトーーク,2023,2023-06-22,19000,2077,Other,Low,6,1,6,3
Coco Jones,2023,2023-06-26,19000,2078,Other,Low,10,2,6,0
Patti,2023,2023-06-26,19000,2079,Other,Low,5,1,6,0
オールスター,2023,2023-06-28,19000,2080,Other,Low,6,1,6,2
SVFinal,2023,2023-06-29,19000,2081,Other,Low,7,1,6,3
本日の起床時間,2023,2023-07-16,19000,2082,Other,Low,7,1,7,6
土浦日大,2023,2023-08-19,19000,2083,Other,Low,4,1,8,5
CambioDeGabinete,2023,2023-08-16,19000,2084,Other,Low,16,1,8,2
Feinstein,2023,2023-08-30,19000,2085,Other,Low,9,1,8,2
PeckAofIceInFriendnityConcert,2023,2023-09-02,19000,2086,Entertainment,Low,29,1,9,5
Purdy,2023,2023-09-22,19000,2087,Other,Low,5,1,9,4
デビュー曲,2023,2023-10-12,19000,2088,Other,Low,5,1,10,3
Travis Hunter,2023,2023-10-14,19000,2089,Other,Low,13,2,10,5
NickiVogue,2023,2023-11-09,19000,2090,Other,Low,10,1,11,3
ビーバームーン,2023,2023-11-27,19000,2091,Other,Low,7,1,11,0
エスパルス,2023,2023-12-02,19000,2092,Other,Low,5,1,12,5
DMDLAND2,2023,2023-12-09,19000,2093,Other,Low,8,1,12,5
アスコリピチェーノ,2023,2023-12-10,19000,2094,Other,Low,9,1,12,6
TheFirstSnow_1st_RAK,2023,2023-12-21,19000,2095,Other,Low,20,1,12,3
Frank Ocean,2023,2023-01-10,18000,2096,Other,Low,11,2,1,1
Mx2,2023,2023-01-13,18000,2097,Other,Low,3,1,1,4
RegaipKandili,2023,2023-01-26,18000,2098,Other,Low,13,1,1,3
SalarioRosaEnLasMejoresManos,2023,2023-01-31,18000,2099,Other,Low,28,1,1,1
ダウンタウンvsZ世代,2023,2023-02-04,18000,2100,Other,Low,11,1,2,5
TABLO,2023,2023-02-16,18000,2101,Other,Low,5,1,2,3
ワームムーン,2023,2023-03-07,18000,2102,Other,Low,6,1,3,1
ماجد الشمراني,2023,2023-04-07,18000,2103,Other,Low,13,2,4,4
あなたの武器適性,2023,2023-04-13,18000,2104,Other,Low,8,1,4,3
CumhurbaşkanıKılıçdaroğlu,2023,2023-05-03,18000,2105,Other,Low,25,1,5,2
クレーちゃん,2023,2023-06-23,18000,2106,Other,Low,6,1,6,4
Jarlan,2023,2023-06-25,18000,2107,Other,Low,6,1,6,6
多臓器不全,2023,2023-08-09,18000,2108,Other,Low,5,1,8,2
目隠しときメモ,2023,2023-08-15,18000,2109,Other,Low,7,1,8,1
Gilberto,2023,2023-08-20,18000,2110,Other,Low,8,1,8,6
ナムラクレア,2023,2023-10-01,18000,2111,Other,Low,6,1,10,6
Breno Lopes,2023,2023-09-16,18000,2112,Other,Low,11,2,9,5
絶体絶命,2023,2023-09-18,18000,2113,Other,Low,4,1,9,0
ライジングフリーダム,2023,2023-10-05,18000,2114,Other,Low,10,1,10,3
財津一郎さん,2023,2023-10-19,18000,2115,Other,Low,6,1,10,3
GHVIPGala8,2023,2023-11-02,18000,2116,Other,Low,10,1,11,3
SAvsAUS,2023,2023-11-16,18000,2117,Other,Low,7,1,11,3
明石家紅白,2023,2023-12-25,18000,2118,Other,Low,5,1,12,0
٦٠عام_محمد_عبده,2023,2023-12-30,18000,2119,Other,Low,15,1,12,5
コウテイ解散,2023,2023-01-20,17000,2120,Other,Low,6,1,1,4
寒いのでTLに好きな味噌汁の具を流す,2023,2023-01-24,17000,2121,Other,Low,18,1,1,1
シーナ&ロケッツ,2023,2023-01-30,17000,2122,Other,Low,8,1,1,0
大奥リアタイ,2023,2023-12-12,17000,2123,Other,Low,6,1,12,1
tlou,2023,2023-02-11,17000,2124,Other,Low,4,1,2,5
Apex4nniversary,2023,2023-02-14,17000,2125,Other,Low,15,1,2,1
RespawnGiveaway,2023,2023-02-14,17000,2126,Other,Low,15,1,2,1
レッドルゼル,2023,2023-02-19,17000,2127,Other,Low,6,1,2,6
ドライスタウト,2023,2023-02-19,17000,2128,Other,Low,7,1,2,6
BAFTA2023,2023,2023-02-19,17000,2129,Other,Low,9,1,2,6
PresidentsDay,2023,2023-02-20,17000,2130,Politics,Low,13,1,2,0
FKGvFB,2023,2023-04-10,17000,2131,Other,Low,6,1,4,0
peachinu,2023,2023-04-10,17000,2132,Other,Low,8,1,4,0
Mike Conley,2023,2023-04-12,17000,2133,Other,Low,11,2,4,2
オールスター合唱バトル,2023,2023-05-14,17000,2134,Other,Low,11,1,5,6
Paulinho,2023,2023-08-10,17000,2135,Other,Low,8,1,8,3
Croacia,2023,2023-06-14,17000,2136,Politics,Low,7,1,6,2
永山絢斗,2023,2023-06-15,17000,2137,Other,Low,4,1,6,3
EnigmaDoMedo,2023,2023-06-16,17000,2138,Other,Low,12,1,6,4
パルム,2023,2023-06-23,17000,2139,Other,Low,3,1,6,4
ساعه_استجابه_بيوم_الامنيات,2023,2023-06-27,17000,2140,Other,Low,26,1,6,1
WWENXT,2023,2023-07-12,17000,2141,Sports,Low,6,1,7,2
ナイトキラーズ,2023,2023-08-13,17000,2142,Other,Low,7,1,8,6
Dorival,2023,2023-08-17,17000,2143,Other,Low,7,1,8,3
GotTalentArgentina,2023,2023-08-22,17000,2144,Other,Low,18,1,8,1
RBD IS BACK,2023,2023-08-26,17000,2145,Other,Low,11,3,8,5
Brian Kelly,2023,2023-09-04,17000,2146,Other,Low,11,2,9,0
デンホリゾクゾク増殖中,2023,2023-09-08,17000,2147,Other,Low,11,1,9,4
ながせのつぶやき,2023,2023-09-15,17000,2148,Other,Low,8,1,9,4
JJKSpoilers,2023,2023-09-20,17000,2149,Other,Low,11,1,9,2
NovosPeões,2023,2023-09-22,17000,2150,Other,Low,10,1,9,4
ProvaDeFogo,2023,2023-09-26,17000,2151,Other,Low,11,1,9,1
Milo J,2023,2023-10-05,17000,2152,Other,Low,6,2,10,3
フリーダム,2023,2023-10-05,17000,2153,Other,Low,5,1,10,3
三連休初日,2023,2023-10-07,17000,2154,Other,Low,5,1,10,5
DebatePresidencial,2023,2023-10-09,17000,2155,Politics,Low,18,1,10,0
シュゴ仮面,2023,2023-10-15,17000,2156,Other,Low,5,1,10,6
OMAEK,2023,2023-10-26,17000,2157,Other,Low,5,1,10,3
ガッツch,2023,2023-11-20,17000,2158,Other,Low,5,1,11,0
Scott Foster,2023,2023-11-23,17000,2159,Other,Low,12,2,11,3
ドレミファドン,2023,2023-01-05,16000,2160,Other,Low,7,1,1,3
鮎川さん,2023,2023-01-30,16000,2161,Other,Low,4,1,1,0
Cindy Williams,2023,2023-01-31,16000,2162,Other,Low,14,2,1,1
オラオラ連打チャレンジ,2023,2023-02-01,16000,2163,Other,Low,11,1,2,2
チケゾー,2023,2023-02-18,16000,2164,Other,Low,4,1,2,5
Barrie,2023,2023-03-01,16000,2165,Other,Low,6,1,3,2
العويس,2023,2023-03-02,16000,2166,Other,Low,6,1,3,3
CriticalRoleSpoilers,2023,2023-03-10,16000,2167,Other,Low,20,1,3,4
Ignacio López Tarso,2023,2023-03-12,16000,2168,Other,Low,19,3,3,6
Doc Rivers,2023,2023-05-14,16000,2169,Other,Low,10,2,5,6
セバスチャン,2023,2023-06-02,16000,2170,Other,Low,6,1,6,4
イベントマッチ,2023,2023-06-03,16000,2171,Other,Low,7,1,6,5
خلف_بن_هذال,2023,2023-06-07,16000,2172,Other,Low,11,1,6,2
Kady,2023,2023-06-29,16000,2173,Other,Low,4,1,6,3
Pogacar,2023,2023-07-18,16000,2174,Other,Low,7,1,7,1
Jonny Evans,2023,2023-07-18,16000,2175,Other,Low,11,2,7,1
PANAOM,2023,2023-08-09,16000,2176,Other,Low,6,1,8,2
NoLimite,2023,2023-08-18,16000,2177,Other,Low,8,1,8,4
Ian Garry,2023,2023-08-20,16000,2178,Other,Low,9,2,8,6
FRAvURU,2023,2023-09-14,16000,2179,Other,Low,7,1,9,3
Wheeler,2023,2023-10-10,16000,2180,Other,Low,7,1,10,1
Jordan Love,2023,2023-12-04,16000,2181,Other,Low,11,2,12,0
Caleb Williams,2023,2023-10-15,16000,2182,Other,Low,14,2,10,6
LecceMilan,2023,2023-11-11,16000,2183,Sports,Low,10,1,11,5
仰天ニュース,2023,2023-11-14,16000,2184,Other,Low,6,1,11,1
ドゥラエレーデ,2023,2023-12-03,16000,2185,Other,Low,7,1,12,6
ポケモン1000種類超えました,2023,2023-01-13,15000,2186,Other,Low,15,1,1,4
MAZZEL,2023,2023-01-13,15000,2187,Other,Low,6,1,1,4
Gina Lollobrigida,2023,2023-01-16,15000,2188,Other,Low,17,2,1,0
ダ・カーポしませんか,2023,2023-01-23,15000,2189,Other,Low,10,1,1,0
タケシのパラダイス,2023,2023-01-27,15000,2190,Other,Low,9,1,1,4
RIPAKA,2023,2023-02-11,15000,2191,Other,Low,6,1,2,5
Tomiyasu,2023,2023-02-15,15000,2192,Other,Low,8,1,2,2
LoDeOlona,2023,2023-02-19,15000,2193,Other,Low,9,1,2,6
ヒシイグアス,2023,2023-02-26,15000,2194,Other,Low,6,1,2,6
WomensHistoryMonth,2023,2023-03-01,15000,2195,Other,Low,18,1,3,2
SVGala2,2023,2023-03-10,15000,2196,Other,Low,7,1,3,4
wtcfinal,2023,2023-03-13,15000,2197,Other,Low,8,1,3,0
ジェシカ,2023,2023-03-20,15000,2198,Other,Low,4,1,3,0
生理のおじさんとその娘,2023,2023-03-24,15000,2199,Other,Low,11,1,3,4
MAYJamFestival2023,2023,2023-03-25,15000,2200,Other,Low,18,1,3,5
utapri_otoya_BD2023,2023,2023-04-10,15000,2201,Other,Low,19,1,4,0
LaIslaDeLasTentaciones13,2023,2023-04-17,15000,2202,Other,Low,24,1,4,0
Mahrez,2023,2023-04-22,15000,2203,Other,Low,6,1,4,5
joe alwyn,2023,2023-05-26,15000,2204,Other,Low,9,2,5,4
モズメイメイ,2023,2023-05-27,15000,2205,Other,Low,6,1,5,5
CTCF,2023,2023-05-28,15000,2206,Other,Low,4,1,5,6
Zeller,2023,2023-06-05,15000,2207,Other,Low,6,1,6,0
Pulisic,2023,2023-06-16,15000,2208,Other,Low,7,1,6,4
Zuck,2023,2023-06-22,15000,2209,Other,Low,4,1,6,3
عرفات,2023,2023-06-27,15000,2210,Other,Low,5,1,6,1
FeijóoEH,2023,2023-06-28,15000,2211,Other,Low,8,1,6,2
あなたの孤独耐性度,2023,2023-07-09,15000,2212,Other,Low,9,1,7,6
Coutts,2023,2023-07-19,15000,2213,Other,Low,6,1,7,2
กดบัตรSarochaSoloStage,2023,2023-07-29,15000,2214,Other,Low,22,1,7,5
Union Square,2023,2023-08-04,15000,2215,Other,Low,12,2,8,4
ジュリエッタ,2023,2023-08-09,15000,2216,Other,Low,6,1,8,2
バチェラー,2023,2023-08-24,15000,2217,Other,Low,5,1,8,3
Colidio,2023,2023-08-28,15000,2218,Other,Low,7,1,8,0
楽天スーパーSALEで買うべきもの,2023,2023-09-01,15000,2219,Other,Low,17,1,9,4
نيوكاسل,2023,2023-09-19,15000,2220,Other,Low,7,1,9,1
ウシュバテソーロ,2023,2023-09-27,15000,2221,Other,Low,8,1,9,2
AFLGF,2023,2023-09-30,15000,2222,Other,Low,5,1,9,5
ガルアワ2023AW,2023,2023-09-30,15000,2223,Other,Low,10,1,9,5
ラヴィット,2023,2023-11-21,15000,2224,Other,Low,5,1,11,1
Juventude,2023,2023-11-25,15000,2225,Other,Low,9,1,11,5
Melodi,2023,2023-12-01,15000,2226,Other,Low,6,1,12,4
令和ロマン,2023,2023-12-07,15000,2227,Other,Low,5,1,12,3
ライジングインパクト,2023,2023-12-08,15000,2228,Other,Low,10,1,12,4
Mooney,2023,2023-12-17,15000,2229,Other,Low,6,1,12,6
定形郵便,2023,2023-12-18,15000,2230,Other,Low,4,1,12,0
GHVIPFinal,2023,2023-12-21,15000,2231,Other,Low,10,1,12,3
今年もキラキラ,2023,2023-12-28,15000,2232,Other,Low,7,1,12,3
綺良々と一緒,2023,2023-12-28,15000,2233,Other,Low,6,1,12,3
にじよんあにめーしょん,2023,2023-01-13,14000,2234,Other,Low,11,1,1,4
Steven Adams,2023,2023-01-21,14000,2235,Other,Low,12,2,1,5
AZN_LIVEday2,2023,2023-02-05,14000,2236,Other,Low,12,1,2,6
コロナ2019,2023,2023-02-16,14000,2237,Other,Low,7,1,2,3
ナワバトラー,2023,2023-02-23,14000,2238,Other,Low,6,1,2,3
ジンくん,2023,2023-02-26,14000,2239,Other,Low,4,1,2,6
ファミマでスキズ,2023,2023-02-28,14000,2240,Other,Low,8,1,2,1
ポケモンタイプ診断,2023,2023-03-04,14000,2241,Other,Low,9,1,3,5
LaIslaDeLasTentaciones9,2023,2023-03-20,14000,2242,Other,Low,23,1,3,0
TEKETEK,2023,2023-03-21,14000,2243,Other,Low,7,1,3,1
Gallagher,2023,2023-04-08,14000,2244,Other,Low,9,1,4,5
シャンティ,2023,2023-04-24,14000,2245,Other,Low,5,1,4,0
Militao,2023,2023-05-17,14000,2246,Other,Low,7,1,5,2
Nestor,2023,2023-05-20,14000,2247,Other,Low,6,1,5,5
ミックファイア,2023,2023-06-07,14000,2248,Other,Low,7,1,6,2
David Moyes,2023,2023-06-07,14000,2249,Other,Low,11,2,6,2
Bruce Brown,2023,2023-06-10,14000,2250,Other,Low,11,2,6,5
Aaron Gordon,2023,2023-06-10,14000,2251,Other,Low,12,2,6,5
GERCOL,2023,2023-06-20,14000,2252,Other,Low,6,1,6,1
フェディエル,2023,2023-07-31,14000,2253,Other,Low,6,1,7,0
Kai Cenat,2023,2023-08-04,14000,2254,Technology,Low,9,2,8,4
جمعه_مباركه,2023,2023-08-25,14000,2255,Other,Low,11,1,8,4
エイフォー,2023,2023-09-12,14000,2256,Other,Low,5,1,9,1
東山さん,2023,2023-09-07,14000,2257,Other,Low,4,1,9,3
LudmillaNoTheTown,2023,2023-09-07,14000,2258,Other,Low,17,1,9,3
私の応援歌,2023,2023-09-08,14000,2259,Other,Low,5,1,9,4
これを見た人は飲めない飲み物晒してくれ,2023,2023-09-11,14000,2260,Other,Low,19,1,9,0
ワンジナ,2023,2023-09-17,14000,2261,Other,Low,4,1,9,6
HTTC,2023,2023-09-18,14000,2262,Other,Low,4,1,9,0
Josh McDaniels,2023,2023-09-25,14000,2263,Other,Low,14,2,9,0
Samuel Xavier,2023,2023-09-28,14000,2264,Other,Low,13,2,9,3
Derek Carr,2023,2023-10-20,14000,2265,Other,Low,10,2,10,4
アークナイツ秋感謝祭2023,2023,2023-11-04,14000,2266,Other,Low,14,1,11,5
セラフィックコール,2023,2023-11-05,14000,2267,Other,Low,9,1,11,6
シャンフロ,2023,2023-11-05,14000,2268,Other,Low,5,1,11,6
FinalGranHermano,2023,2023-12-04,14000,2269,Other,Low,16,1,12,0
COYG,2023,2023-12-05,14000,2270,Other,Low,4,1,12,1
AskSrk,2023,2023-12-06,14000,2271,Other,Low,6,1,12,2
Flacco,2023,2023-12-24,14000,2272,Other,Low,6,1,12,6
HAPPYSOTADAY_2023,2023,2023-01-17,13000,2273,Other,Low,17,1,1,1
MilanSassuolo,2023,2023-01-29,13000,2274,Sports,Low,13,1,1,6
Laverne,2023,2023-01-31,13000,2275,Other,Low,7,1,1,1
本名にかすってもないのについたあだ名,2023,2023-02-09,13000,2276,Other,Low,18,1,2,3
水曜日のダウンタウン,2023,2023-02-15,13000,2277,Other,Low,10,1,2,2
Nihat Hatipoğlu,2023,2023-02-15,13000,2278,Other,Low,15,2,2,2
Weverton,2023,2023-02-17,13000,2279,Other,Low,8,1,2,4
秋元佐久間ANN,2023,2023-02-18,13000,2280,Other,Low,8,1,2,5
HogaresMexiquenses,2023,2023-02-21,13000,2281,Other,Low,18,1,2,1
ChrisRock,2023,2023-03-05,13000,2282,Other,Low,9,1,3,6
São Bernardo,2023,2023-03-12,13000,2283,Other,Low,12,2,3,6
国際手配,2023,2023-03-16,13000,2284,Other,Low,4,1,3,3
TBSでWBC,2023,2023-03-20,13000,2285,Other,Low,7,1,3,0
りくりゅう,2023,2023-03-23,13000,2286,Other,Low,5,1,3,3
twenty one pilots,2023,2023-03-26,13000,2287,Other,Low,17,3,3,6
WNBADraft,2023,2023-04-10,13000,2288,Sports,Low,9,1,4,0
ビシエド,2023,2023-04-12,13000,2289,Other,Low,4,1,4,2
千鳥の鬼レンチャン,2023,2023-04-16,13000,2290,Other,Low,9,1,4,6
十万円でできるかな,2023,2023-04-24,13000,2291,Other,Low,9,1,4,0
세븐틴_쇼챔피언_1위_축하해,2023,2023-05-03,13000,2292,Other,Low,15,1,5,2
SEVENTEEN54thWin,2023,2023-05-03,13000,2293,Other,Low,16,1,5,2
TerraEPaixão,2023,2023-05-09,13000,2294,Other,Low,12,1,5,1
Slovenia,2023,2023-05-11,13000,2295,Other,Low,8,1,5,3
バックドラフト,2023,2023-05-16,13000,2296,Other,Low,7,1,5,1
Andy Rourke,2023,2023-05-19,13000,2297,Other,Low,11,2,5,4
初週ミリオン,2023,2023-05-20,13000,2298,Other,Low,6,1,5,5
正義の天秤,2023,2023-06-03,13000,2299,Other,Low,5,1,6,5
神業チャレンジ,2023,2023-06-06,13000,2300,Other,Low,7,1,6,1
ウォーカー,2023,2023-06-07,13000,2301,Other,Low,5,1,6,2
EdaEce,2023,2023-06-14,13000,2302,Other,Low,6,1,6,2
Marquinhos,2023,2023-06-20,13000,2303,Other,Low,10,1,6,1
フォリア,2023,2023-06-30,13000,2304,Other,Low,4,1,6,4
DoctorsDay,2023,2023-07-01,13000,2305,Other,Low,10,1,7,5
XboxFreeCodeFriday,2023,2023-07-07,13000,2306,Technology,Low,18,1,7,4
ミセスフェス,2023,2023-07-10,13000,2307,Other,Low,6,1,7,0
Guy Gardner,2023,2023-07-12,13000,2308,Other,Low,11,2,7,2
CherryMagicTH,2023,2023-07-12,13000,2309,Other,Low,13,1,7,2
CopaOro2023,2023,2023-07-17,13000,2310,Sports,Low,11,1,7,0
ユリウス,2023,2023-07-31,13000,2311,Other,Low,4,1,7,0
BillkinTempoConcert_BuyNow,2023,2023-08-01,13000,2312,Entertainment,Low,26,1,8,1
関西ジャニーズJr,2023,2023-08-22,13000,2313,Other,Low,9,1,8,1
Mookie,2023,2023-09-01,13000,2314,Other,Low,6,1,9,4
平野レミの早わざレシピ,2023,2023-09-18,13000,2315,Other,Low,11,1,9,0
星4配布,2023,2023-10-13,13000,2316,Other,Low,4,1,10,4
あなたをかわいい神話生物に例える,2023,2023-10-24,13000,2317,Other,Low,16,1,10,1
IF_FNT,2023,2023-10-29,13000,2318,Other,Low,6,1,10,6
Number_i_YouTube,2023,2023-11-27,13000,2319,Entertainment,Low,16,1,11,0
dwts,2023,2023-11-29,13000,2320,Other,Low,4,1,11,2
Arias,2023,2023-12-04,13000,2321,Other,Low,5,1,12,0
Eliezer,2023,2023-12-18,13000,2322,Other,Low,7,1,12,0
OTGala4,2023,2023-12-18,13000,2323,Other,Low,7,1,12,0
おしゃれクリップ,2023,2023-01-29,12000,2324,Other,Low,8,1,1,6
サブウェイからの本命ピザ,2023,2023-02-14,12000,2325,Other,Low,12,1,2,1
ロッテリア,2023,2023-02-16,12000,2326,Other,Low,5,1,2,3
Ebubu,2023,2023-02-27,12000,2327,Other,Low,5,1,2,0
うたコン,2023,2023-03-07,12000,2328,Other,Low,4,1,3,1
الفارو,2023,2023-03-10,12000,2329,Other,Low,6,1,3,4
NZvsSL,2023,2023-03-13,12000,2330,Other,Low,6,1,3,0
ヒメノ様,2023,2023-03-19,12000,2331,Other,Low,4,1,3,6
ダイケンキ,2023,2023-03-27,12000,2332,Other,Low,5,1,3,0
Claxton,2023,2023-04-21,12000,2333,Other,Low,7,1,4,4
シュネルマイスター,2023,2023-04-23,12000,2334,Other,Low,9,1,4,6
CSKvsRR,2023,2023-04-27,12000,2335,Other,Low,7,1,4,3
BKFC41,2023,2023-04-30,12000,2336,Other,Low,6,1,4,6
RomaInter,2023,2023-05-06,12000,2337,Other,Low,9,1,5,5
魔改造の夜,2023,2023-05-25,12000,2338,Other,Low,5,1,5,3
مركز_التحكيم_الرياضي,2023,2023-05-26,12000,2339,Other,Low,20,1,5,4
LOUDWIN,2023,2023-05-29,12000,2340,Other,Low,7,1,5,0
SquidGrowEth,2023,2023-05-29,12000,2341,Other,Low,12,1,5,0
カービィ,2023,2023-06-06,12000,2342,Other,Low,4,1,6,1
なにわ男子とポピラビ,2023,2023-06-06,12000,2343,Other,Low,10,1,6,1
NEDCRO,2023,2023-06-14,12000,2344,Other,Low,6,1,6,2
ZonaDeRisco,2023,2023-06-28,12000,2345,Other,Low,11,1,6,2
انصفوا_الهلال_بنيمار,2023,2023-08-03,12000,2346,Sports,Low,20,1,8,3
メリュ子,2023,2023-08-15,12000,2347,Other,Low,4,1,8,1
わっしょい俳句,2023,2023-08-22,12000,2348,Other,Low,7,1,8,1
慶応の応援,2023,2023-08-23,12000,2349,Other,Low,5,1,8,2
HindiDiwas,2023,2023-09-14,12000,2350,Other,Low,10,1,9,3
PakistanCricket,2023,2023-09-14,12000,2351,Politics,Low,15,1,9,3
キシリアる,2023,2023-09-30,12000,2352,Other,Low,5,1,9,5
フルセット,2023,2023-09-30,12000,2353,Other,Low,5,1,9,5
何かオモシロいコトないの,2023,2023-10-02,12000,2354,Other,Low,12,1,10,0
Goiás,2023,2023-10-03,12000,2355,Other,Low,5,1,10,1
Jon Fosse,2023,2023-10-05,12000,2356,Other,Low,9,2,10,3
タケモトピアノ,2023,2023-10-19,12000,2357,Other,Low,7,1,10,3
Marlon,2023,2023-10-26,12000,2358,Other,Low,6,1,10,3
AUSvsNZ,2023,2023-10-28,12000,2359,Other,Low,7,1,10,5
おりほー,2023,2023-10-29,12000,2360,Other,Low,4,1,10,6
カウコン,2023,2023-11-02,12000,2361,Other,Low,4,1,11,3
hozier,2023,2023-11-07,12000,2362,Other,Low,6,1,11,1
サフィラ,2023,2023-12-10,12000,2363,Other,Low,4,1,12,6
FATE_IN_NEWCLARKCITY,2023,2023-12-16,12000,2364,Other,Low,20,1,12,5
マイネルグロン,2023,2023-12-23,12000,2365,Other,Low,7,1,12,5
Lincoln Riley,2023,2023-01-03,11000,2366,Other,Low,13,2,1,1
あさイチ,2023,2023-02-17,11000,2367,Other,Low,4,1,2,4
これを見た人は秒でバレる嘘をつけ,2023,2023-02-20,11000,2368,Other,Low,16,1,2,0
SquidCraft2,2023,2023-02-28,11000,2369,Other,Low,11,1,2,1
DevletBahçeli,2023,2023-02-28,11000,2370,Other,Low,13,1,2,1
Peter Pan,2023,2023-02-28,11000,2371,Other,Low,9,2,2,1
غارسيا,2023,2023-03-10,11000,2372,Other,Low,6,1,3,4
Bellator292,2023,2023-03-11,11000,2373,Other,Low,11,1,3,5
Volta Redonda,2023,2023-03-12,11000,2374,Other,Low,13,2,3,6
Ben Foster,2023,2023-04-10,11000,2375,Other,Low,10,2,4,0
あなたがしてくれなくても,2023,2023-04-13,11000,2376,Other,Low,12,1,4,3
ガイアフォース,2023,2023-04-23,11000,2377,Other,Low,7,1,4,6
キンプリミリオンおめでとう,2023,2023-05-15,11000,2378,Other,Low,13,1,5,0
LinhaDireta,2023,2023-05-19,11000,2379,Other,Low,11,1,5,4
ハロハロ食べにミニストップへ行こう,2023,2023-05-19,11000,2380,Other,Low,17,1,5,4
Roncaglia,2023,2023-05-20,11000,2381,Other,Low,9,1,5,5
RHONJ,2023,2023-06-14,11000,2382,Other,Low,5,1,6,2
エスコバー,2023,2023-06-19,11000,2383,Other,Low,5,1,6,0
HappyAyakaDay,2023,2023-06-19,11000,2384,Other,Low,13,1,6,0
ゴンチャの桃,2023,2023-07-12,11000,2385,Other,Low,6,1,7,2
ジョニー,2023,2023-08-07,11000,2386,Other,Low,4,1,8,0
ソシャゲ,2023,2023-08-08,11000,2387,Other,Low,4,1,8,1
Armani,2023,2023-08-09,11000,2388,Other,Low,6,1,8,2
FlyingKiss,2023,2023-08-09,11000,2389,Other,Low,10,1,8,2
ماهر_المعيقلي,2023,2023-08-11,11000,2390,Other,Low,13,1,8,4
おかやま山陽,2023,2023-08-17,11000,2391,Other,Low,6,1,8,3
cheol,2023,2023-08-17,11000,2392,Other,Low,5,1,8,3
GrandPrixSemi2,2023,2023-08-28,11000,2393,Other,Low,14,1,8,0
escandalointimo,2023,2023-08-30,11000,2394,Other,Low,15,1,8,2
ميلاد_ولي_العهد_38,2023,2023-08-30,11000,2395,Other,Low,18,1,8,2
Bailando2023,2023,2023-09-05,11000,2396,Other,Low,12,1,9,1
板チョコアイス,2023,2023-09-14,11000,2397,Other,Low,7,1,9,3
槓全メシ完全メシ祭,2023,2023-09-18,11000,2398,Other,Low,9,1,9,0
河合くん,2023,2023-09-21,11000,2399,Other,Low,4,1,9,3
قرعه_كاس_الملك,2023,2023-09-27,11000,2400,Other,Low,14,1,9,2
DebatePresidencial2023,2023,2023-10-02,11000,2401,Politics,Low,22,1,10,0
インパルス,2023,2023-10-05,11000,2402,Other,Low,5,1,10,3
IssBaar100Paar,2023,2023-10-07,11000,2403,Other,Low,14,1,10,5
EmpathizeWithGaza,2023,2023-10-16,11000,2404,Politics,Low,17,1,10,0
GoPackGo,2023,2023-11-23,11000,2405,Politics,Low,8,1,11,3
ウィルソンテソーロ,2023,2023-12-03,11000,2406,Other,Low,9,1,12,6
敗者復活,2023,2023-12-07,11000,2407,Other,Low,4,1,12,3
Article370,2023,2023-12-11,11000,2408,Other,Low,10,1,12,0
Brooklyn 99,2023,2023-12-13,11000,2409,Other,Low,11,2,12,2
ダウンタウンDX,2023,2023-01-05,10000,2410,Other,Low,8,1,1,3
Nketiah,2023,2023-01-09,10000,2411,Other,Low,7,1,1,0
ウインカーネリアン,2023,2023-02-05,10000,2412,Other,Low,9,1,2,6
櫻坂46Cool,2023,2023-02-07,10000,2413,Other,Low,8,1,2,1
二時から日テレで福岡くん,2023,2023-02-12,10000,2414,Other,Low,12,1,2,6
ที่อยู่ร้าน,2023,2023-02-23,10000,2415,Other,Low,11,1,2,3
شراحيلي,2023,2023-03-10,10000,2416,Other,Low,7,1,3,4
おばさん構文,2023,2023-03-12,10000,2417,Other,Low,6,1,3,6
protagonistes,2023,2023-03-21,10000,2418,Other,Low,13,1,3,1
LaIslaDeLasTentaciones10,2023,2023-03-27,10000,2419,Other,Low,24,1,3,0
しょこたん,2023,2023-04-27,10000,2420,Other,Low,5,1,4,3
どらほー,2023,2023-05-06,10000,2421,Other,Low,4,1,5,5
ヘブンズ・ドアー,2023,2023-05-15,10000,2422,Other,Low,8,1,5,0
Rudiger,2023,2023-05-17,10000,2423,Other,Low,7,1,5,2
超絶限界,2023,2023-06-07,10000,2424,Other,Low,4,1,6,2
Nick Taylor,2023,2023-06-12,10000,2425,Entertainment,Low,11,2,6,0
ブキチ杯,2023,2023-06-15,10000,2426,Other,Low,4,1,6,3
確定ガチャ,2023,2023-06-19,10000,2427,Other,Low,5,1,6,0
ライラさん,2023,2023-06-27,10000,2428,Other,Low,5,1,6,1
斉藤壮馬結婚,2023,2023-06-30,10000,2429,Other,Low,6,1,6,4
kabinet,2023,2023-07-07,10000,2430,Other,Low,7,1,7,4
USMNT,2023,2023-07-10,10000,2431,Other,Low,5,1,7,0
セデーニョ,2023,2023-07-17,10000,2432,Other,Low,5,1,7,0
トリスタン,2023,2023-07-29,10000,2433,Other,Low,5,1,7,5
僕たちは戦争を知らない,2023,2023-08-13,10000,2434,Other,Low,11,1,8,6
先頭打者ホームラン,2023,2023-08-23,10000,2435,Other,Low,9,1,8,2
Overwatch2Sweepstakes,2023,2023-08-28,10000,2436,Other,Low,21,1,8,0
FRAIRL,2023,2023-09-07,10000,2437,Other,Low,6,1,9,3
サブちゃん,2023,2023-09-28,10000,2438,Other,Low,5,1,9,3
ママコチャ,2023,2023-10-01,10000,2439,Other,Low,5,1,10,6
暗殺教室,2023,2023-10-02,10000,2440,Other,Low,4,1,10,0
RiyadhSeason,2023,2023-10-11,10000,2441,Entertainment,Low,12,1,10,2
レッドフード,2023,2023-10-27,10000,2442,Other,Low,6,1,10,4
現状厳しいが諦めずに円盤化を待つ作品,2023,2023-11-09,10000,2443,Other,Low,18,1,11,3
KitaMudaProGibsPasti,2023,2023-11-27,10000,2444,Other,Low,20,1,11,0
アイアンバローズ,2023,2023-12-02,10000,2445,Other,Low,8,1,12,5
真空ジェシカ,2023,2023-12-07,10000,2446,Other,Low,6,1,12,3
佐々木千隼,2023,2023-12-08,10000,2447,Other,Low,5,1,12,4
情熱大陸,2023,2023-12-10,10000,2448,Other,Low,4,1,12,6
RaiderNation,2023,2023-12-15,10000,2449,Other,Low,12,1,12,4
Christmas,2022,2022-12-25,3654000,1,Holiday,High,9,1,12,6
Halloween,2022,2022-10-31,3560000,2,Holiday,High,9,1,10,0
Spotify,2022,2022-12-01,3548000,3,Entertainment,High,7,1,12,3
VMAs,2022,2022-08-29,3352000,4,Other,High,4,1,8,0
Messi,2022,2022-12-19,3274000,5,Sports,High,5,1,12,0
GRAMMYs,2022,2022-04-04,3266000,6,Entertainment,High,7,1,4,0
Thanksgiving,2022,2022-11-25,3132000,7,Holiday,High,12,1,11,4
Ukraine,2022,2022-02-24,3050000,8,Politics,High,7,1,2,3
Pelé,2022,2022-12-30,2940000,9,Other,High,4,1,12,4
โหนกระแส,2022,2022-03-04,2839000,10,Other,High,8,1,3,4
Argentina,2022,2022-12-19,2798000,11,Other,High,9,1,12,0
Eurovision,2022,2022-05-14,2733000,12,Other,High,10,1,5,5
Elon Musk,2022,2022-04-26,2613000,13,Politics,High,9,2,4,1
Oscars,2022,2022-03-28,2605000,14,Entertainment,High,6,1,3,0
Lula,2022,2022-10-03,2543000,15,Politics,High,4,1,10,0
Father's Day,2022,2022-06-20,2467000,16,Holiday,High,12,2,6,0
Qatar,2022,2022-11-20,2419000,17,Other,High,5,1,11,6
クリスマス,2022,2022-12-24,2362000,18,Holiday,High,5,1,12,5
PTD_ON_STAGE_SEOUL,2022,2022-03-10,2247000,19,Other,High,18,1,3,3
Trump,2022,2022-08-09,2159000,20,Politics,High,5,1,8,1
猫の日,2022,2022-02-22,2095000,21,Other,High,3,1,2,1
BTS BTS BTS,2022,2022-04-03,2040000,22,Entertainment,High,11,3,4,6
Putin,2022,2022-02-24,1994000,23,Politics,High,5,1,2,3
BTS_Proof,2022,2022-06-10,1982000,24,Entertainment,High,9,1,6,4
PINKVENOM,2022,2022-08-19,1964000,25,Other,High,9,1,8,4
BBB22,2022,2022-02-15,1953000,26,Other,High,5,1,2,1
MetGala,2022,2022-05-03,1949000,27,Other,High,7,1,5,1
Happy Easter,2022,2022-04-17,1905000,28,Holiday,High,12,2,4,6
YetToCome,2022,2022-06-10,1898000,29,Other,High,9,1,6,4
バレンタイン,2022,2022-02-14,1888000,30,Holiday,High,6,1,2,0
Happy New Year,2022,2022-01-01,1877000,31,Holiday,High,14,3,1,5
Will Smith,2022,2022-03-28,1862000,32,Other,High,10,2,3,0
ハロウィン,2022,2022-10-30,1828000,33,Other,High,5,1,10,6
HOBIPALOOZA,2022,2022-08-01,1801000,34,Other,High,11,1,8,0
jhope_MORE,2022,2022-07-01,1699000,35,Other,High,10,1,7,4
Queen,2022,2022-09-09,1688000,36,Other,High,5,1,9,4
Supreme Court,2022,2022-06-24,1602000,37,Other,High,13,2,6,4
taylor,2022,2022-08-29,1585000,38,Entertainment,High,6,1,8,0
InternationalWomensDay,2022,2022-03-09,1555000,39,Other,High,22,1,3,2
Colombia,2022,2022-06-20,1554000,40,Politics,High,8,1,6,0
Mother's Day,2022,2022-05-08,1526000,41,Holiday,High,12,2,5,6
Texas,2022,2022-05-25,1524000,42,Other,High,5,1,5,2
エイプリルフール,2022,2022-04-01,1513000,43,Holiday,High,8,1,4,4
Real Madrid,2022,2022-05-29,1506000,44,Sports,High,11,2,5,6
Discord,2022,2022-01-26,1504000,45,Other,High,7,1,1,2
April Fools,2022,2022-04-01,1489000,46,Holiday,High,11,2,4,4
SuperBowl,2022,2022-02-14,1460000,47,Sports,High,9,1,2,0
BLACKPINK,2022,2022-09-16,1454000,48,Entertainment,High,9,1,9,4
DEIXEM O NORDESTE VOTAR,2022,2022-10-30,1450000,49,Other,High,23,4,10,6
Richarlison,2022,2022-11-25,1450000,50,Other,High,11,1,11,4
KinnPorscheEP4,2022,2022-05-01,1437000,51,Other,High,14,1,5,6
Betty White,2022,2022-01-01,1416000,52,Other,High,11,2,1,5
UCLfinal,2022,2022-05-29,1374000,53,Other,High,8,1,5,6
มีแม่เมื่อพร้อม,2022,2022-03-04,1350000,54,Other,High,15,1,3,4
GOT7HOMECOMING,2022,2022-05-21,1348000,55,Other,High,14,1,5,5
KinnPorscheEP13,2022,2022-07-02,1289000,56,Other,High,15,1,7,5
ENHYPEN,2022,2022-07-04,1274000,57,Other,High,7,1,7,0
Maria,2022,2022-02-15,1254000,58,Other,High,5,1,2,1
jungkook,2022,2022-03-18,1240000,59,Other,High,8,1,3,4
MANIFESTO_DAY1,2022,2022-07-04,1233000,60,Other,High,14,1,7,0
安倍元首相,2022,2022-07-08,1224000,61,Other,High,5,1,7,4
JIKJIN1stWin,2022,2022-02-23,1212000,62,Other,High,12,1,2,2
يوم_التاسيس,2022,2022-02-22,1197000,63,Other,High,11,1,2,1
Voguegala2022XMileApo,2022,2022-09-21,1185000,64,Other,High,21,1,9,2
Iran,2022,2022-11-21,1179000,65,Politics,High,4,1,11,0
4th of July,2022,2022-07-05,1178000,66,Holiday,High,11,3,7,1
Flamengo,2022,2022-10-20,1175000,67,Other,High,8,1,10,3
트레저_곁으로_파워_직진,2022,2022-02-15,1171000,68,Other,High,13,1,2,1
jhopeAtLollapalooza,2022,2022-08-01,1142000,69,Other,High,19,1,8,0
MANIAC_SKZ,2022,2022-03-18,1131000,70,Other,High,10,1,3,4
BallonDor,2022,2022-10-17,1114000,71,Sports,High,9,1,10,0
Japan,2022,2022-07-08,1113000,72,Other,High,5,1,7,4
America,2022,2022-06-24,1111000,73,Politics,High,7,1,6,4
Natália,2022,2022-02-15,1105000,74,Other,High,7,1,2,1
México,2022,2022-12-01,1103000,75,Other,High,6,1,12,3
BazaarSGXApo,2022,2022-11-10,1082000,76,Other,High,12,1,11,3
السعوديه_الارجنتين,2022,2022-11-22,1079000,77,Other,High,18,1,11,1
KPworldtourD2,2022,2022-07-25,1069000,78,Entertainment,High,13,1,7,0
Feliz Navidad,2022,2022-12-25,1068000,79,Other,High,13,2,12,6
Chile,2022,2022-09-05,1066000,80,Other,High,5,1,9,0
stranger things,2022,2022-07-02,1061000,81,Entertainment,High,15,2,7,5
Isabel,2022,2022-09-08,1054000,82,Other,High,6,1,9,3
FuturePerfect,2022,2022-07-04,1031000,83,Other,High,13,1,7,0
QueenElizabeth,2022,2022-09-08,1026000,84,Other,High,14,1,9,3
hoseok,2022,2022-08-01,1023000,85,Other,High,6,1,8,0
Olivia,2022,2022-04-04,1018000,86,Other,High,6,1,4,0
Taiwan,2022,2022-08-02,1014000,87,Politics,High,6,1,8,1
BamBamxGSW,2022,2022-04-08,993000,88,Other,Medium,10,1,4,4
Drake,2022,2022-06-17,987000,89,Entertainment,Medium,5,1,6,4
Happy Halloween,2022,2022-10-31,980000,90,Holiday,Medium,15,2,10,0
Neymar,2022,2022-11-25,947000,91,Other,Medium,6,1,11,4
Boris Johnson,2022,2022-07-07,946000,92,Other,Medium,13,2,7,3
ウクライナ,2022,2022-02-24,933000,93,Other,Medium,5,1,2,3
TREASURE1stWin,2022,2022-02-23,931000,94,Other,Medium,14,1,2,2
ODDINARY,2022,2022-03-18,928000,95,Other,Medium,8,1,3,4
Castillo,2022,2022-12-07,910000,96,Other,Medium,8,1,12,2
安倍さん,2022,2022-07-08,885000,97,Other,Medium,4,1,7,4
Liz Truss,2022,2022-10-20,885000,98,Other,Medium,9,2,10,3
10YearsWithEXO,2022,2022-04-07,882000,99,Other,Medium,14,1,4,3
Perú,2022,2022-12-07,879000,100,Other,Medium,4,1,12,2
Chelsea,2022,2022-04-13,865000,101,Sports,Medium,7,1,4,2
China,2022,2022-08-02,856000,102,Politics,Medium,5,1,8,1
SUGA,2022,2022-04-26,855000,103,Other,Medium,4,1,4,1
HBDAjithKumar,2022,2022-05-01,854000,104,Other,Medium,13,1,5,6
Euphoria,2022,2022-02-28,852000,105,Other,Medium,8,1,2,0
Marvel,2022,2022-07-24,847000,106,Entertainment,Medium,6,1,7,6
Madrid,2022,2022-04-26,842000,107,Sports,Medium,6,1,4,1
Anitta,2022,2022-03-25,839000,108,Other,Medium,6,1,3,4
Rihanna,2022,2022-01-31,835000,109,Entertainment,Medium,7,1,1,0
スペイン,2022,2022-12-01,819000,110,Other,Medium,4,1,12,3
BadDecisions,2022,2022-08-05,817000,111,Other,Medium,12,1,8,4
Rodrigo,2022,2022-01-31,806000,112,Other,Medium,7,1,1,0
AprilFoolsDay,2022,2022-04-01,800000,113,Other,Medium,13,1,4,4
Portugal,2022,2022-12-07,798000,114,Other,Medium,8,1,12,2
England,2022,2022-11-25,797000,115,Other,Medium,7,1,11,4
Shinzo Abe,2022,2022-07-08,797000,116,Other,Medium,10,2,7,4
GOT7,2022,2022-04-22,795000,117,Other,Medium,4,1,4,4
Sanremo2022,2022,2022-02-02,789000,118,Other,Medium,11,1,2,2
SCOTUS,2022,2022-06-24,787000,119,Politics,Medium,6,1,6,4
Benzema,2022,2022-04-06,769000,120,Other,Medium,7,1,4,2
ポッキー,2022,2022-11-11,769000,121,Other,Medium,4,1,11,4
BORNPINK,2022,2022-09-16,767000,122,Other,Medium,8,1,9,4
Technoblade,2022,2022-07-01,765000,123,Technology,Medium,11,1,7,4
YetToComeinBUSAN,2022,2022-10-15,762000,124,Other,Medium,16,1,10,5
일위로_직진_트레저_축하해,2022,2022-02-23,756000,125,Other,Medium,14,1,2,2
Arsenal,2022,2022-10-09,754000,126,Sports,Medium,7,1,10,6
LoveMechanicsEP7,2022,2022-07-23,743000,127,Other,Medium,16,1,7,5
nayeon,2022,2022-06-24,742000,128,Other,Medium,6,1,6,4
Morocco,2022,2022-12-15,739000,129,Other,Medium,7,1,12,3
Feliz Año Nuevo,2022,2022-01-01,731000,130,Other,Medium,15,3,1,5
BTSatTheWhiteHouse,2022,2022-05-31,725000,131,Entertainment,Medium,18,1,5,1
Courtois,2022,2022-05-29,723000,132,Other,Medium,8,1,5,6
TheAstronaut,2022,2022-10-18,722000,133,Other,Medium,12,1,10,1
iHeartAwards,2022,2022-01-27,713000,134,Politics,Medium,12,1,1,3
Bárbara,2022,2022-02-14,713000,135,Other,Medium,7,1,2,0
Florida,2022,2022-09-28,712000,136,Other,Medium,7,1,9,2
WrestleMania,2022,2022-04-04,707000,137,Sports,Medium,12,1,4,0
Lexi,2022,2022-02-21,699000,138,Other,Medium,4,1,2,0
Truss,2022,2022-10-20,698000,139,Other,Medium,5,1,10,3
Ronaldo,2022,2022-12-07,687000,140,Sports,Medium,7,1,12,2
Bonner,2022,2022-08-23,685000,141,Other,Medium,6,1,8,1
Diana,2022,2022-09-08,683000,142,Other,Medium,5,1,9,3
ArabicKuthu,2022,2022-02-14,680000,143,Other,Medium,11,1,2,0
PTD_ON_STAGE_LV,2022,2022-04-09,674000,144,Other,Medium,15,1,4,5
JUNGWONInAMillion,2022,2022-02-08,673000,145,Other,Medium,17,1,2,1
D7GrandOpeningxMileApo,2022,2022-09-28,671000,146,Other,Medium,22,1,9,2
الطفل_ريان,2022,2022-02-06,669000,147,Other,Medium,10,1,2,6
Corinthians,2022,2022-10-20,666000,148,Other,Medium,11,1,10,3
音楽の日,2022,2022-07-16,663000,149,Other,Medium,4,1,7,5
Charles,2022,2022-09-08,661000,150,Other,Medium,7,1,9,3
Dibu,2022,2022-12-10,660000,151,Other,Medium,4,1,12,5
CDTVライブライブ,2022,2022-12-19,654000,152,Other,Medium,10,1,12,0
ミサイル,2022,2022-10-04,652000,153,Other,Medium,4,1,10,1
Senate,2022,2022-11-13,650000,154,Politics,Medium,6,1,11,6
정원이가_꽃피운_열아홉번째_가든,2022,2022-02-08,649000,155,Other,Medium,17,1,2,1
LISAXCELINE,2022,2022-06-26,646000,156,Other,Medium,11,1,6,6
Liz Cheney,2022,2022-08-17,646000,157,Other,Medium,10,2,8,2
Eid Mubarak,2022,2022-05-02,645000,158,Holiday,Medium,11,2,5,0
TaehyungInParis,2022,2022-06-26,645000,159,Other,Medium,15,1,6,6
LeftandRight,2022,2022-06-24,643000,160,Other,Medium,12,1,6,4
TAEHYUNGxCeline,2022,2022-06-26,641000,161,Other,Medium,15,1,6,6
Buffalo,2022,2022-05-15,640000,162,Other,Medium,7,1,5,6
Pilipinas,2022,2022-05-09,629000,163,Other,Medium,9,1,5,0
SOTU,2022,2022-03-02,627000,164,Other,Medium,4,1,3,2
Andrew Tate,2022,2022-12-30,622000,165,Other,Medium,11,2,12,4
BBMAs,2022,2022-05-16,611000,166,Other,Medium,5,1,5,0
恵方巻き,2022,2022-02-03,603000,167,Other,Medium,4,1,2,3
السعوديه_المسكيك,2022,2022-12-01,603000,168,Other,Medium,16,1,12,3
RoeVsWade,2022,2022-06-25,601000,169,Politics,Medium,9,1,6,5
Mbappe,2022,2022-02-16,599000,170,Sports,Medium,6,1,2,2
ENGLOTxWinkwhite,2022,2022-08-25,593000,171,Other,Medium,16,1,8,3
OurStarJennieDay,2022,2022-01-15,587000,172,Entertainment,Medium,16,1,1,5
Uruguay,2022,2022-12-02,586000,173,Other,Medium,7,1,12,4
GOT7_FOR8VER,2022,2022-01-15,582000,174,Other,Medium,12,1,1,5
PananchitaxENGLOT,2022,2022-08-08,582000,175,Other,Medium,17,1,8,0
Monark,2022,2022-02-08,576000,176,Other,Medium,6,1,2,1
IWD2022,2022,2022-03-08,576000,177,Other,Medium,7,1,3,1
jisoo,2022,2022-09-16,574000,178,Other,Medium,5,1,9,4
BamBamxโหนกระแส,2022,2022-04-14,565000,179,Other,Medium,15,1,4,3
CashAppDay,2022,2022-07-06,560000,180,Other,Medium,10,1,7,2
Tuchel,2022,2022-09-07,554000,181,Other,Medium,6,1,9,2
Gülşen,2022,2022-08-25,548000,182,Other,Medium,6,1,8,3
RUN BTS,2022,2022-06-10,543000,183,Politics,Medium,7,2,6,4
Feliz 2022,2022,2022-01-01,540000,184,Other,Medium,10,2,1,5
NATO,2022,2022-02-24,540000,185,Politics,Medium,4,1,2,3
Macron,2022,2022-04-10,540000,186,Politics,Medium,6,1,4,6
Beto,2022,2022-05-25,537000,187,Other,Medium,4,1,5,2
WE WANNA FOCUS ON BTS,2022,2022-08-27,529000,188,Entertainment,Medium,21,5,8,5
عمران_خان_ہماری_ریڈ_لائن,2022,2022-10-21,526000,189,Other,Medium,24,1,10,4
Bayern,2022,2022-09-14,525000,190,Sports,Medium,6,1,9,2
Nadal,2022,2022-01-30,521000,191,Other,Medium,5,1,1,6
ShootingStarConcert,2022,2022-07-23,521000,192,Entertainment,Medium,19,1,7,5
Labor Day,2022,2022-09-05,521000,193,Holiday,Medium,9,2,9,0
HOSEOK,2022,2022-07-01,519000,194,Other,Medium,6,1,7,4
Fauci,2022,2022-01-11,517000,195,Other,Medium,5,1,1,1
राष्ट्रीय_बेरोजगार_दिवस,2022,2022-09-17,509000,196,Other,Medium,23,1,9,5
JusticeTourBangkok,2022,2022-04-29,506000,197,Entertainment,Medium,18,1,4,4
Luka,2022,2022-05-16,502000,198,Sports,Medium,4,1,5,0
INDvsENG,2022,2022-11-10,502000,199,Other,Medium,8,1,11,3
MAGA,2022,2022-09-02,499000,200,Politics,Medium,4,1,9,4
HappyBirthdayTaehyung,2022,2022-12-29,497000,201,Other,Medium,21,1,12,3
Democrats,2022,2022-06-24,495000,202,Politics,Medium,9,1,6,4
GoFundMe,2022,2022-02-05,494000,203,Other,Medium,8,1,2,5
HAPPYVDAY,2022,2022-12-29,492000,204,Other,Medium,9,1,12,3
JUNGKOOK,2022,2022-11-12,489000,205,Other,Medium,8,1,11,5
SMTOWN_LIVE,2022,2022-01-01,488000,206,Other,Medium,11,1,1,5
Hagrid,2022,2022-10-14,484000,207,Other,Medium,6,1,10,4
クロサギ,2022,2022-12-23,484000,208,Other,Medium,4,1,12,4
Beyoncé,2022,2022-06-16,483000,209,Other,Medium,7,1,6,3
ISSUETHAILANDxBeOnCloud,2022,2022-09-21,483000,210,Technology,Medium,23,1,9,2
Nigeria,2022,2022-03-29,482000,211,Other,Medium,7,1,3,1
지성이_생일_와앙_행복해,2022,2022-02-04,479000,212,Other,Medium,13,1,2,4
OurUniverseJisungDay,2022,2022-02-04,478000,213,Other,Medium,20,1,2,4
jennie,2022,2022-08-19,476000,214,Entertainment,Medium,6,1,8,4
Robbie Coltrane,2022,2022-10-14,476000,215,Other,Medium,15,2,10,4
Bad Bunny,2022,2022-05-06,475000,216,Entertainment,Medium,9,2,5,4
BTSOnTMA2022,2022,2022-10-08,472000,217,Entertainment,Medium,12,1,10,5
Feliz Natal,2022,2022-12-25,472000,218,Other,Medium,11,2,12,6
TheeThalapathy,2022,2022-12-04,470000,219,Other,Medium,14,1,12,6
ENGIRN,2022,2022-11-21,467000,220,Other,Medium,6,1,11,0
SVT_HOT,2022,2022-05-27,466000,221,Other,Medium,7,1,5,4
Ucrânia,2022,2022-02-24,465000,222,Other,Medium,7,1,2,3
KinnPorscheSideStory,2022,2022-05-19,465000,223,Other,Medium,20,1,5,3
Happy Holi,2022,2022-03-18,464000,224,Other,Medium,10,2,3,4
KPinTwitterSpace,2022,2022-07-07,461000,225,Technology,Medium,16,1,7,3
津波警報,2022,2022-01-15,457000,226,Other,Medium,4,1,1,5
Gustavo,2022,2022-02-21,453000,227,Other,Medium,7,1,2,0
Twitter Blue,2022,2022-11-10,447000,228,Technology,Medium,12,2,11,3
ESC2022,2022,2022-05-14,444000,229,Other,Medium,7,1,5,5
aespaLiveAtCoachella,2022,2022-04-24,441000,230,Other,Medium,20,1,4,6
地震大丈夫,2022,2022-03-16,440000,231,Other,Medium,5,1,3,2
Greta,2022,2022-12-30,440000,232,Other,Medium,5,1,12,4
St. Patrick,2022,2022-03-17,436000,233,Other,Medium,11,2,3,3
BTS GLOBAL DOMINATION,2022,2022-08-28,436000,234,Entertainment,Medium,21,3,8,6
Liverpool,2022,2022-05-14,434000,235,Sports,Medium,9,1,5,5
SummerSlam,2022,2022-07-31,432000,236,Other,Medium,10,1,7,6
กลรักรุ่นพี่WorldPremiere,2022,2022-06-18,428000,237,Entertainment,Medium,25,1,6,5
ValentinesDay,2022,2022-02-14,424000,238,Holiday,Medium,13,1,2,0
Juneteenth,2022,2022-06-19,424000,239,Other,Medium,10,1,6,6
PULLUPwithMarkTuan,2022,2022-05-14,421000,240,Other,Medium,18,1,5,5
Klara,2022,2022-06-26,419000,241,Other,Medium,5,1,6,6
GloboLixo,2022,2022-08-23,419000,242,Other,Medium,9,1,8,1
ツインテールの日,2022,2022-02-02,417000,243,Other,Medium,8,1,2,2
震度6強,2022,2022-03-16,416000,244,Other,Medium,4,1,3,2
dreamfacereveal,2022,2022-10-03,413000,245,Other,Medium,15,1,10,0
For Youth,2022,2022-06-10,412000,246,Other,Medium,9,2,6,4
HouseOfTheDragon,2022,2022-10-17,412000,247,Other,Medium,16,1,10,0
Naiara,2022,2022-01-18,411000,248,Other,Medium,6,1,1,1
Rest In Peace,2022,2022-09-08,411000,249,Social,Medium,13,3,9,3
Germany,2022,2022-12-01,407000,250,Other,Medium,7,1,12,3
BestFanArmy,2022,2022-01-27,406000,251,Other,Medium,11,1,1,3
Tom Brady,2022,2022-01-29,406000,252,Other,Medium,9,2,1,5
Costa Rica,2022,2022-12-01,406000,253,Other,Medium,10,2,12,3
OurGoldenVoiceTaehyun,2022,2022-02-04,402000,254,Other,Medium,21,1,2,4
Cristina,2022,2022-12-07,401000,255,Other,Medium,8,1,12,2
BETAwards,2022,2022-06-27,398000,256,Politics,Medium,9,1,6,0
Punjab,2022,2022-01-05,397000,257,Other,Medium,6,1,1,2
Kansas,2022,2022-08-03,393000,258,Other,Medium,6,1,8,2
HouseoftheDragon,2022,2022-10-24,393000,259,Other,Medium,16,1,10,0
VoodoopartyxBrightWin,2022,2022-03-26,392000,260,Other,Medium,21,1,3,5
Jessi,2022,2022-02-21,391000,261,Other,Medium,5,1,2,0
Zelensky,2022,2022-12-22,388000,262,Politics,Medium,8,1,12,3
WOOZI,2022,2022-01-03,386000,263,Other,Medium,5,1,1,0
Jada,2022,2022-03-28,384000,264,Other,Medium,4,1,3,0
AMAs,2022,2022-10-13,384000,265,Other,Medium,4,1,10,3
ElevenAllStars,2022,2022-11-19,381000,266,Other,Medium,14,1,11,5
Harden,2022,2022-02-11,380000,267,Other,Medium,6,1,2,4
MLKDay,2022,2022-01-17,379000,268,Other,Medium,6,1,1,0
Veterans Day,2022,2022-11-11,376000,269,Other,Medium,12,2,11,4
JISOO,2022,2022-08-13,374000,270,Other,Medium,5,1,8,5
Batman,2022,2022-11-11,371000,271,Entertainment,Medium,6,1,11,4
Suns,2022,2022-05-16,369000,272,Other,Medium,4,1,5,0
PasigLaban,2022,2022-03-20,363000,273,Other,Medium,10,1,3,6
Alexandre de Moraes,2022,2022-10-30,363000,274,Other,Medium,19,3,10,6
seokjin,2022,2022-06-26,362000,275,Other,Medium,7,1,6,6
BB24,2022,2022-09-26,362000,276,Other,Medium,4,1,9,0
Cassie,2022,2022-02-28,361000,277,Other,Medium,6,1,2,0
Warriors,2022,2022-05-27,361000,278,Politics,Medium,8,1,5,4
España,2022,2022-05-14,360000,279,Other,Medium,6,1,5,5
Djokovic,2022,2022-01-06,359000,280,Other,Medium,8,1,1,3
Serena,2022,2022-09-03,359000,281,Other,Medium,6,1,9,5
TaehyungDay,2022,2022-12-29,358000,282,Other,Medium,11,1,12,3
StayAlive_CHAKHO,2022,2022-02-05,357000,283,Other,Medium,16,1,2,5
HappyBirthdayNamjoon,2022,2022-09-11,354000,284,Other,Medium,20,1,9,6
Microsoft,2022,2022-01-18,352000,285,Technology,Medium,9,1,1,1
LT369,2022,2022-08-30,352000,286,Other,Medium,5,1,8,1
reyes,2022,2022-01-06,350000,287,Other,Medium,5,1,1,3
BibleBuildxGangnamSnowToner,2022,2022-10-28,350000,288,Other,Medium,27,1,10,4
AusOpen,2022,2022-01-30,349000,289,Other,Medium,7,1,1,6
水星の魔女,2022,2022-12-04,348000,290,Other,Medium,5,1,12,6
الاهلي,2022,2022-06-27,346000,291,Sports,Medium,6,1,6,0
Querétaro,2022,2022-03-06,345000,292,Other,Medium,9,1,3,6
ENGFA_NationalCostume,2022,2022-10-20,344000,293,Holiday,Medium,21,1,10,3
テレ東音楽祭,2022,2022-02-23,342000,294,Other,Medium,6,1,2,2
Celtics,2022,2022-05-30,342000,295,Other,Medium,7,1,5,0
Kepa,2022,2022-02-27,341000,296,Other,Medium,4,1,2,6
Haaland,2022,2022-08-31,341000,297,Sports,Medium,7,1,8,2
IStandWithZubair,2022,2022-06-27,341000,298,Other,Medium,16,1,6,0
BiggerThanMe,2022,2022-09-01,341000,299,Other,Medium,12,1,9,3
JAIR,2022,2022-10-27,339000,300,Other,Medium,4,1,10,3
JULIAN,2022,2022-12-13,339000,301,Other,Medium,6,1,12,1
Oscar,2022,2022-02-08,338000,302,Entertainment,Medium,5,1,2,1
DONNYBackOnASAP,2022,2022-06-05,336000,303,Other,Medium,15,1,6,6
GOAT,2022,2022-01-29,335000,304,Other,Medium,4,1,1,5
Suarez,2022,2022-12-02,335000,305,Other,Medium,6,1,12,4
DONBELLEAsapComeback,2022,2022-06-05,334000,306,Other,Medium,20,1,6,6
jeno,2022,2022-04-07,333000,307,Other,Medium,4,1,4,3
IndiaAt75,2022,2022-08-15,333000,308,Other,Medium,9,1,8,0
Steve Kerr,2022,2022-05-25,332000,309,Other,Medium,10,2,5,2
TwentyFiveTwentyOneEp16,2022,2022-04-03,330000,310,Other,Medium,23,1,4,6
Nicki,2022,2022-10-14,330000,311,Other,Medium,5,1,10,4
Darling,2022,2022-04-15,329000,312,Other,Medium,7,1,4,4
Fetterman,2022,2022-10-26,329000,313,Other,Medium,9,1,10,2
Larissa,2022,2022-02-28,327000,314,Other,Medium,7,1,2,0
Taylor Hawkins,2022,2022-03-26,325000,315,Entertainment,Medium,14,2,3,5
Canelo,2022,2022-09-18,323000,316,Other,Medium,6,1,9,6
태현이의_21번째_겨울여행,2022,2022-02-04,322000,317,Other,Medium,14,1,2,4
中秋の名月,2022,2022-09-10,322000,318,Other,Medium,5,1,9,5
FunFanไปกับD7xMileApo,2022,2022-12-11,322000,319,Other,Medium,21,1,12,6
الاتحاد_الهلال,2022,2022-05-23,320000,320,Sports,Medium,14,1,5,0
Modric,2022,2022-04-13,319000,321,Other,Medium,6,1,4,2
AIS5GVERSE,2022,2022-04-30,319000,322,Technology,Medium,10,1,4,5
Ray Liotta,2022,2022-05-26,318000,323,Other,Medium,10,2,5,3
Boris,2022,2022-10-20,318000,324,Other,Medium,5,1,10,3
Barca,2022,2022-10-12,317000,325,Sports,Medium,5,1,10,2
FRAMAR,2022,2022-12-15,315000,326,Other,Medium,6,1,12,3
EarthDay,2022,2022-04-22,314000,327,Other,Medium,8,1,4,4
Alemanha,2022,2022-12-01,313000,328,Other,Medium,8,1,12,3
Gaal,2022,2022-12-10,313000,329,Other,Medium,4,1,12,5
Bengals,2022,2022-01-23,310000,330,Other,Medium,7,1,1,6
النصر_الهلال,2022,2022-02-21,310000,331,Sports,Medium,12,1,2,0
13MSmileWithBright,2022,2022-03-17,310000,332,Other,Medium,18,1,3,3
SafeFlightOurAstronaut,2022,2022-12-13,309000,333,Entertainment,Medium,22,1,12,1
BamBamSlowMo_OUTNOW,2022,2022-01-18,308000,334,Other,Medium,19,1,1,1
Rose,2022,2022-05-08,308000,335,Other,Medium,4,1,5,6
Try Guys,2022,2022-09-28,308000,336,Other,Medium,8,2,9,2
ExtremeRules,2022,2022-10-09,308000,337,Other,Medium,12,1,10,6
MayThe4thBeWithYou,2022,2022-05-04,306000,338,Other,Medium,18,1,5,2
Doja,2022,2022-04-04,303000,339,Politics,Medium,4,1,4,0
FELIP_Bulan,2022,2022-05-28,301000,340,Other,Medium,11,1,5,5
FGO,2022,2022-08-10,299000,341,Other,Medium,3,1,8,2
Barcelona,2022,2022-10-12,298000,342,Politics,Medium,9,1,10,2
Australia,2022,2022-01-06,297000,343,Other,Medium,9,1,1,3
KinnPorscheEP11,2022,2022-06-18,296000,344,Other,Medium,15,1,6,5
SASUKE2022,2022,2022-12-27,294000,345,Other,Medium,10,1,12,1
yixing,2022,2022-04-08,293000,346,Other,Medium,6,1,4,4
Atletico,2022,2022-04-13,293000,347,Other,Medium,8,1,4,2
HAECHAN_GoodPerson,2022,2022-03-05,292000,348,Other,Medium,18,1,3,5
RoeVWade,2022,2022-05-03,291000,349,Politics,Medium,8,1,5,1
OSNI,2022,2022-08-14,291000,350,Other,Medium,4,1,8,6
Xbox,2022,2022-01-18,288000,351,Technology,Medium,4,1,1,1
NotMeSeriesEP8,2022,2022-02-06,288000,352,Entertainment,Medium,14,1,2,6
CarabaoCupFinal,2022,2022-02-27,288000,353,Other,Medium,15,1,2,6
ChampionsLeagueFinal,2022,2022-05-29,288000,354,Other,Medium,20,1,5,6
BeautriumFargerxMileApo,2022,2022-09-09,287000,355,Other,Medium,23,1,9,4
ParkShinHye,2022,2022-01-22,284000,356,Other,Medium,11,1,1,5
해찬이에게_좋은사람,2022,2022-03-05,284000,357,Other,Medium,10,1,3,5
Good Friday,2022,2022-04-15,284000,358,Other,Medium,11,2,4,4
Kevin Conroy,2022,2022-11-11,284000,359,Other,Medium,12,2,11,4
TBMonogramxBrightWin,2022,2022-07-13,283000,360,Other,Medium,20,1,7,2
WWECastle,2022,2022-09-03,283000,361,Sports,Medium,9,1,9,5
ねこの日,2022,2022-02-22,282000,362,Other,Medium,4,1,2,1
NFLDraft,2022,2022-04-29,282000,363,Sports,Medium,8,1,4,4
KinnPorscheWorldTour,2022,2022-06-18,282000,364,Entertainment,Medium,20,1,6,5
bennyXBTSXSnoopDogg,2022,2022-08-05,282000,365,Entertainment,Medium,19,1,8,4
Harry Potter,2022,2022-10-14,282000,366,Entertainment,Medium,12,2,10,4
วอลเลย์บอลหญิง,2022,2022-09-24,281000,367,Other,Medium,14,1,9,5
JIKJIN_MV_OUT_NOW,2022,2022-02-15,279000,368,Other,Medium,17,1,2,1
Martha's Vineyard,2022,2022-09-15,278000,369,Other,Medium,17,2,9,3
LISAatCelinePFW22,2022,2022-06-26,276000,370,Other,Medium,17,1,6,6
Kyrie,2022,2022-11-04,275000,371,Other,Medium,5,1,11,4
上島さん,2022,2022-05-11,275000,372,Other,Medium,4,1,5,2
HBD_TO_ARMY,2022,2022-07-08,275000,373,Other,Medium,11,1,7,4
Nate,2022,2022-02-14,274000,374,Other,Medium,4,1,2,0
LALISA HUMAN CELINE,2022,2022-06-26,274000,375,Other,Medium,19,3,6,6
Soraya,2022,2022-08-29,273000,376,Other,Medium,6,1,8,0
South Korea,2022,2022-12-02,273000,377,Other,Medium,11,2,12,4
Nets,2022,2022-02-10,272000,378,Other,Medium,4,1,2,3
Whindersson,2022,2022-01-31,271000,379,Other,Medium,11,1,1,0
シンデレラ10周年_ファイナルday2,2022,2022-04-03,271000,380,Other,Medium,19,1,4,6
River,2022,2022-07-07,271000,381,Other,Medium,5,1,7,3
Becky G,2022,2022-08-01,271000,382,Other,Medium,7,2,8,0
Rangers,2022,2022-05-19,270000,383,Other,Medium,7,1,5,3
世界猫の日,2022,2022-08-08,270000,384,Other,Medium,5,1,8,0
Wyoming,2022,2022-08-17,269000,385,Other,Medium,7,1,8,2
Marruecos,2022,2022-12-15,268000,386,Other,Medium,9,1,12,3
Scooby,2022,2022-01-28,266000,387,Other,Medium,6,1,1,4
Activision,2022,2022-01-18,265000,388,Other,Medium,10,1,1,1
BellLetsTalk,2022,2022-01-26,265000,389,Other,Medium,12,1,1,2
Uvalde,2022,2022-05-25,264000,390,Other,Medium,6,1,5,2
hobi,2022,2022-07-01,263000,391,Other,Medium,4,1,7,4
ヴァイオレット・エヴァーガーデン,2022,2022-11-25,262000,392,Other,Medium,16,1,11,4
BreakTheBias,2022,2022-03-08,261000,393,Other,Medium,12,1,3,1
NCTDREAM,2022,2022-10-24,260000,394,Other,Medium,8,1,10,0
jisung,2022,2022-04-30,259000,395,Other,Medium,6,1,4,5
TOMORROW_X_TOGETHER,2022,2022-03-03,258000,396,Other,Medium,19,1,3,3
UFC274,2022,2022-05-08,257000,397,Sports,Medium,6,1,5,6
AsiaCup2022Final,2022,2022-09-11,257000,398,Other,Medium,16,1,9,6
SEOKJIN,2022,2022-06-26,256000,399,Other,Medium,7,1,6,6
Capitol,2022,2022-06-28,255000,400,Politics,Medium,7,1,6,1
TodosSomosLoret,2022,2022-02-12,254000,401,Other,Medium,15,1,2,5
Lucas,2022,2022-02-07,253000,402,Other,Medium,5,1,2,0
TeamLY,2022,2022-08-27,253000,403,Other,Medium,6,1,8,5
SalarioRosa,2022,2022-04-20,252000,404,Other,Medium,11,1,4,2
Doocy,2022,2022-01-25,250000,405,Other,Medium,5,1,1,1
BTSCOMEBACK2022,2022,2022-06-10,249000,406,Entertainment,Medium,15,1,6,4
MyBTSTracks,2022,2022-05-14,248000,407,Entertainment,Medium,11,1,5,5
Thunivu,2022,2022-09-21,248000,408,Other,Medium,7,1,9,2
SecureTheTribe,2022,2022-01-27,243000,409,Other,Medium,14,1,1,3
こどもの日,2022,2022-05-05,243000,410,Other,Medium,5,1,5,3
JapaneseGP,2022,2022-10-09,243000,411,Other,Medium,10,1,10,6
Alex Jones,2022,2022-10-12,243000,412,Other,Medium,10,2,10,2
通信障害,2022,2022-07-02,242000,413,Other,Medium,4,1,7,5
Rayan,2022,2022-02-05,240000,414,Other,Medium,5,1,2,5
オークス,2022,2022-05-22,240000,415,Other,Medium,4,1,5,6
EidAlAdha,2022,2022-07-10,240000,416,Holiday,Medium,9,1,7,6
BKPPsummersonic,2022,2022-08-20,240000,417,Other,Medium,15,1,8,5
BelgianGP,2022,2022-08-28,240000,418,Other,Medium,9,1,8,6
Lina,2022,2022-04-11,238000,419,Other,Medium,4,1,4,0
ゴールデンウィーク,2022,2022-04-28,238000,420,Other,Medium,9,1,4,3
SB19WYATonASAP,2022,2022-09-04,238000,421,Other,Medium,14,1,9,6
iKON,2022,2022-12-30,238000,422,Other,Medium,4,1,12,4
BestMusicVideo,2022,2022-01-27,237000,423,Entertainment,Medium,14,1,1,3
247FairyChoiHyunsukDay,2022,2022-04-20,237000,424,Other,Medium,22,1,4,2
BharatStandsWithModiJi,2022,2022-01-05,236000,425,Politics,Medium,22,1,1,2
Ciro,2022,2022-08-24,236000,426,Other,Medium,4,1,8,2
無料引換クーポン,2022,2022-03-03,235000,427,Other,Medium,8,1,3,3
3ShiningYearsWithTXT,2022,2022-03-03,234000,428,Other,Medium,20,1,3,3
المغرب_فرنسا,2022,2022-12-14,234000,429,Other,Medium,12,1,12,2
仕事納め,2022,2022-12-28,234000,430,Other,Medium,4,1,12,2
Tadeu,2022,2022-02-15,233000,431,Other,Medium,5,1,2,1
Eagles,2022,2022-10-17,233000,432,Sports,Medium,6,1,10,0
商標登録,2022,2022-05-15,233000,433,Other,Medium,4,1,5,6
ヒョンソクはトゥメの同伴者,2022,2022-04-20,232000,434,Other,Medium,13,1,4,2
HurricaneIan,2022,2022-09-28,232000,435,Social,Medium,12,1,9,2
PasayIsPink,2022,2022-04-23,231000,436,Other,Medium,11,1,4,5
Inglaterra,2022,2022-09-08,231000,437,Other,Medium,10,1,9,3
BreakTudoAwards,2022,2022-09-10,231000,438,Politics,Medium,15,1,9,5
Mario,2022,2022-06-24,230000,439,Other,Medium,5,1,6,4
Fenerbahçe,2022,2022-07-28,229000,440,Other,Medium,10,1,7,3
HappyBirthdaySUGA,2022,2022-03-08,228000,441,Other,Medium,17,1,3,1
StrangerThings,2022,2022-07-01,228000,442,Other,Medium,14,1,7,4
小林清志さん,2022,2022-08-08,228000,443,Other,Medium,6,1,8,0
ONNYPattxCharlotte,2022,2022-09-14,228000,444,Other,Medium,18,1,9,2
UFC282,2022,2022-12-11,228000,445,Sports,Medium,6,1,12,6
TOTYMusicAwards2021,2022,2022-02-28,227000,446,Politics,Medium,19,1,2,0
32SpringsWithXIU,2022,2022-03-25,226000,447,Other,Medium,16,1,3,4
15MHappyWithBright,2022,2022-05-31,226000,448,Other,Medium,18,1,5,1
MissUniverseThailand2022,2022,2022-07-30,226000,449,Other,Medium,24,1,7,5
RENAISSANCE,2022,2022-07-29,225000,450,Other,Medium,11,1,7,4
Petro,2022,2022-03-14,224000,451,Politics,Medium,5,1,3,0
ElectionDay,2022,2022-11-09,224000,452,Politics,Medium,11,1,11,2
15Temmuz,2022,2022-07-14,222000,453,Other,Medium,8,1,7,3
PradaShine,2022,2022-08-04,222000,454,Other,Medium,10,1,8,3
HappyBirthdayJin,2022,2022-12-03,222000,455,Other,Medium,16,1,12,5
Foo Fighters,2022,2022-03-26,221000,456,Other,Medium,12,2,3,5
UFC277,2022,2022-07-31,221000,457,Sports,Medium,6,1,7,6
طيور الجنه,2022,2022-02-05,220000,458,Other,Medium,10,2,2,5
BadDecisionswithBTS,2022,2022-08-05,219000,459,Entertainment,Medium,19,1,8,4
Kyungsoo,2022,2022-01-22,217000,460,Other,Medium,8,1,1,5
金メダル,2022,2022-02-11,217000,461,Other,Medium,4,1,2,4
UFC281,2022,2022-11-13,216000,462,Sports,Medium,6,1,11,6
Boxing Day,2022,2022-12-26,216000,463,Sports,Medium,10,2,12,0
Giroud,2022,2022-11-23,215000,464,Other,Medium,6,1,11,2
合計5万人,2022,2022-03-03,215000,465,Other,Medium,5,1,3,3
Roman,2022,2022-03-02,215000,466,Other,Medium,5,1,3,2
MiamiGP,2022,2022-05-08,215000,467,Other,Medium,7,1,5,6
SVT_DropItLikeHOT,2022,2022-05-27,214000,468,Other,Medium,17,1,5,4
Verzuz,2022,2022-06-24,214000,469,Other,Medium,6,1,6,4
Benedetto,2022,2022-07-06,214000,470,Other,Medium,9,1,7,2
SooraraiPottru,2022,2022-07-22,214000,471,Other,Medium,14,1,7,4
AzerbaijanGP,2022,2022-06-12,213000,472,Other,Medium,12,1,6,6
المنتخب_السعودي,2022,2022-11-22,213000,473,Other,Medium,15,1,11,1
クリスマスイブ,2022,2022-12-23,212000,474,Holiday,Medium,7,1,12,4
BadBuddySeriesEP11,2022,2022-01-14,211000,475,Entertainment,Medium,18,1,1,4
터래기야_큥생일축하해_보내줘,2022,2022-05-05,211000,476,Other,Medium,15,1,5,3
ASAPBerMonthsNa withSB19,2022,2022-09-04,211000,477,Other,Medium,24,2,9,6
Francia,2022,2022-12-14,211000,478,Politics,Medium,7,1,12,2
Roma,2022,2022-05-25,210000,479,Other,Medium,4,1,5,2
アベマでヒプマイ生ライブ,2022,2022-06-25,210000,480,Other,Medium,12,1,6,5
World Cup,2022,2022-03-29,209000,481,Sports,Medium,9,2,3,1
PrideMonth,2022,2022-06-01,209000,482,Social,Medium,10,1,6,2
PNB Rock,2022,2022-09-13,209000,483,Other,Medium,8,2,9,1
Holder,2022,2022-10-24,209000,484,Other,Medium,6,1,10,0
JaeDo,2022,2022-02-25,208000,485,Other,Medium,5,1,2,4
TeamMOTS,2022,2022-08-27,208000,486,Other,Medium,8,1,8,5
アルセウス,2022,2022-01-27,207000,487,Other,Medium,5,1,1,3
BenidormFest,2022,2022-01-28,207000,488,Other,Medium,12,1,1,4
ManifestoDay1_OutNow,2022,2022-07-04,206000,489,Other,Medium,20,1,7,0
HappyBdayModiji,2022,2022-09-17,206000,490,Politics,Medium,15,1,9,5
Lakers,2022,2022-10-19,205000,491,Sports,Medium,6,1,10,2
해피큥데이,2022,2022-05-05,205000,492,Other,Medium,5,1,5,3
Curry,2022,2022-06-03,205000,493,Sports,Medium,5,1,6,4
GOT7_HomecomingDay2,2022,2022-05-22,205000,494,Other,Medium,19,1,5,6
梅雨明け,2022,2022-06-27,205000,495,Other,Medium,4,1,6,0
NotMeSeriesFinalEP,2022,2022-03-20,204000,496,Entertainment,Medium,18,1,3,6
Van Gogh,2022,2022-10-14,204000,497,Other,Medium,8,2,10,4
WELCOME_BAMBAM,2022,2022-11-17,204000,498,Other,Medium,14,1,11,3
De Paul,2022,2022-11-26,204000,499,Other,Medium,7,2,11,5
Proof_of_JungKook,2022,2022-05-19,203000,500,Other,Medium,17,1,5,3
31LightRaysUponBaekhyun,2022,2022-05-05,202000,501,Sports,Medium,23,1,5,3
ナヒーダ,2022,2022-11-02,202000,502,Other,Medium,4,1,11,2
Neil Young,2022,2022-01-27,201000,503,Other,Medium,10,2,1,3
ショック,2022,2022-07-08,201000,504,Other,Medium,4,1,7,4
재혁이의_그해_여름은,2022,2022-07-22,201000,505,Other,Medium,11,1,7,4
Pique,2022,2022-10-12,201000,506,Other,Medium,5,1,10,2
Gavi,2022,2022-10-17,201000,507,Other,Medium,4,1,10,0
뿌랑둥이_승관아_앞으로도_관랑해,2022,2022-01-15,200000,508,Other,Medium,17,1,1,5
EclipseLunar,2022,2022-05-16,199000,509,Other,Medium,12,1,5,0
CanadianGP,2022,2022-06-19,198000,510,Other,Medium,10,1,6,6
lana,2022,2022-10-07,195000,511,Other,Medium,4,1,10,4
PAKvsZIM,2022,2022-10-27,195000,512,Other,Medium,8,1,10,3
deprem,2022,2022-11-23,195000,513,Other,Medium,6,1,11,2
wonwoo,2022,2022-04-06,194000,514,Other,Medium,6,1,4,2
presidentielles2022,2022,2022-04-10,194000,515,Politics,Medium,19,1,4,6
Busan,2022,2022-08-24,194000,516,Other,Medium,5,1,8,2
ViratKohli,2022,2022-10-23,194000,517,Other,Medium,10,1,10,6
Arrascaeta,2022,2022-12-02,193000,518,Other,Medium,10,1,12,4
legislatives2022,2022,2022-06-19,193000,519,Other,Medium,16,1,6,6
OurLeoJaehyukDay,2022,2022-07-22,193000,520,Other,Medium,16,1,7,4
FRAAUS,2022,2022-11-23,193000,521,Other,Medium,6,1,11,2
Ekrem İmamoğlu,2022,2022-12-14,193000,522,Other,Medium,14,2,12,2
StarWarsDay,2022,2022-05-04,192000,523,Politics,Medium,11,1,5,2
スメール,2022,2022-08-24,192000,524,Other,Medium,4,1,8,2
Garland,2022,2022-11-18,192000,525,Other,Medium,7,1,11,4
VeautifulPrinceTaehyung,2022,2022-12-29,192000,526,Other,Medium,23,1,12,3
Manchin,2022,2022-01-20,191000,527,Other,Medium,7,1,1,3
Sinema,2022,2022-01-20,191000,528,Other,Medium,6,1,1,3
BLESSED_CURSED,2022,2022-01-04,190000,529,Other,Medium,14,1,1,1
Elza Soares,2022,2022-01-21,190000,530,Other,Medium,11,2,1,4
Residente,2022,2022-03-04,190000,531,Other,Medium,9,1,3,4
SEVENTEEN HOT MV RELEASE,2022,2022-05-27,190000,532,Entertainment,Medium,24,4,5,4
メイウェザー,2022,2022-09-25,190000,533,Other,Medium,6,1,9,6
YOUNGJAE_SUGAR,2022,2022-06-21,189000,534,Other,Medium,14,1,6,1
ES HOY,2022,2022-12-18,189000,535,Other,Medium,6,2,12,6
natalia,2022,2022-01-27,188000,536,Other,Medium,7,1,1,3
الهلال_الفيصلي,2022,2022-06-27,188000,537,Sports,Medium,14,1,6,0
ジェヒョクは世界を照らす夏の太陽,2022,2022-07-22,188000,538,Other,Medium,16,1,7,4
Elliot,2022,2022-02-28,187000,539,Other,Medium,6,1,2,0
MCILIV,2022,2022-04-10,187000,540,Other,Medium,6,1,4,6
Kazuki Takahashi,2022,2022-07-07,187000,541,Other,Medium,16,2,7,3
HAVE A SAFE FLIGHT JIMIN,2022,2022-07-30,187000,542,Other,Medium,24,5,7,5
Kep1er_응답応答回答_WADADA,2022,2022-01-03,186000,543,Other,Medium,20,1,1,0
الهلال_الشباب,2022,2022-02-17,185000,544,Sports,Medium,13,1,2,3
Emmy,2022,2022-07-12,185000,545,Entertainment,Medium,4,1,7,1
UkraineRussia,2022,2022-02-25,183000,546,Politics,Medium,13,1,2,4
MANIAC1stWin,2022,2022-03-25,183000,547,Other,Medium,12,1,3,4
UFC278,2022,2022-08-21,183000,548,Sports,Medium,6,1,8,6
ARMY FIGHT FOR GOTY,2022,2022-08-22,183000,549,Other,Medium,19,4,8,0
BBNaija,2022,2022-07-23,182000,550,Other,Medium,7,1,7,5
Selena,2022,2022-10-16,182000,551,Entertainment,Medium,6,1,10,6
SixTONESANN,2022,2022-06-18,181000,552,Other,Medium,11,1,6,5
鎌倉殿の13人,2022,2022-10-16,181000,553,Other,Medium,7,1,10,6
Budget2022,2022,2022-02-01,180000,554,Other,Medium,10,1,2,1
Wars1stBDFanmeet,2022,2022-08-06,180000,555,Politics,Medium,16,1,8,5
Vikings,2022,2022-11-13,180000,556,Other,Medium,7,1,11,6
TrueWorship_TrueHappiness,2022,2022-12-17,180000,557,Other,Medium,25,1,12,5
BBMzansi,2022,2022-04-03,179000,558,Other,Medium,8,1,4,6
Supreme_Court_Of_Pakistan,2022,2022-07-26,179000,559,Politics,Medium,25,1,7,1
Zendaya,2022,2022-02-07,178000,560,Entertainment,Medium,7,1,2,0
Wolverine,2022,2022-09-28,178000,561,Other,Medium,9,1,9,2
初日の出,2022,2022-01-01,177000,562,Other,Medium,4,1,1,5
CODA,2022,2022-03-28,176000,563,Other,Medium,4,1,3,0
गुरु पूर्णिमा,2022,2022-07-13,176000,564,Other,Medium,13,2,7,2
Bills,2022,2022-09-20,176000,565,Other,Medium,5,1,9,1
Skrrt_FHBBYO_OUTNOW,2022,2022-02-20,175000,566,Other,Medium,19,1,2,6
Cassidy Hutchinson,2022,2022-06-28,175000,567,Other,Medium,18,2,6,1
津波注意報,2022,2022-01-15,174000,568,Other,Medium,5,1,1,5
NotMeSeriesEP6,2022,2022-01-23,174000,569,Entertainment,Medium,14,1,1,6
eric,2022,2022-03-04,174000,570,Other,Medium,4,1,3,4
HarrysHouse,2022,2022-05-20,174000,571,Other,Medium,11,1,5,4
Netherlands,2022,2022-12-03,174000,572,Other,Medium,11,1,12,5
ファミマ春のおむすび祭り,2022,2022-03-01,173000,573,Other,Medium,12,1,3,1
ラブライブ三昧,2022,2022-05-04,173000,574,Other,Medium,7,1,5,2
Mourinho,2022,2022-05-25,173000,575,Other,Medium,8,1,5,2
TheBürsinBirthday,2022,2022-06-04,173000,576,Other,Medium,17,1,6,5
Tarkan,2022,2022-02-17,172000,577,Other,Medium,6,1,2,3
Botafogo,2022,2022-06-20,171000,578,Other,Medium,8,1,6,0
Luciano,2022,2022-01-18,170000,579,Politics,Medium,7,1,1,1
Ben Simmons,2022,2022-02-10,170000,580,Other,Medium,11,2,2,3
ไบร์ทวิน,2022,2022-07-11,170000,581,Other,Medium,8,1,7,0
INDvsPAK2022,2022,2022-10-23,170000,582,Other,Medium,12,1,10,6
アニポケ,2022,2022-12-16,170000,583,Other,Medium,4,1,12,4
OurProudBTS,2022,2022-04-04,169000,584,Entertainment,Medium,11,1,4,0
OurStarboyYeonjun,2022,2022-09-12,169000,585,Other,Medium,17,1,9,0
aespa,2022,2022-04-19,168000,586,Other,Medium,5,1,4,1
ブラジル,2022,2022-06-06,168000,587,Other,Medium,4,1,6,0
Barbara Walters,2022,2022-12-31,168000,588,Other,Medium,15,2,12,5
사히로_물들어가는_여름의_시간,2022,2022-08-19,167000,589,Other,Medium,16,1,8,4
silent,2022,2022-10-27,167000,590,Other,Medium,6,1,10,3
東日本大震災から11年,2022,2022-03-11,165000,591,Other,Medium,11,1,3,4
PTD_ON_STAGE_SEOUL_Day2,2022,2022-03-12,165000,592,Other,Medium,23,1,3,5
SixTONES_PP,2022,2022-08-05,165000,593,Other,Medium,11,1,8,4
Hugh Jackman,2022,2022-09-28,165000,594,Other,Medium,12,2,9,2
Rhaenys,2022,2022-10-17,165000,595,Other,Medium,7,1,10,0
nate,2022,2022-01-17,164000,596,Other,Medium,4,1,1,0
キンプッ_101,2022,2022-06-18,164000,597,Other,Medium,8,1,6,5
DutchGP,2022,2022-09-04,164000,598,Other,Medium,7,1,9,6
Daniel Alves,2022,2022-11-07,164000,599,Other,Medium,12,2,11,0
AO2022,2022,2022-01-30,163000,600,Other,Medium,6,1,1,6
AmbedkarJayanti,2022,2022-04-14,163000,601,Other,Medium,15,1,4,3
seventeen,2022,2022-10-24,163000,602,Other,Medium,9,1,10,0
Bill Clinton,2022,2022-12-09,163000,603,Other,Medium,12,2,12,4
harry styles,2022,2022-01-19,162000,604,Other,Medium,12,2,1,2
Senegal,2022,2022-03-29,162000,605,Other,Medium,7,1,3,1
หมอแปลก,2022,2022-05-03,162000,606,Other,Medium,7,1,5,1
Léo Dias,2022,2022-06-26,162000,607,Other,Medium,8,2,6,6
ShiningSunlightAsahiDay,2022,2022-08-19,162000,608,Other,Medium,23,1,8,4
BLACKPINKxPUBGM,2022,2022-07-29,161000,609,Entertainment,Medium,15,1,7,4
LaverCup,2022,2022-09-24,161000,610,Other,Medium,8,1,9,5
PREVIEW THE ANSWER,2022,2022-01-04,160000,611,Other,Medium,18,3,1,1
Manchester United,2022,2022-03-15,160000,612,Sports,Medium,17,2,3,1
MileyCyrusNoMultishow,2022,2022-03-27,160000,613,Other,Medium,21,1,3,6
WeareallIdrissa,2022,2022-05-18,160000,614,Other,Medium,15,1,5,2
Jupiter,2022,2022-09-27,160000,615,Other,Medium,7,1,9,1
ジャニーズカウントダウン,2022,2022-12-31,160000,616,Other,Medium,12,1,12,5
Cruzeiro,2022,2022-01-06,159000,617,Other,Medium,8,1,1,3
DiaInternacionalDeLaMujer,2022,2022-03-08,159000,618,Other,Medium,25,1,3,1
CanakkaleGecilmez,2022,2022-03-18,159000,619,Other,Medium,17,1,3,4
これからもアザアザアサヒ,2022,2022-08-19,159000,620,Other,Medium,12,1,8,4
リコリコ,2022,2022-09-10,159000,621,Other,Medium,4,1,9,5
WorldMentalHealthDay,2022,2022-10-10,159000,622,Social,Medium,20,1,10,0
Donetsk,2022,2022-02-21,158000,623,Other,Medium,7,1,2,0
capitaodopovo,2022,2022-07-24,158000,624,Other,Medium,13,1,7,6
Rams,2022,2022-09-09,157000,625,Other,Medium,4,1,9,4
つながるホロライブDAY1,2022,2022-03-19,157000,626,Other,Medium,13,1,3,5
Paulo Londra,2022,2022-03-24,157000,627,Other,Medium,12,2,3,3
藤子不二雄Aさん,2022,2022-04-07,157000,628,Other,Medium,8,1,4,3
IndependenceDay2022,2022,2022-08-15,157000,629,Other,Medium,19,1,8,0
White House,2022,2022-08-26,157000,630,Other,Medium,11,2,8,4
HappyBirthdayViratKohli,2022,2022-11-05,157000,631,Other,Medium,23,1,11,5
FRAESP,2022,2022-11-19,157000,632,Other,Medium,6,1,11,5
Romania,2022,2022-12-30,157000,633,Other,Medium,7,1,12,4
Rand Paul,2022,2022-01-11,156000,634,Other,Medium,9,2,1,1
StrayKids12thWin,2022,2022-03-25,156000,635,Other,Medium,16,1,3,4
Xavi,2022,2022-10-12,156000,636,Other,Medium,4,1,10,2
คุณชายEP13,2022,2022-11-14,156000,637,Other,Medium,10,1,11,0
ZETAWIN,2022,2022-04-16,155000,638,Other,Medium,7,1,4,5
10Kasım,2022,2022-11-10,155000,639,Other,Medium,7,1,11,3
鬼滅の刃,2022,2022-02-06,154000,640,Other,Medium,4,1,2,6
sanremo22,2022,2022-02-06,154000,641,Other,Medium,9,1,2,6
タイキシャトル,2022,2022-08-17,154000,642,Other,Medium,7,1,8,2
LULA PRESIDENTE AMANHÃ,2022,2022-10-01,154000,643,Politics,Medium,22,3,10,5
MebSusma100biniAçıkla,2022,2022-12-20,154000,644,Other,Medium,21,1,12,1
cassie,2022,2022-01-17,153000,645,Other,Medium,6,1,1,0
Vettel,2022,2022-07-28,153000,646,Other,Medium,6,1,7,3
HAPPYJUNKIDAY,2022,2022-01-19,152000,647,Other,Medium,13,1,1,2
Wiggins,2022,2022-06-14,152000,648,Other,Medium,7,1,6,1
ForaJade,2022,2022-03-06,152000,649,Other,Medium,8,1,3,6
きんに君のあんスタ2ショット,2022,2022-03-16,152000,650,Other,Medium,14,1,3,2
Grande Rio,2022,2022-04-26,152000,651,Other,Medium,10,2,4,1
عيديات_البداح_للعود,2022,2022-04-25,152000,652,Other,Medium,19,1,4,0
MCIRMA,2022,2022-04-26,152000,653,Other,Medium,6,1,4,1
GH2022,2022,2022-12-12,152000,654,Other,Medium,6,1,12,0
WWEDay1,2022,2022-01-02,151000,655,Sports,Medium,7,1,1,6
サッカー日本代表,2022,2022-11-23,151000,656,Other,Medium,8,1,11,2
タイトルホルダー,2022,2022-06-26,151000,657,Other,Medium,8,1,6,6
Gorbachev,2022,2022-08-31,150000,658,Other,Medium,9,1,8,2
ANICHELLA,2022,2022-04-16,149000,659,Other,Medium,9,1,4,5
Petrobras,2022,2022-06-17,149000,660,Politics,Medium,9,1,6,4
Atlético,2022,2022-08-11,149000,661,Other,Medium,8,1,8,3
マイナビオールスターゲーム2022,2022,2022-07-26,148000,662,Other,Medium,17,1,7,1
Vin Scully,2022,2022-08-03,148000,663,Other,Medium,10,2,8,2
Enner Valencia,2022,2022-11-20,148000,664,Politics,Medium,14,2,11,6
Agustín,2022,2022-12-12,148000,665,Other,Medium,7,1,12,0
Lebron,2022,2022-12-31,147000,666,Sports,Medium,6,1,12,5
스키즈_매니악_1위_축하해,2022,2022-03-25,147000,667,Other,Medium,14,1,3,4
RakshaBandhan,2022,2022-08-11,147000,668,Other,Medium,13,1,8,3
Potter,2022,2022-09-07,147000,669,Other,Medium,6,1,9,2
jungwoo,2022,2022-12-09,147000,670,Other,Medium,7,1,12,4
Colts,2022,2022-01-10,146000,671,Other,Medium,5,1,1,0
BoysDontCry,2022,2022-01-28,146000,672,Other,Medium,11,1,1,4
全ウルトラマン,2022,2022-09-10,146000,673,Other,Medium,7,1,9,5
スノーボード,2022,2022-02-11,145000,674,Other,Medium,6,1,2,4
Benfica,2022,2022-10-05,145000,675,Other,Medium,7,1,10,2
Kendrick,2022,2022-05-09,145000,676,Entertainment,Medium,8,1,5,0
FACupFinal,2022,2022-05-14,145000,677,Other,Medium,10,1,5,5
WorldEnvironmentDay,2022,2022-06-05,145000,678,Social,Medium,19,1,6,6
スノキュン生配信,2022,2022-07-12,145000,679,Other,Medium,8,1,7,1
Barça,2022,2022-02-06,144000,680,Other,Medium,5,1,2,6
虹ヶ咲,2022,2022-04-09,144000,681,Other,Medium,3,1,4,5
JHOPE,2022,2022-06-08,144000,682,Other,Medium,5,1,6,2
RoçaAFazenda,2022,2022-10-12,144000,683,Other,Medium,12,1,10,2
PokemonScarletViolet,2022,2022-06-01,143000,684,Other,Medium,20,1,6,2
NICEFLIGHT,2022,2022-07-22,143000,685,Other,Medium,10,1,7,4
Amici21,2022,2022-04-17,142000,686,Other,Medium,7,1,4,6
ダービー,2022,2022-05-29,142000,687,Other,Medium,4,1,5,6
MewFtBumkey,2022,2022-07-01,142000,688,Other,Medium,11,1,7,4
FELIPonGlobalSpin,2022,2022-07-05,142000,689,Other,Medium,17,1,7,1
DalySunScreenxENGLOT,2022,2022-12-17,142000,690,Other,Medium,20,1,12,5
Madeleine Albright,2022,2022-03-24,141000,691,Entertainment,Medium,18,2,3,3
บ่วงวิมาลาep13,2022,2022-09-26,141000,692,Other,Medium,14,1,9,0
HOTD,2022,2022-08-22,140000,693,Other,Medium,4,1,8,0
箱根駅伝,2022,2022-01-02,139000,694,Other,Medium,4,1,1,6
Raiders,2022,2022-10-11,139000,695,Other,Medium,7,1,10,1
gfvip,2022,2022-01-29,139000,696,Other,Medium,5,1,1,5
SO PROUD OF YOU BTS,2022,2022-05-26,139000,697,Entertainment,Medium,19,5,5,3
アイマス17歳おめでとう,2022,2022-07-26,139000,698,Other,Medium,12,1,7,1
Giants,2022,2022-09-27,139000,699,Other,Medium,6,1,9,1
Demar,2022,2022-01-02,138000,700,Other,Medium,5,1,1,6
PARK JIMIN,2022,2022-06-18,138000,701,Other,Medium,10,2,6,5
MUSICDAY,2022,2022-07-02,138000,702,Entertainment,Medium,8,1,7,5
عيد_الاضحي_المبارك,2022,2022-07-09,138000,703,Other,Medium,18,1,7,5
WanDayXBuild,2022,2022-12-15,138000,704,Other,Medium,12,1,12,3
UFC271,2022,2022-02-13,137000,705,Sports,Medium,6,1,2,6
안녕BANGKOK,2022,2022-09-17,137000,706,Other,Medium,9,1,9,5
羽生くん,2022,2022-02-10,136000,707,Other,Medium,4,1,2,3
RMACHE,2022,2022-04-12,136000,708,Other,Medium,6,1,4,1
Padres,2022,2022-08-02,136000,709,Other,Medium,6,1,8,1
Bears,2022,2022-10-25,136000,710,Other,Medium,5,1,10,1
仲本工事さん,2022,2022-10-19,136000,711,Other,Medium,6,1,10,2
우지_믹스테잎_루비_6시,2022,2022-01-03,135000,712,Other,Medium,13,1,1,0
UELfinal,2022,2022-05-19,135000,713,Other,Medium,8,1,5,3
거짓말없어_세븐틴은_HOT,2022,2022-05-27,135000,714,Other,Medium,14,1,5,4
CMPunjabElection,2022,2022-07-22,135000,715,Politics,Medium,16,1,7,4
Velez,2022,2022-09-01,135000,716,Other,Medium,5,1,9,3
ARGKSA,2022,2022-11-22,135000,717,Other,Medium,6,1,11,1
スペース,2022,2022-12-16,135000,718,Other,Medium,4,1,12,4
Bama,2022,2022-01-11,134000,719,Other,Medium,4,1,1,1
PlayStation,2022,2022-01-18,133000,720,Technology,Medium,11,1,1,1
Louies,2022,2022-01-27,133000,721,Other,Medium,6,1,1,3
Ferrari,2022,2022-06-12,133000,722,Other,Medium,7,1,6,6
SalarioRosaContinua,2022,2022-08-17,133000,723,Other,Medium,19,1,8,2
RocaAFazenda,2022,2022-09-21,133000,724,Other,Medium,12,1,9,2
Coutinho,2022,2022-01-07,132000,725,Other,Medium,8,1,1,4
UFC272,2022,2022-03-06,132000,726,Sports,Medium,6,1,3,6
Tatum,2022,2022-04-18,132000,727,Other,Medium,5,1,4,0
UFCLondon,2022,2022-07-23,132000,728,Sports,Medium,9,1,7,5
SNSD,2022,2022-05-17,132000,729,Other,Medium,4,1,5,1
TeşekkürlerErdoğan,2022,2022-07-18,132000,730,Other,Medium,18,1,7,0
Newcastle,2022,2022-08-31,132000,731,Other,Medium,9,1,8,2
JustinBieberNoMultishow,2022,2022-09-05,132000,732,Entertainment,Medium,23,1,9,0
WWERaw,2022,2022-10-11,131000,733,Sports,Medium,6,1,10,1
André,2022,2022-11-16,131000,734,Other,Medium,5,1,11,2
PortfolioDay,2022,2022-07-12,130000,735,Other,Medium,12,1,7,1
ゴールデンカムイ,2022,2022-04-28,130000,736,Other,Medium,8,1,4,3
Fajardo,2022,2022-05-24,130000,737,Other,Medium,7,1,5,1
カウコン,2022,2022-12-31,130000,738,Other,Medium,4,1,12,5
Fábio,2022,2022-01-06,129000,739,Other,Medium,5,1,1,3
KinnPorscheTicketsDay,2022,2022-06-18,129000,740,Other,Medium,21,1,6,5
AimHigher,2022,2022-07-27,129000,741,Other,Medium,9,1,7,2
Roger Federer,2022,2022-09-15,129000,742,Other,Medium,13,2,9,3
ufotable,2022,2022-09-16,129000,743,Other,Medium,8,1,9,4
CHEARS,2022,2022-11-06,129000,744,Other,Medium,6,1,11,6
ARSD,2022,2022-06-06,128000,745,Other,Medium,4,1,6,0
Cloudflare,2022,2022-06-21,128000,746,Technology,Medium,10,1,6,1
나연팝_솔로데뷔,2022,2022-06-24,128000,747,Other,Medium,8,1,6,4
Sri Lanka,2022,2022-09-11,128000,748,Other,Medium,9,2,9,6
いい推しの日,2022,2022-11-04,128000,749,Other,Medium,6,1,11,4
LatinGRAMMY,2022,2022-11-18,128000,750,Entertainment,Medium,11,1,11,4
JohnsonOut14,2022,2022-02-07,127000,751,Other,Medium,12,1,2,0
Everton,2022,2022-04-09,127000,752,Other,Medium,7,1,4,5
ThorLoveAndThunder,2022,2022-05-24,127000,753,Other,Medium,18,1,5,1
Travessia,2022,2022-10-11,127000,754,Other,Medium,9,1,10,1
Eslo,2022,2022-01-27,126000,755,Other,Medium,4,1,1,3
アニメ化,2022,2022-02-23,126000,756,Other,Medium,4,1,2,2
WorldCupDraw,2022,2022-04-01,126000,757,Sports,Medium,12,1,4,4
RamazanBayramı,2022,2022-05-02,126000,758,Sports,Medium,14,1,5,0
MakatiIsPink,2022,2022-05-07,126000,759,Other,Medium,12,1,5,5
Merrick Garland,2022,2022-08-11,126000,760,Other,Medium,15,2,8,3
APCPresidentialPrimaries,2022,2022-06-08,125000,761,Politics,Medium,24,1,6,2
世にも奇妙な物語,2022,2022-06-18,125000,762,Other,Medium,8,1,6,5
SalarioRosaNoSeDetiene,2022,2022-07-02,125000,763,Other,Medium,22,1,7,5
GMMTVreadyforJapanD2,2022,2022-08-25,125000,764,Other,Medium,20,1,8,3
KIM TAEHYUNG,2022,2022-12-23,125000,765,Other,Medium,12,2,12,4
NationalChampionship,2022,2022-01-11,124000,766,Sports,Medium,20,1,1,1
ゼンカイジャー,2022,2022-02-27,124000,767,Other,Medium,7,1,2,6
伏見ガク3D,2022,2022-03-18,124000,768,Other,Medium,6,1,3,4
Mendy,2022,2022-04-06,124000,769,Other,Medium,5,1,4,2
MothersDay,2022,2022-05-08,124000,770,Holiday,Medium,10,1,5,6
DISTRICT,2022,2022-06-16,124000,771,Other,Medium,8,1,6,3
土用の丑の日,2022,2022-07-23,124000,772,Other,Medium,6,1,7,5
QueenRadio,2022,2022-08-12,124000,773,Other,Medium,10,1,8,4
SalarioRosaSigue,2022,2022-08-24,124000,774,Other,Medium,16,1,8,2
SabuymasterxENGFA,2022,2022-09-09,124000,775,Other,Medium,17,1,9,4
HYUNA,2022,2022-02-03,123000,776,Other,Medium,5,1,2,3
RussiaUkraineWar,2022,2022-02-25,123000,777,Politics,Medium,16,1,2,4
Butler,2022,2022-05-30,123000,778,Other,Medium,6,1,5,0
GranHermano,2022,2022-10-18,123000,779,Other,Medium,11,1,10,1
CHELIV,2022,2022-02-27,122000,780,Other,Medium,6,1,2,6
ดวงใจเทวพรหมdebutnight,2022,2022-03-23,122000,781,Other,Medium,22,1,3,2
Atlas,2022,2022-05-30,122000,782,Other,Medium,5,1,5,0
Estonia,2022,2022-06-05,122000,783,Other,Medium,7,1,6,6
SOUMUN,2022,2022-08-27,122000,784,Other,Medium,6,1,8,5
Chargers,2022,2022-09-16,122000,785,Other,Medium,8,1,9,4
Phillies,2022,2022-10-29,122000,786,Other,Medium,8,1,10,5
MakarSankranti,2022,2022-01-14,121000,787,Other,Medium,14,1,1,4
Haney,2022,2022-06-05,121000,788,Other,Medium,5,1,6,6
GuruPurnima,2022,2022-07-13,121000,789,Other,Medium,11,1,7,2
قطر_الاكوادور,2022,2022-11-20,121000,790,Other,Medium,13,1,11,6
WayV_3rdAnniversary,2022,2022-01-16,120000,791,Other,Medium,19,1,1,6
Mステ,2022,2022-08-05,120000,792,Other,Medium,3,1,8,4
Giannis,2022,2022-04-01,120000,793,Sports,Medium,7,1,4,4
Forest,2022,2022-05-17,120000,794,Other,Medium,6,1,5,1
Eril,2022,2022-06-09,120000,795,Other,Medium,4,1,6,3
Cowboys,2022,2022-10-17,120000,796,Other,Medium,7,1,10,0
オールスター感謝祭22秋,2022,2022-10-01,120000,797,Other,Medium,12,1,10,5
Maguire,2022,2022-03-15,119000,798,Other,Medium,7,1,3,1
Alonso,2022,2022-08-28,119000,799,Other,Medium,6,1,8,6
Chris Pine,2022,2022-09-06,119000,800,Other,Medium,10,2,9,1
7YearsWith9WICE,2022,2022-10-19,119000,801,Other,Medium,15,1,10,2
ถ้าโลกนี้ไม่มีGPSxอิงล็อต,2022,2022-10-28,119000,802,Other,Medium,25,1,10,4
AprilsBlossomSEHUN,2022,2022-04-11,118000,803,Other,Medium,18,1,4,0
HEESEUNG_OFFMYFACE,2022,2022-05-30,118000,804,Other,Medium,18,1,5,0
RESPECT JISOO,2022,2022-07-11,118000,805,Other,Medium,13,2,7,0
SalarioRosaEstaContigo,2022,2022-07-13,118000,806,Other,Medium,22,1,7,2
LulaNoJN,2022,2022-08-25,118000,807,Politics,Medium,8,1,8,3
Coolio,2022,2022-09-29,118000,808,Other,Medium,6,1,9,3
TREASURE 600K PREORDERS,2022,2022-01-20,117000,809,Other,Medium,23,3,1,3
트와이스와_원스의_소중한7년,2022,2022-10-19,117000,810,Other,Medium,15,1,10,2
Pedri,2022,2022-02-27,116000,811,Other,Medium,5,1,2,6
becasedomex,2022,2022-01-21,116000,812,Other,Medium,11,1,1,4
Def_LOVE_OUTNOW,2022,2022-01-26,116000,813,Other,Medium,15,1,1,2
EstoSeraLegendaddy,2022,2022-05-19,116000,814,Other,Medium,18,1,5,3
HEEling COVER,2022,2022-05-30,116000,815,Other,Medium,13,2,5,0
スプラ3,2022,2022-09-08,116000,816,Other,Medium,4,1,9,3
Tariq,2022,2022-01-27,115000,817,Other,Medium,5,1,1,3
BlackHistoryMonth,2022,2022-02-01,115000,818,Other,Medium,17,1,2,1
SUHOs_Resume_For_EXOL,2022,2022-02-19,115000,819,Other,Medium,21,1,2,5
JO1ANNX,2022,2022-04-27,115000,820,Other,Medium,7,1,4,2
엔하이픈_희승,2022,2022-05-30,115000,821,Other,Medium,7,1,5,0
ZeeMeShow,2022,2022-08-20,115000,822,Other,Medium,9,1,8,5
EnchantedToMeetJAKE,2022,2022-11-14,115000,823,Other,Medium,19,1,11,0
KARA,2022,2022-12-23,115000,824,Other,Medium,4,1,12,4
みっころね24,2022,2022-01-02,114000,825,Other,Medium,7,1,1,6
maddy,2022,2022-01-17,114000,826,Other,Medium,5,1,1,0
FaceABaba,2022,2022-01-27,114000,827,Other,Medium,9,1,1,3
precure,2022,2022-02-06,114000,828,Other,Medium,7,1,2,6
Kentucky,2022,2022-03-18,114000,829,Other,Medium,8,1,3,4
Rodinei,2022,2022-10-20,114000,830,Other,Medium,7,1,10,3
BBB101,2022,2022-04-29,114000,831,Other,Medium,6,1,4,4
Ganesh Chaturthi,2022,2022-08-31,114000,832,Other,Medium,16,2,8,2
ARSTOT,2022,2022-10-01,114000,833,Other,Medium,6,1,10,5
Aaron Carter,2022,2022-11-05,114000,834,Other,Medium,12,2,11,5
Sony,2022,2022-01-31,113000,835,Other,Medium,4,1,1,0
Happy 420,2022,2022-04-20,113000,836,Other,Medium,9,2,4,2
UFC275,2022,2022-06-12,113000,837,Sports,Medium,6,1,6,6
Cássio,2022,2022-07-06,113000,838,Other,Medium,6,1,7,2
Vyni,2022,2022-02-04,112000,839,Other,Medium,4,1,2,4
SNOOP DOGG,2022,2022-03-25,112000,840,Other,Medium,10,2,3,4
TreasureMakerSelcaDay,2022,2022-06-06,112000,841,Other,Medium,21,1,6,0
VersionsOfMe,2022,2022-04-13,111000,842,Other,Medium,12,1,4,2
Kavanaugh,2022,2022-06-08,111000,843,Other,Medium,9,1,6,2
รักนะมายนายรอยยิ้ม,2022,2022-08-11,111000,844,Other,Medium,18,1,8,3
OnurŞener,2022,2022-10-03,111000,845,Other,Medium,9,1,10,0
França,2022,2022-11-23,111000,846,Other,Medium,6,1,11,2
Browns,2022,2022-01-04,110000,847,Other,Medium,6,1,1,1
Broncos,2022,2022-10-18,110000,848,Other,Medium,7,1,10,1
RESPECT LISA,2022,2022-07-11,110000,849,Other,Medium,12,2,7,0
ختام_سكربت,2022,2022-08-17,110000,850,Other,Medium,10,1,8,2
jhopexMAMA,2022,2022-11-30,110000,851,Other,Medium,10,1,11,2
AFCON2021,2022,2022-02-04,109000,852,Other,Medium,9,1,2,4
UsykJoshua2,2022,2022-08-20,109000,853,Other,Medium,11,1,8,5
Herbert,2022,2022-09-16,109000,854,Other,Medium,7,1,9,4
GH22,2022,2022-10-24,109000,855,Other,Medium,4,1,10,0
ยิ้มหวาน,2022,2022-07-30,108000,856,Other,Medium,8,1,7,5
Patriots,2022,2022-12-19,108000,857,Other,Medium,8,1,12,0
JanetJacksonDoc,2022,2022-01-29,107000,858,Other,Medium,15,1,1,5
Brian Flores,2022,2022-02-02,107000,859,Other,Medium,12,2,2,2
William Hurt,2022,2022-03-14,107000,860,Other,Medium,12,2,3,0
NGAGHA,2022,2022-03-29,107000,861,Other,Medium,6,1,3,1
خليفه_بن_زايد,2022,2022-05-13,107000,862,Other,Medium,13,1,5,4
Steelers,2022,2022-09-11,107000,863,Other,Medium,8,1,9,6
Mets,2022,2022-12-21,107000,864,Other,Medium,4,1,12,2
アルハイゼン,2022,2022-12-09,107000,865,Other,Medium,6,1,12,4
TRPG,2022,2022-02-10,106000,866,Other,Medium,4,1,2,3
Ramazan,2022,2022-04-01,106000,867,Other,Medium,7,1,4,4
2022KPOPMASTERZ_BKK,2022,2022-07-02,106000,868,Entertainment,Medium,19,1,7,5
chandigarhuniversity,2022,2022-09-18,106000,869,Social,Medium,20,1,9,6
Konyadakatliamvar,2022,2022-11-25,106000,870,Other,Medium,17,1,11,4
ElClasico,2022,2022-07-24,105000,871,Other,Medium,9,1,7,6
シンデレラ10周年_トロピカルday2,2022,2022-01-30,105000,872,Other,Medium,19,1,1,6
Embiid,2022,2022-04-21,105000,873,Other,Medium,6,1,4,3
StrangerThings4,2022,2022-05-27,105000,874,Other,Medium,15,1,5,4
NBAFinals,2022,2022-06-03,105000,875,Sports,Medium,9,1,6,4
フロイニ,2022,2022-06-17,105000,876,Other,Medium,4,1,6,4
OP_FILMRED,2022,2022-08-06,105000,877,Entertainment,Medium,10,1,8,5
せっかくグルメ,2022,2022-01-02,104000,878,Other,Medium,7,1,1,6
タコピー,2022,2022-03-03,104000,879,Other,Medium,4,1,3,3
Maracanã,2022,2022-07-14,104000,880,Other,Medium,8,1,7,3
HEART ATTACK ON HDARMY,2022,2022-08-11,104000,881,Other,Medium,22,4,8,3
Verstappen,2022,2022-08-28,104000,882,Other,Medium,10,1,8,6
Mitchell,2022,2022-09-01,104000,883,Other,Medium,8,1,9,3
lexi,2022,2022-01-17,103000,884,Other,Medium,4,1,1,0
Samsun,2022,2022-02-04,103000,885,Other,Medium,6,1,2,4
Booker,2022,2022-05-16,103000,886,Other,Medium,6,1,5,0
Mike Tyson,2022,2022-04-21,103000,887,Other,Medium,10,2,4,3
Milton Ribeiro,2022,2022-06-22,103000,888,Other,Medium,14,2,6,2
AustrianGP,2022,2022-07-08,103000,889,Other,Medium,10,1,7,4
Jô Soares,2022,2022-08-05,103000,890,Other,Medium,9,2,8,4
모일수록_완벽한_드림6주년,2022,2022-08-24,103000,891,Other,Medium,14,1,8,2
山南さん,2022,2022-09-14,103000,892,Other,Medium,4,1,9,2
紅の豚,2022,2022-01-14,102000,893,Other,Medium,3,1,1,4
Notifications,2022,2022-02-07,102000,894,Other,Medium,13,1,2,0
sürtük,2022,2022-06-01,102000,895,Other,Medium,6,1,6,2
APCPrimaries,2022,2022-06-08,102000,896,Other,Medium,12,1,6,2
6rowingUpWith7DREAM,2022,2022-08-24,102000,897,Other,Medium,19,1,8,2
Brighton,2022,2022-10-29,102000,898,Other,Medium,8,1,10,5
勤労感謝の日,2022,2022-11-23,102000,899,Other,Medium,6,1,11,2
Marrocos,2022,2022-12-14,102000,900,Other,Medium,8,1,12,2
Kirstie Alley,2022,2022-12-06,102000,901,Other,Medium,13,2,12,1
Xhaka,2022,2022-01-14,101000,902,Other,Medium,5,1,1,4
Mahomes,2022,2022-01-24,101000,903,Sports,Medium,7,1,1,0
未来への10カウント,2022,2022-06-09,101000,904,Other,Medium,10,1,6,3
LiberenACoco,2022,2022-05-26,101000,905,Other,Medium,12,1,5,3
Southgate,2022,2022-11-25,101000,906,Other,Medium,9,1,11,4
14MProudOfWIN,2022,2022-07-29,101000,907,Other,Medium,13,1,7,4
にじさんじ甲子園,2022,2022-08-12,101000,908,Other,Medium,8,1,8,4
アクスタFest,2022,2022-09-10,101000,909,Other,Medium,8,1,9,5
Tottenham,2022,2022-11-01,101000,910,Other,Medium,9,1,11,1
Ferran,2022,2022-02-17,100000,911,Other,Medium,6,1,2,3
StormEunice,2022,2022-02-18,100000,912,Other,Medium,11,1,2,4
TransDayOfVisibility,2022,2022-03-31,100000,913,Other,Medium,20,1,3,3
MsMarvel,2022,2022-06-08,100000,914,Entertainment,Medium,8,1,6,2
AllStarGame,2022,2022-07-20,100000,915,Other,Medium,11,1,7,2
Hamilton,2022,2022-08-28,100000,916,Other,Medium,8,1,8,6
Nordeste,2022,2022-10-02,100000,917,Other,Medium,8,1,10,6
Bungie,2022,2022-01-31,99000,918,Other,Low,6,1,1,0
JAYBsRNBxJinyoung,2022,2022-04-20,99000,919,Other,Low,17,1,4,2
宝塚記念,2022,2022-06-26,99000,920,Other,Low,4,1,6,6
คืนนับดาวEP9,2022,2022-06-30,99000,921,Other,Low,12,1,6,3
Bartın,2022,2022-10-14,99000,922,Other,Low,6,1,10,4
オフサイド,2022,2022-11-23,99000,923,Other,Low,5,1,11,2
Bruce Willis,2022,2022-03-30,98000,924,Other,Low,12,2,3,2
Marseille,2022,2022-11-01,98000,925,Other,Low,9,1,11,1
QATECU,2022,2022-11-20,98000,926,Other,Low,6,1,11,6
یوم_نجات_29_نومبر,2022,2022-11-29,98000,927,Other,Low,17,1,11,1
UTAGE,2022,2022-01-07,97000,928,Other,Low,5,1,1,4
Nathan Chen,2022,2022-02-10,97000,929,Other,Low,11,2,2,3
Sixers,2022,2022-02-10,97000,930,Other,Low,6,1,2,3
helloworld2022,2022,2022-02-26,97000,931,Other,Low,14,1,2,5
WorldHealthDay,2022,2022-04-07,97000,932,Social,Low,14,1,4,3
GirlsGeneration,2022,2022-05-17,97000,933,Other,Low,15,1,5,1
PlatinumPartyatthePalace,2022,2022-06-04,97000,934,Other,Low,24,1,6,5
Rabiot,2022,2022-08-08,97000,935,Other,Low,6,1,8,0
Foden,2022,2022-11-25,97000,936,Other,Low,5,1,11,4
Andalucía,2022,2022-02-28,96000,937,Other,Low,9,1,2,0
MemorialDay,2022,2022-05-30,96000,938,Social,Low,11,1,5,0
Gove,2022,2022-07-06,96000,939,Other,Low,4,1,7,2
Nunez,2022,2022-07-21,96000,940,Other,Low,5,1,7,3
Nunes,2022,2022-07-31,96000,941,Other,Low,5,1,7,6
仮面ライダーギーツ,2022,2022-09-04,96000,942,Other,Low,9,1,9,6
AEWAllOut,2022,2022-09-05,96000,943,Other,Low,9,1,9,0
Destiny,2022,2022-01-31,95000,944,Other,Low,7,1,1,0
Hugo,2022,2022-05-25,95000,945,Other,Low,4,1,5,2
BreakMySoul,2022,2022-06-21,95000,946,Other,Low,11,1,6,1
Ivana Trump,2022,2022-07-14,95000,947,Politics,Low,11,2,7,3
Japão,2022,2022-11-23,95000,948,Other,Low,5,1,11,2
GERJPN,2022,2022-11-23,95000,949,Other,Low,6,1,11,2
Bélgica,2022,2022-11-27,95000,950,Other,Low,7,1,11,6
J-HOPE AT MAMA TODAY,2022,2022-11-30,95000,951,Other,Low,20,4,11,2
Tribunal Constitucional,2022,2022-12-20,95000,952,Other,Low,23,2,12,1
WEBTOON_V,2022,2022-01-08,94000,953,Other,Low,9,1,1,5
CriticsChoiceAwards,2022,2022-03-14,94000,954,Politics,Low,19,1,3,0
Jokic,2022,2022-05-09,94000,955,Other,Low,5,1,5,0
SalarioRosaVePorMas,2022,2022-09-20,94000,956,Other,Low,19,1,9,1
READY FOR LOVE OUT TODAY,2022,2022-07-29,94000,957,Other,Low,24,5,7,4
UFCParis,2022,2022-09-03,94000,958,Sports,Low,8,1,9,5
ガンダム,2022,2022-09-25,94000,959,Other,Low,4,1,9,6
Thiago,2022,2022-10-18,94000,960,Other,Low,6,1,10,1
Speak Now,2022,2022-10-25,94000,961,Other,Low,9,2,10,1
推しゴトメモリー2022,2022,2022-12-27,94000,962,Other,Low,12,1,12,1
Josh Allen,2022,2022-09-09,93000,963,Other,Low,10,2,9,4
مصر_الكاميرون,2022,2022-02-04,93000,964,Other,Low,13,1,2,4
RMAPSG,2022,2022-03-09,93000,965,Sports,Low,6,1,3,2
Yuri Alberto,2022,2022-08-18,93000,966,Other,Low,12,2,8,3
Felipe Melo,2022,2022-09-16,93000,967,Other,Low,11,2,9,4
Jets,2022,2022-10-16,93000,968,Other,Low,4,1,10,6
Zappe,2022,2022-10-25,93000,969,Other,Low,5,1,10,1
TokopediaTVShow,2022,2022-02-02,92000,970,Other,Low,15,1,2,2
Calvin Ridley,2022,2022-03-08,92000,971,Other,Low,13,2,3,1
CassperVsNaakMusiq,2022,2022-04-10,92000,972,Other,Low,18,1,4,6
Serbia,2022,2022-05-14,92000,973,Other,Low,6,1,5,5
GBGB1stWin,2022,2022-05-20,92000,974,Other,Low,10,1,5,4
Ivete50,2022,2022-05-28,92000,975,Other,Low,7,1,5,5
PlatinumJubilee,2022,2022-06-02,92000,976,Other,Low,15,1,6,3
Rogers,2022,2022-07-08,92000,977,Other,Low,6,1,7,4
Dami,2022,2022-07-18,92000,978,Other,Low,4,1,7,0
Ravens,2022,2022-10-02,92000,979,Other,Low,6,1,10,6
Aaron Judge,2022,2022-10-05,92000,980,Other,Low,11,2,10,2
アーマードコアの新作,2022,2022-12-09,92000,981,Other,Low,10,1,12,4
Coti,2022,2022-12-29,92000,982,Other,Low,4,1,12,3
GoDawgs,2022,2022-01-11,91000,983,Other,Low,7,1,1,1
Adama,2022,2022-02-06,91000,984,Other,Low,5,1,2,6
Paddy,2022,2022-12-11,91000,985,Other,Low,5,1,12,6
パタ姐3D,2022,2022-08-05,91000,986,Other,Low,5,1,8,4
จีบหนูหน่อยxอิงล็อต,2022,2022-09-08,91000,987,Other,Low,19,1,9,3
더비의_선물_재현아_생일축하해,2022,2022-09-12,91000,988,Other,Low,16,1,9,0
Tumblr,2022,2022-11-18,91000,989,Other,Low,6,1,11,4
CantikFest,2022,2022-02-02,90000,990,Other,Low,10,1,2,2
WMBacklash,2022,2022-05-09,90000,991,Other,Low,10,1,5,0
ObiWan,2022,2022-06-22,90000,992,Other,Low,6,1,6,2
SalarioRosaVaPorMas,2022,2022-06-15,90000,993,Other,Low,19,1,6,2
Alito,2022,2022-07-20,90000,994,Other,Low,5,1,7,2
WeFightForBTS,2022,2022-08-22,90000,995,Entertainment,Low,13,1,8,0
THEDREAMSHOW2_DAY1,2022,2022-09-08,90000,996,Other,Low,18,1,9,3
gurunanakjayanti,2022,2022-11-08,90000,997,Other,Low,16,1,11,1
Mattarella,2022,2022-01-29,89000,998,Other,Low,10,1,1,5
DavidoO2,2022,2022-03-06,89000,999,Other,Low,8,1,3,6
MonacoGP,2022,2022-05-28,89000,1000,Other,Low,8,1,5,5
マイファミリー,2022,2022-06-12,89000,1001,Other,Low,7,1,6,6
LekkiMassacre,2022,2022-10-20,89000,1002,Other,Low,13,1,10,3
ENGUSA,2022,2022-11-25,89000,1003,Other,Low,6,1,11,4
Utah,2022,2022-09-04,88000,1004,Other,Low,4,1,9,6
Klay,2022,2022-05-14,88000,1005,Other,Low,4,1,5,5
キズナアイ,2022,2022-02-26,88000,1006,Other,Low,5,1,2,5
PSGOM,2022,2022-04-17,88000,1007,Sports,Low,5,1,4,6
KurbanBayramı,2022,2022-07-09,88000,1008,Sports,Low,13,1,7,5
Oli30,2022,2022-08-31,88000,1009,Other,Low,5,1,8,2
LEIMUN,2022,2022-09-01,88000,1010,Other,Low,6,1,9,3
Post Malone,2022,2022-09-04,88000,1011,Other,Low,11,2,9,6
Brady,2022,2022-12-06,88000,1012,Other,Low,5,1,12,1
SmackDown,2022,2022-12-31,87000,1013,Other,Low,9,1,12,5
プリキュア,2022,2022-02-06,87000,1014,Other,Low,5,1,2,6
有吉ゼミ,2022,2022-03-07,87000,1015,Other,Low,4,1,3,0
Eleksyon2022,2022,2022-05-09,87000,1016,Other,Low,12,1,5,0
Yedam,2022,2022-05-27,87000,1017,Other,Low,5,1,5,4
HindusUnderAttackInIndia,2022,2022-06-10,87000,1018,Other,Low,24,1,6,4
EstreiaAFazenda,2022,2022-09-14,87000,1019,Other,Low,15,1,9,2
日本シリーズ2022,2022,2022-10-23,87000,1020,Other,Low,10,1,10,6
HOTDFinale,2022,2022-10-24,87000,1021,Other,Low,10,1,10,0
jay park,2022,2022-04-19,86000,1022,Other,Low,8,2,4,1
Raphinha,2022,2022-06-28,86000,1023,Other,Low,8,1,6,1
HYUNJAE_HEART_YOU,2022,2022-09-12,86000,1024,Other,Low,17,1,9,0
Juliana,2022,2022-11-17,86000,1025,Other,Low,7,1,11,3
Baker,2022,2022-01-04,85000,1026,Other,Low,5,1,1,1
Mustafa Kemal Atatürk,2022,2022-03-18,85000,1027,Other,Low,21,3,3,4
Baylor,2022,2022-03-19,85000,1028,Other,Low,6,1,3,5
TokopediaxBTS,2022,2022-06-02,85000,1029,Entertainment,Low,13,1,6,3
お笑いの日,2022,2022-10-08,85000,1030,Other,Low,5,1,10,5
As 10,2022,2022-12-17,85000,1031,Other,Low,5,2,12,5
Wolves,2022,2022-01-03,84000,1032,Other,Low,6,1,1,0
ferrugem,2022,2022-01-29,84000,1033,Other,Low,8,1,1,5
쇼트트랙,2022,2022-02-07,84000,1034,Other,Low,4,1,2,0
Chernobyl,2022,2022-02-24,84000,1035,Other,Low,9,1,2,3
StrawberryParty,2022,2022-05-02,84000,1036,Other,Low,15,1,5,0
Thug,2022,2022-05-10,84000,1037,Other,Low,4,1,5,1
LOrealNewExOilxNunew,2022,2022-08-11,84000,1038,Other,Low,20,1,8,3
Martina,2022,2022-10-31,84000,1039,Other,Low,7,1,10,0
COMPLETEMESS,2022,2022-03-02,83000,1040,Other,Low,12,1,3,2
加藤純一,2022,2022-03-12,83000,1041,Other,Low,4,1,3,5
Kylie,2022,2022-05-03,83000,1042,Other,Low,5,1,5,1
Halalan2022,2022,2022-05-09,83000,1043,Other,Low,11,1,5,0
東京リベンジャーズ,2022,2022-07-30,83000,1044,Other,Low,9,1,7,5
Dorival,2022,2022-10-20,83000,1045,Other,Low,7,1,10,3
INDvsBAN,2022,2022-11-02,83000,1046,Other,Low,8,1,11,2
TrumpAnnouncement,2022,2022-11-16,83000,1047,Politics,Low,17,1,11,2
geccek,2022,2022-02-17,82000,1048,Other,Low,6,1,2,3
Jrue,2022,2022-05-12,82000,1049,Other,Low,4,1,5,3
BetterCallSaul,2022,2022-08-16,82000,1050,Other,Low,14,1,8,1
DebateFinal,2022,2022-05-28,82000,1051,Politics,Low,11,1,5,5
男闘呼組,2022,2022-07-16,82000,1052,Other,Low,4,1,7,5
Almería,2022,2022-08-14,82000,1053,Other,Low,7,1,8,6
Valparaíso,2022,2022-08-28,82000,1054,Other,Low,10,1,8,6
ชาเม่xเพชรล็อต,2022,2022-09-26,82000,1055,Other,Low,14,1,9,0
Dodgers,2022,2022-10-12,82000,1056,Other,Low,7,1,10,2
MUNTOT,2022,2022-10-19,82000,1057,Other,Low,6,1,10,2
Justin Jefferson,2022,2022-11-13,82000,1058,Other,Low,16,2,11,6
KOREAQUEST_JHOPE,2022,2022-01-12,81000,1059,Other,Low,16,1,1,2
NickiFreakyGirl,2022,2022-07-13,81000,1060,Other,Low,15,1,7,2
BeyondFast,2022,2022-09-29,81000,1061,Other,Low,10,1,9,3
メイケイエール,2022,2022-01-30,80000,1062,Other,Low,7,1,1,6
Happy New Month,2022,2022-07-01,80000,1063,Other,Low,15,3,7,4
Chris Paul,2022,2022-05-16,80000,1064,Other,Low,10,2,5,0
Veiga,2022,2022-07-15,80000,1065,Other,Low,5,1,7,4
BTS PAVED THE WAY,2022,2022-05-26,80000,1066,Entertainment,Low,17,4,5,3
DavisRomero,2022,2022-05-29,80000,1067,Other,Low,11,1,5,6
ErdenTimuruYedirmeyiz,2022,2022-08-10,80000,1068,Other,Low,21,1,8,2
LaAcademiaGranFinal,2022,2022-08-15,80000,1069,Other,Low,19,1,8,0
SixTONES_GoodLuck,2022,2022-10-07,80000,1070,Other,Low,17,1,10,4
ISIS,2022,2022-02-03,79000,1071,Other,Low,4,1,2,3
TEPPEN,2022,2022-02-05,79000,1072,Other,Low,6,1,2,5
Rwanda,2022,2022-04-14,79000,1073,Other,Low,6,1,4,3
matilda,2022,2022-05-20,79000,1074,Other,Low,7,1,5,4
BebasOngkirSebebasnya,2022,2022-06-02,79000,1075,Other,Low,21,1,6,3
taylorhawkinstribute,2022,2022-09-03,79000,1076,Entertainment,Low,20,1,9,5
De Gea,2022,2022-10-30,79000,1077,Other,Low,6,2,10,6
年越しそば,2022,2022-12-31,79000,1078,Other,Low,5,1,12,5
karl,2022,2022-01-07,78000,1079,Other,Low,4,1,1,4
Tannehill,2022,2022-01-23,78000,1080,Other,Low,9,1,1,6
StrayKids1stOnBB200,2022,2022-03-29,78000,1081,Other,Low,19,1,3,1
eaJCarCrash,2022,2022-04-07,78000,1082,Other,Low,11,1,4,3
ESPN,2022,2022-04-16,78000,1083,Other,Low,4,1,4,5
Vélez,2022,2022-07-07,78000,1084,Other,Low,5,1,7,3
AEWDynamite,2022,2022-01-20,77000,1085,Other,Low,11,1,1,3
DinnerDateOhmNanon,2022,2022-02-11,77000,1086,Other,Low,18,1,2,4
声優アワード,2022,2022-03-05,77000,1087,Other,Low,6,1,3,5
Watson,2022,2022-03-11,77000,1088,Other,Low,6,1,3,4
Matt Ryan,2022,2022-03-21,77000,1089,Other,Low,9,2,3,0
Packers,2022,2022-10-16,77000,1090,Other,Low,7,1,10,6
Jimmy Butler,2022,2022-05-28,77000,1091,Other,Low,12,2,5,5
UECLfinal,2022,2022-05-25,77000,1092,Other,Low,9,1,5,2
Indy500,2022,2022-05-29,77000,1093,Other,Low,7,1,5,6
グウェル3D,2022,2022-07-22,77000,1094,Other,Low,6,1,7,4
Alcaraz,2022,2022-09-10,77000,1095,Other,Low,7,1,9,5
原神予告番組,2022,2022-11-23,77000,1096,Other,Low,6,1,11,2
Saints,2022,2022-12-06,77000,1097,Other,Low,6,1,12,1
Dina Boluarte,2022,2022-12-07,77000,1098,Other,Low,13,2,12,2
ミステリと言う勿れ,2022,2022-01-10,76000,1099,Other,Low,9,1,1,0
Hall of Fame,2022,2022-01-26,76000,1100,Other,Low,12,3,1,2
TEUMESayangTREASURE,2022,2022-02-02,76000,1101,Other,Low,19,1,2,2
OpeningDay,2022,2022-04-07,76000,1102,Other,Low,10,1,4,3
الهلال_ابها,2022,2022-05-29,76000,1103,Sports,Low,11,1,5,6
RolandGarros,2022,2022-05-31,76000,1104,Other,Low,12,1,5,1
ECHR,2022,2022-06-14,76000,1105,Other,Low,4,1,6,1
YUGYEOM1stLiveInBKK,2022,2022-07-09,76000,1106,Other,Low,19,1,7,5
Theory,2022,2022-07-26,76000,1107,Other,Low,6,1,7,1
モンスト,2022,2022-08-13,76000,1108,Other,Low,4,1,8,5
BetweenUsTheSeries,2022,2022-09-28,76000,1109,Entertainment,Low,18,1,9,2
スパカリでJO1とハピメリ,2022,2022-12-19,76000,1110,Other,Low,13,1,12,0
Nenê,2022,2022-02-18,75000,1111,Other,Low,4,1,2,4
SixTONES_共鳴,2022,2022-02-28,75000,1112,Other,Low,11,1,2,0
Gabigol,2022,2022-09-01,75000,1113,Other,Low,7,1,9,3
Ja Morant,2022,2022-05-04,75000,1114,Other,Low,9,2,5,2
七夕の願い事2022,2022,2022-07-07,75000,1115,Other,Low,10,1,7,3
Caro Quintero,2022,2022-07-16,75000,1116,Other,Low,13,2,7,5
ニィロウ,2022,2022-09-16,75000,1117,Other,Low,4,1,9,4
Tennessee,2022,2022-11-05,75000,1118,Other,Low,9,1,11,5
GivingTuesday,2022,2022-11-29,75000,1119,Other,Low,13,1,11,1
SecretEstreno,2022,2022-01-14,74000,1120,Other,Low,13,1,1,4
Falcons,2022,2022-03-21,74000,1121,Other,Low,7,1,3,0
緋色の弾丸,2022,2022-04-22,74000,1122,Other,Low,5,1,4,4
ARSMUN,2022,2022-04-23,74000,1123,Other,Low,6,1,4,5
駅総選挙,2022,2022-05-02,74000,1124,Other,Low,4,1,5,0
Secret Service,2022,2022-06-28,74000,1125,Other,Low,14,2,6,1
Tasha,2022,2022-07-14,74000,1126,Other,Low,5,1,7,3
LIVNEW,2022,2022-08-31,74000,1127,Other,Low,6,1,8,2
Emmys2022,2022,2022-09-13,74000,1128,Entertainment,Low,9,1,9,1
ProtectMySocialSecurity,2022,2022-10-31,74000,1129,Politics,Low,23,1,10,0
ArmyDay,2022,2022-01-15,73000,1130,Other,Low,7,1,1,5
Dame,2022,2022-02-08,73000,1131,Other,Low,4,1,2,1
StateOfTheUnion,2022,2022-03-02,73000,1132,Other,Low,15,1,3,2
Mamãe Falei,2022,2022-03-05,73000,1133,Other,Low,11,2,3,5
ODDINARY_BB200No1,2022,2022-03-29,73000,1134,Other,Low,17,1,3,1
Simeone,2022,2022-04-13,73000,1135,Other,Low,7,1,4,2
SMTOWN,2022,2022-04-25,73000,1136,Other,Low,6,1,4,0
النصر_الشباب,2022,2022-05-06,73000,1137,Sports,Low,12,1,5,4
LIVTOT,2022,2022-05-07,73000,1138,Other,Low,6,1,5,5
スターズオンアース,2022,2022-05-22,73000,1139,Other,Low,9,1,5,6
Hulk,2022,2022-06-23,73000,1140,Other,Low,4,1,6,3
プロトマーリン,2022,2022-07-30,73000,1141,Other,Low,7,1,7,5
Om Shanti,2022,2022-12-30,73000,1142,Other,Low,9,2,12,4
Riri,2022,2022-01-31,72000,1143,Other,Low,4,1,1,0
Twosday,2022,2022-02-22,72000,1144,Other,Low,7,1,2,1
開催中祝,2022,2022-03-06,72000,1145,Other,Low,4,1,3,6
Camp Nou,2022,2022-03-30,72000,1146,Other,Low,8,2,3,2
민규를_사랑하는_406가지_이유,2022,2022-04-05,72000,1147,Other,Low,17,1,4,1
StanleyCup,2022,2022-06-27,72000,1148,Other,Low,10,1,6,0
조슈아_생일이_다가온다_셋둘하나,2022,2022-12-29,72000,1149,Other,Low,17,1,12,3
NationalYouthDay,2022,2022-01-12,71000,1150,Other,Low,16,1,1,2
FelizAniversarioBolsonaro,2022,2022-03-21,71000,1151,Politics,Low,25,1,3,0
Savic,2022,2022-04-13,71000,1152,Other,Low,5,1,4,2
SheHulk,2022,2022-08-18,71000,1153,Other,Low,7,1,8,3
GoAvsGo,2022,2022-06-27,71000,1154,Other,Low,7,1,6,0
Moreno,2022,2022-07-31,71000,1155,Other,Low,6,1,7,6
_WORLD5thWin,2022,2022-08-04,71000,1156,Other,Low,12,1,8,3
COCOA,2022,2022-09-13,71000,1157,Other,Low,5,1,9,1
Osasuna,2022,2022-11-09,71000,1158,Other,Low,7,1,11,2
المغرب_بلجيكا,2022,2022-11-27,71000,1159,Other,Low,13,1,11,6
BELMAR,2022,2022-11-27,71000,1160,Other,Low,6,1,11,6
千と千尋の神隠し,2022,2022-01-07,70000,1161,Other,Low,8,1,1,4
IPLAuction,2022,2022-02-12,70000,1162,Other,Low,10,1,2,5
Gonzaga,2022,2022-03-25,70000,1163,Other,Low,7,1,3,4
シンデレラ10周年_ファイナルday1,2022,2022-04-02,70000,1164,Other,Low,19,1,4,5
恋マジ,2022,2022-06-06,70000,1165,Other,Low,3,1,6,0
LOVEZeePruk3M,2022,2022-08-30,70000,1166,Other,Low,13,1,8,1
会員登録,2022,2022-09-10,70000,1167,Other,Low,4,1,9,5
Figma,2022,2022-09-15,70000,1168,Other,Low,5,1,9,3
ウミディグダ,2022,2022-09-28,70000,1169,Other,Low,6,1,9,2
قطر_السنغال,2022,2022-11-25,70000,1170,Other,Low,11,1,11,4
49ers,2022,2022-09-26,69000,1171,Other,Low,5,1,9,0
viny,2022,2022-02-04,69000,1172,Other,Low,4,1,2,4
MinGYUMakeMySpring,2022,2022-04-05,69000,1173,Other,Low,18,1,4,1
Rhaenyra,2022,2022-09-19,69000,1174,Other,Low,8,1,9,0
StarAcademy,2022,2022-11-05,69000,1175,Other,Low,11,1,11,5
天気の子,2022,2022-11-06,69000,1176,Other,Low,4,1,11,6
YalıÇapkını,2022,2022-12-30,69000,1177,Other,Low,11,1,12,4
オニャンコポン,2022,2022-01-16,68000,1178,Other,Low,7,1,1,6
Chen,2022,2022-01-19,68000,1179,Other,Low,4,1,1,2
BecasEdomex,2022,2022-01-20,68000,1180,Other,Low,11,1,1,3
長尾景3D,2022,2022-04-30,68000,1181,Other,Low,5,1,4,5
Chandler,2022,2022-05-08,68000,1182,Other,Low,8,1,5,6
Tigres,2022,2022-05-22,68000,1183,Other,Low,6,1,5,6
KPがichiban,2022,2022-07-16,68000,1184,Other,Low,10,1,7,5
TheBachelorette,2022,2022-09-21,68000,1185,Other,Low,15,1,9,2
ダイの大冒険,2022,2022-10-22,68000,1186,Other,Low,6,1,10,5
ゆくマスくるマス2022,2022,2022-12-27,68000,1187,Other,Low,12,1,12,1
HarryPotter20thAnniversary,2022,2022-01-01,67000,1188,Other,Low,26,1,1,5
ENSD,2022,2022-01-08,67000,1189,Other,Low,4,1,1,5
Murree,2022,2022-01-08,67000,1190,Other,Low,6,1,1,5
reducecryptotax,2022,2022-02-03,67000,1191,Technology,Low,15,1,2,3
Cameroon,2022,2022-11-28,67000,1192,Other,Low,8,1,11,0
nitiasa,2022,2022-02-27,67000,1193,Other,Low,7,1,2,6
Al Horford,2022,2022-05-10,67000,1194,Other,Low,10,2,5,1
ドンブラザーズ,2022,2022-10-23,67000,1195,Other,Low,7,1,10,6
Beyonce,2022,2022-07-29,67000,1196,Entertainment,Low,7,1,7,4
FELIPonASAPfordaWin,2022,2022-07-31,67000,1197,Other,Low,19,1,7,6
バニーの日,2022,2022-08-02,67000,1198,Other,Low,5,1,8,1
DemiLovatoNoMultishow,2022,2022-09-05,67000,1199,Other,Low,21,1,9,0
Green Day,2022,2022-09-10,67000,1200,Social,Low,9,2,9,5
Nia Long,2022,2022-09-22,67000,1201,Other,Low,8,2,9,3
Deadpool3,2022,2022-09-28,67000,1202,Entertainment,Low,9,1,9,2
RobsDay,2022,2022-09-29,67000,1203,Other,Low,7,1,9,3
Sam Bankman,2022,2022-12-13,67000,1204,Other,Low,11,2,12,1
TEMPTATION,2022,2022-12-20,67000,1205,Other,Low,10,1,12,1
TheNameChapter,2022,2022-12-20,67000,1206,Other,Low,14,1,12,1
MOA_X_TOGETHER,2022,2022-03-05,66000,1207,Other,Low,14,1,3,5
スパチャ,2022,2022-03-12,66000,1208,Other,Low,4,1,3,5
STRAY KIDS TOPS BB200,2022,2022-03-29,66000,1209,Other,Low,21,4,3,1
Guardiola,2022,2022-04-13,66000,1210,Other,Low,9,1,4,2
Bulls,2022,2022-04-18,66000,1211,Other,Low,5,1,4,0
JÃO NO FANTÁSTICO,2022,2022-05-02,66000,1212,Other,Low,17,3,5,0
NintendoSwitch2022,2022,2022-12-14,66000,1213,Technology,Low,18,1,12,2
ピカチュウ,2022,2022-12-16,66000,1214,Other,Low,5,1,12,4
BTS HISTORY MAKERS,2022,2022-05-15,65000,1215,Entertainment,Low,18,3,5,6
アゲインガチャ,2022,2022-08-13,65000,1216,Other,Low,7,1,8,5
Notre Dame,2022,2022-09-11,65000,1217,Other,Low,10,2,9,6
WorldSeries,2022,2022-10-29,65000,1218,Entertainment,Low,11,1,10,5
BORNPINKinBANGKOK,2022,2022-11-17,65000,1219,Sports,Low,17,1,11,3
TERA,2022,2022-01-19,64000,1220,Other,Low,4,1,1,2
GTA 6,2022,2022-09-18,64000,1221,Other,Low,5,2,9,6
MondayMotivation,2022,2022-04-25,64000,1222,Other,Low,16,1,4,0
ATMMCI,2022,2022-04-13,64000,1223,Other,Low,6,1,4,2
Benito,2022,2022-05-06,64000,1224,Other,Low,6,1,5,4
フォールガイズ,2022,2022-06-21,64000,1225,Other,Low,7,1,6,1
January6thHearings,2022,2022-06-28,64000,1226,Other,Low,18,1,6,1
プライムデー,2022,2022-07-11,64000,1227,Other,Low,6,1,7,0
Alaba,2022,2022-08-14,64000,1228,Other,Low,5,1,8,6
Seahawks,2022,2022-09-13,64000,1229,Other,Low,8,1,9,1
Gasly,2022,2022-10-09,64000,1230,Other,Low,5,1,10,6
MUFC,2022,2022-01-03,63000,1231,Sports,Low,4,1,1,0
Joe Burrow,2022,2022-01-23,63000,1232,Other,Low,10,2,1,6
Alisson,2022,2022-01-28,63000,1233,Other,Low,7,1,1,4
크래비티_아드레날린_전야제,2022,2022-03-21,63000,1234,Other,Low,14,1,3,0
かなたんしか勝たん,2022,2022-04-22,63000,1235,Other,Low,9,1,4,4
Spurs,2022,2022-05-07,63000,1236,Other,Low,5,1,5,5
SalarioRosaFamiliasFuertes,2022,2022-07-06,63000,1237,Other,Low,26,1,7,2
더보이즈_위스퍼_준비완료,2022,2022-08-15,63000,1238,Other,Low,13,1,8,0
仙台育英,2022,2022-08-20,63000,1239,Other,Low,4,1,8,5
Adobe,2022,2022-09-15,63000,1240,Other,Low,5,1,9,3
SinaisDoOutroLado,2022,2022-11-13,63000,1241,Other,Low,17,1,11,6
الاتحاد_الرايد,2022,2022-01-14,62000,1242,Other,Low,14,1,1,4
Brunna,2022,2022-01-28,62000,1243,Other,Low,6,1,1,4
น้อยแต่มาก_DANxYinWar,2022,2022-04-07,62000,1244,Politics,Low,21,1,4,3
LetTheEarthBreath,2022,2022-04-14,62000,1245,Other,Low,17,1,4,3
SunshineCHAERYEONGDay,2022,2022-06-04,62000,1246,Other,Low,21,1,6,5
村上56号,2022,2022-10-03,62000,1247,Other,Low,5,1,10,0
Reece James,2022,2022-10-05,62000,1248,Other,Low,11,2,10,2
Mac Jones,2022,2022-10-25,62000,1249,Other,Low,9,2,10,1
OMTOT,2022,2022-11-01,62000,1250,Other,Low,5,1,11,1
KedsThailandXJeffBarcode,2022,2022-11-03,62000,1251,Other,Low,24,1,11,3
TheGameAwards,2022,2022-12-09,62000,1252,Politics,Low,13,1,12,4
Jinni,2022,2022-12-09,62000,1253,Other,Low,5,1,12,4
Tonga,2022,2022-01-15,61000,1254,Other,Low,5,1,1,5
Bruna,2022,2022-02-08,61000,1255,Other,Low,5,1,2,1
Andreas,2022,2022-03-06,61000,1256,Other,Low,7,1,3,6
Arkansas,2022,2022-03-25,61000,1257,Other,Low,8,1,3,4
オールスター感謝祭22春,2022,2022-03-26,61000,1258,Other,Low,12,1,3,5
스키즈_빌보드200_첫1위_축하해,2022,2022-03-29,61000,1259,Other,Low,18,1,3,1
UFC273,2022,2022-04-10,61000,1260,Sports,Low,6,1,4,6
Ramsey,2022,2022-05-19,61000,1261,Other,Low,6,1,5,3
ガレヲン,2022,2022-06-17,61000,1262,Other,Low,4,1,6,4
エフフォーリア,2022,2022-06-26,61000,1263,Other,Low,7,1,6,6
グミの日,2022,2022-09-03,61000,1264,Other,Low,4,1,9,5
9Eylül,2022,2022-09-09,61000,1265,Other,Low,6,1,9,4
Marshall,2022,2022-09-11,61000,1266,Other,Low,8,1,9,6
chivas,2022,2022-09-18,61000,1267,Other,Low,6,1,9,6
Jalen,2022,2022-09-20,61000,1268,Other,Low,5,1,9,1
MevlidKandili,2022,2022-10-07,61000,1269,Other,Low,13,1,10,4
BORNPINKBANGKOK,2022,2022-11-16,61000,1270,Other,Low,15,1,11,2
الهلال_الاتفاق,2022,2022-12-21,61000,1271,Sports,Low,14,1,12,2
オジュウチョウサン,2022,2022-12-24,61000,1272,Other,Low,9,1,12,5
GedsonuGetirElmas,2022,2022-02-01,60000,1273,Other,Low,17,1,2,1
TravisJapan,2022,2022-02-11,60000,1274,Other,Low,11,1,2,4
Pumas,2022,2022-05-05,60000,1275,Other,Low,5,1,5,3
IndiaWithRahulGandhi,2022,2022-06-13,60000,1276,Other,Low,20,1,6,0
Panthers,2022,2022-07-06,60000,1277,Other,Low,8,1,7,2
ホームラン,2022,2022-07-26,60000,1278,Other,Low,5,1,7,1
Knights,2022,2022-07-26,60000,1279,Other,Low,7,1,7,1
江おんすていじ,2022,2022-07-27,60000,1280,Other,Low,7,1,7,2
Kelis,2022,2022-07-29,60000,1281,Other,Low,5,1,7,4
InternationalCatDay,2022,2022-08-08,60000,1282,Other,Low,19,1,8,0
WhereYouAtSB19,2022,2022-08-11,60000,1283,Other,Low,14,1,8,3
Game of Thrones,2022,2022-08-22,60000,1284,Entertainment,Low,15,3,8,0
푸른파도에_새겨질_연준이의_가을,2022,2022-09-12,60000,1285,Other,Low,17,1,9,0
NCT 127 MV TEASER,2022,2022-09-13,60000,1286,Other,Low,17,4,9,1
Ariel,2022,2022-12-29,60000,1287,Other,Low,5,1,12,3
カフェファラオ,2022,2022-02-20,59000,1288,Other,Low,7,1,2,6
Deji,2022,2022-03-06,59000,1289,Other,Low,4,1,3,6
Asensio,2022,2022-03-09,59000,1290,Other,Low,7,1,3,2
Luca,2022,2022-06-27,59000,1291,Other,Low,4,1,6,0
PSGJuve,2022,2022-09-06,59000,1292,Sports,Low,7,1,9,1
BMSGFES22,2022,2022-09-24,59000,1293,Other,Low,9,1,9,5
Davido,2022,2022-10-31,59000,1294,Other,Low,6,1,10,0
MANIFESTO_IN_MANILA,2022,2022-12-11,59000,1295,Other,Low,19,1,12,6
Phil Jones,2022,2022-01-03,58000,1296,Other,Low,10,2,1,0
العويس,2022,2022-01-09,58000,1297,Other,Low,6,1,1,6
Dembele,2022,2022-02-27,58000,1298,Other,Low,7,1,2,6
EVEMUN,2022,2022-04-09,58000,1299,Other,Low,6,1,4,5
LOUDER THAN BOMBS,2022,2022-05-14,58000,1300,Other,Low,17,3,5,5
Federer,2022,2022-09-24,58000,1301,Other,Low,7,1,9,5
swallows,2022,2022-10-03,58000,1302,Other,Low,8,1,10,0
OurRubyWOOZIday,2022,2022-11-21,58000,1303,Other,Low,15,1,11,0
Billie,2022,2022-02-11,57000,1304,Entertainment,Low,6,1,2,4
SecretGala5,2022,2022-02-18,57000,1305,Other,Low,11,1,2,4
Iowa,2022,2022-03-17,57000,1306,Other,Low,4,1,3,3
ラプンツェル,2022,2022-03-25,57000,1307,Other,Low,6,1,3,4
Tom Parker,2022,2022-03-30,57000,1308,Other,Low,10,2,3,2
Clippers,2022,2022-04-16,57000,1309,Other,Low,8,1,4,5
Athletico,2022,2022-09-07,57000,1310,Other,Low,9,1,9,2
QueenMix,2022,2022-09-09,57000,1311,Other,Low,8,1,9,4
TheBachelor,2022,2022-03-15,56000,1312,Other,Low,11,1,3,1
jongdae,2022,2022-01-19,56000,1313,Other,Low,7,1,1,2
LeniAngatSaLahat,2022,2022-01-26,56000,1314,Other,Low,16,1,1,2
올라운더라키_24살_생일축하해,2022,2022-02-24,56000,1315,Other,Low,16,1,2,3
スッキリ,2022,2022-03-09,56000,1316,Other,Low,4,1,3,2
シャニマス4th_day2,2022,2022-04-24,56000,1317,Other,Low,13,1,4,6
EdomexFuerte,2022,2022-04-26,56000,1318,Other,Low,12,1,4,1
LOVE OF MY LIFE,2022,2022-05-20,56000,1319,Other,Low,15,4,5,4
الاتحاد_الطايي,2022,2022-05-29,56000,1320,Other,Low,14,1,5,6
생일자_채령나간다_길좀따까죠,2022,2022-06-04,56000,1321,Other,Low,15,1,6,5
Kyrgios,2022,2022-07-02,56000,1322,Other,Low,7,1,7,5
バナナサンド,2022,2022-07-12,56000,1323,Other,Low,6,1,7,1
Mardin,2022,2022-08-20,56000,1324,Other,Low,6,1,8,5
MyCasarte,2022,2022-08-23,56000,1325,Other,Low,9,1,8,1
與那城奨,2022,2022-10-07,56000,1326,Other,Low,4,1,10,4
BizimÇocuklar,2022,2022-10-09,56000,1327,Other,Low,13,1,10,6
Carr,2022,2022-12-29,56000,1328,Other,Low,4,1,12,3
Patronato,2022,2022-10-31,56000,1329,Politics,Low,9,1,10,0
タッキー,2022,2022-11-07,56000,1330,Other,Low,4,1,11,0
ViVi国宝級イケメンランキング,2022,2022-12-15,56000,1331,Other,Low,16,1,12,3
オベロン,2022,2022-12-16,56000,1332,Other,Low,4,1,12,4
RiotGamesONE,2022,2022-12-24,56000,1333,Other,Low,12,1,12,5
呪術廻戦SP,2022,2022-01-10,55000,1334,Other,Low,6,1,1,0
Eliezer,2022,2022-04-11,55000,1335,Other,Low,7,1,4,0
ReformaLaboral,2022,2022-02-03,55000,1336,Other,Low,14,1,2,3
Timberwolves,2022,2022-04-13,55000,1337,Other,Low,12,1,4,2
كورو سانشيز,2022,2022-04-26,55000,1338,Other,Low,11,2,4,1
_WORLD2ndWin,2022,2022-07-28,55000,1339,Other,Low,12,1,7,3
おげんさん,2022,2022-08-18,55000,1340,Other,Low,5,1,8,3
Steph,2022,2022-11-12,55000,1341,Other,Low,5,1,11,5
VS魂,2022,2022-01-03,54000,1342,Other,Low,3,1,1,0
Big Ben,2022,2022-01-04,54000,1343,Other,Low,7,2,1,1
Raptor,2022,2022-01-24,54000,1344,Other,Low,6,1,1,0
Barry Bonds,2022,2022-01-26,54000,1345,Other,Low,11,2,1,2
Tiago,2022,2022-02-18,54000,1346,Other,Low,5,1,2,4
MUNLEI,2022,2022-04-02,54000,1347,Other,Low,6,1,4,5
CASARTE X GULF,2022,2022-08-23,54000,1348,Other,Low,14,3,8,1
Carvalho,2022,2022-08-31,54000,1349,Other,Low,8,1,8,2
Tiafoe,2022,2022-09-10,54000,1350,Other,Low,6,1,9,5
F4ThailandEP3,2022,2022-01-08,53000,1351,Other,Low,13,1,1,5
FNS歌謡祭春,2022,2022-03-23,53000,1352,Other,Low,7,1,3,2
EIAN LIVE ON ASAP,2022,2022-05-01,53000,1353,Other,Low,17,4,5,6
ElDebateDefinitivo,2022,2022-05-24,53000,1354,Politics,Low,18,1,5,1
ESSENCEFest,2022,2022-07-02,53000,1355,Other,Low,11,1,7,5
TRAUMAZINE,2022,2022-08-12,53000,1356,Other,Low,10,1,8,4
乃木坂46ANN,2022,2022-12-21,52000,1357,Other,Low,8,1,12,2
Rabbim,2022,2022-02-05,52000,1358,Other,Low,6,1,2,5
Dani Alves,2022,2022-02-06,52000,1359,Other,Low,10,2,2,6
猫又おかゆ生誕ライブ2022,2022,2022-02-22,52000,1360,Other,Low,14,1,2,1
CHERRY_SUNWOO_DAY,2022,2022-04-11,52000,1361,Other,Low,17,1,4,0
Charlo,2022,2022-05-15,52000,1362,Other,Low,6,1,5,6
NupurSharama,2022,2022-07-01,52000,1363,Other,Low,12,1,7,4
Massa,2022,2022-07-28,52000,1364,Other,Low,5,1,7,3
映画東リベ放送中,2022,2022-07-30,52000,1365,Other,Low,8,1,7,5
The FBI,2022,2022-08-09,52000,1366,Politics,Low,7,2,8,1
Adekunle,2022,2022-08-17,52000,1367,Other,Low,8,1,8,2
Stafford,2022,2022-09-09,52000,1368,Other,Low,8,1,9,4
stateofplay,2022,2022-09-14,52000,1369,Other,Low,11,1,9,2
クソおせち,2022,2022-01-01,51000,1370,Other,Low,5,1,1,5
imamoğluistifa,2022,2022-01-24,51000,1371,Other,Low,14,1,1,0
Rueda,2022,2022-01-29,51000,1372,Other,Low,5,1,1,5
Rossi,2022,2022-07-06,51000,1373,Other,Low,5,1,7,2
阪神タイガース,2022,2022-10-10,51000,1374,Other,Low,7,1,10,0
GhanaVsNaija,2022,2022-03-25,51000,1375,Other,Low,12,1,3,4
StandAndDeliver,2022,2022-04-02,51000,1376,Other,Low,15,1,4,5
Pantanal,2022,2022-04-20,51000,1377,Other,Low,8,1,4,2
BaileDaVogue2022,2022,2022-04-30,51000,1378,Other,Low,16,1,4,5
アイナナ7周年,2022,2022-08-19,51000,1379,Other,Low,7,1,8,4
Cavs,2022,2022-09-01,51000,1380,Other,Low,4,1,9,3
Kelce,2022,2022-10-11,51000,1381,Other,Low,5,1,10,1
AvlChe,2022,2022-10-16,51000,1382,Other,Low,6,1,10,6
エルピス,2022,2022-12-26,51000,1383,Other,Low,4,1,12,0
SUJUenlaArenaCDMX,2022,2022-12-20,51000,1384,Other,Low,17,1,12,1
nhkらじらー,2022,2022-01-08,50000,1385,Other,Low,7,1,1,5
OhmpawatOneInAMillion,2022,2022-02-03,50000,1386,Other,Low,21,1,2,3
SecretGala7,2022,2022-03-04,50000,1387,Other,Low,11,1,3,4
MAIARA E MARAISA NO FAUSTAO,2022,2022-03-05,50000,1388,Other,Low,27,5,3,5
シルヴァーソニック,2022,2022-05-01,50000,1389,Other,Low,9,1,5,6
ディープボンド,2022,2022-05-01,50000,1390,Other,Low,7,1,5,6
Reds,2022,2022-05-15,50000,1391,Other,Low,4,1,5,6
AusVotes22,2022,2022-05-21,50000,1392,Politics,Low,10,1,5,5
ミンサガRS,2022,2022-06-01,50000,1393,Other,Low,6,1,6,2
ノーヒットノーラン,2022,2022-06-07,50000,1394,Other,Low,9,1,6,1
baystars,2022,2022-06-07,50000,1395,Other,Low,8,1,6,1
Aqours東京ドーム_Day1,2022,2022-06-25,50000,1396,Other,Low,16,1,6,5
Mariano,2022,2022-07-24,50000,1397,Other,Low,7,1,7,6
Mariners,2022,2022-10-16,50000,1398,Other,Low,8,1,10,6
kenyaelections2022,2022,2022-08-15,50000,1399,Politics,Low,18,1,8,0
AtentadoACFK,2022,2022-09-02,50000,1400,Other,Low,12,1,9,4
CashAppExtraCredit,2022,2022-09-02,50000,1401,Other,Low,18,1,9,4
gsvgfk,2022,2022-09-05,50000,1402,Other,Low,6,1,9,0
Neuer,2022,2022-11-23,50000,1403,Other,Low,5,1,11,2
XF2022,2022,2022-12-09,50000,1404,Other,Low,6,1,12,4
Gaspard Ulliel,2022,2022-01-19,49000,1405,Other,Low,14,2,1,2
ARSLIV,2022,2022-01-21,49000,1406,Other,Low,6,1,1,4
David Ortiz,2022,2022-01-26,49000,1407,Other,Low,11,2,1,2
ホロポケカップ,2022,2022-01-27,49000,1408,Other,Low,7,1,1,3
John Clayton,2022,2022-03-19,49000,1409,Other,Low,12,2,3,5
Nodal,2022,2022-06-02,49000,1410,Other,Low,5,1,6,3
デアリングタクト,2022,2022-06-26,49000,1411,Other,Low,8,1,6,6
LaAcademiaDesafia,2022,2022-07-25,49000,1412,Other,Low,17,1,7,0
MOAのダイヤモンドボーイ,2022,2022-09-12,49000,1413,Other,Low,13,1,9,0
Kirk Cousins,2022,2022-09-20,49000,1414,Other,Low,12,2,9,1
Tata,2022,2022-10-17,49000,1415,Other,Low,4,1,10,0
CNNNYE,2022,2022-01-01,48000,1416,Other,Low,6,1,1,5
おざまきの未来予想図II,2022,2022-02-07,48000,1417,Other,Low,12,1,2,0
Viny,2022,2022-02-11,48000,1418,Other,Low,4,1,2,4
Michigan,2022,2022-03-17,48000,1419,Other,Low,8,1,3,3
Paulo Sousa,2022,2022-06-05,48000,1420,Other,Low,11,2,6,6
ForaArthur,2022,2022-04-16,48000,1421,Other,Low,10,1,4,5
Mavs,2022,2022-05-23,48000,1422,Other,Low,4,1,5,0
TaylorSerrano,2022,2022-05-01,48000,1423,Entertainment,Low,13,1,5,6
DRPowerCouple,2022,2022-05-26,48000,1424,Politics,Low,13,1,5,3
SONG FOR ARMY,2022,2022-06-02,48000,1425,Other,Low,13,3,6,3
Jacques,2022,2022-07-06,48000,1426,Other,Low,7,1,7,2
WE LOVE YOU LOUIS,2022,2022-08-11,48000,1427,Other,Low,17,4,8,3
Nelson,2022,2022-08-15,48000,1428,Other,Low,6,1,8,0
USOpen,2022,2022-08-30,48000,1429,Other,Low,6,1,8,1
Martinelli,2022,2022-11-07,48000,1430,Other,Low,10,1,11,0
ฟิตติ้งเจ้าสาวในสายลม,2022,2022-11-24,48000,1431,Other,Low,21,1,11,3
كريستيانو_رونالدو,2022,2022-12-30,48000,1432,Other,Low,17,1,12,4
Brock,2022,2022-01-02,47000,1433,Other,Low,5,1,1,6
MUNWOL,2022,2022-01-03,47000,1434,Other,Low,6,1,1,0
WomensHistoryMonth,2022,2022-03-01,47000,1435,Other,Low,18,1,3,1
MehmetAkifErsoy,2022,2022-03-12,47000,1436,Technology,Low,15,1,3,5
luisa,2022,2022-03-13,47000,1437,Other,Low,5,1,3,6
evelyn hugo,2022,2022-03-24,47000,1438,Other,Low,11,2,3,3
それスノ,2022,2022-03-27,47000,1439,Other,Low,4,1,3,6
アイビスSD,2022,2022-07-31,47000,1440,Other,Low,6,1,7,6
JO1いつもありがとう,2022,2022-08-15,47000,1441,Other,Low,11,1,8,0
BharatJodoYatra,2022,2022-08-23,47000,1442,Other,Low,15,1,8,1
ايتام_خميس_مشيط,2022,2022-08-31,47000,1443,Other,Low,15,1,8,2
MasterChefBR,2022,2022-09-07,47000,1444,Other,Low,12,1,9,2
Cleveland,2022,2022-09-01,47000,1445,Other,Low,9,1,9,3
皆既月食,2022,2022-11-07,47000,1446,Other,Low,4,1,11,0
Lions,2022,2022-12-24,47000,1447,Other,Low,5,1,12,5
新年早々,2022,2022-12-31,47000,1448,Other,Low,4,1,12,5
カレーの日,2022,2022-01-22,46000,1449,Other,Low,5,1,1,5
Rigoberta,2022,2022-01-27,46000,1450,Other,Low,9,1,1,3
BURMUN,2022,2022-02-08,46000,1451,Other,Low,6,1,2,1
Gaviria,2022,2022-03-24,46000,1452,Other,Low,7,1,3,3
Bale,2022,2022-03-24,46000,1453,Other,Low,4,1,3,3
hyolyn,2022,2022-03-31,46000,1454,Other,Low,6,1,3,3
Celta,2022,2022-04-02,46000,1455,Other,Low,5,1,4,5
Kevin Samuels,2022,2022-05-06,46000,1456,Other,Low,13,2,5,4
howard,2022,2022-05-18,46000,1457,Politics,Low,6,1,5,2
cuentapublica2022,2022,2022-06-01,46000,1458,Other,Low,17,1,6,2
井上尚弥,2022,2022-06-07,46000,1459,Other,Low,4,1,6,1
Diddy,2022,2022-06-27,46000,1460,Other,Low,5,1,6,0
SS9inBKK,2022,2022-07-10,46000,1461,Other,Low,8,1,7,6
UFCVegas59,2022,2022-08-07,46000,1462,Sports,Low,10,1,8,6
Oregon,2022,2022-09-03,46000,1463,Other,Low,6,1,9,5
PERCY JACKSON,2022,2022-09-11,46000,1464,Other,Low,13,2,9,6
TAEYONG_FINE,2022,2022-11-11,46000,1465,Other,Low,12,1,11,4
الاتحاد_الشباب,2022,2022-12-22,46000,1466,Other,Low,14,1,12,3
mona,2022,2022-01-04,45000,1467,Other,Low,4,1,1,1
仮面ライダーリバイス,2022,2022-02-06,45000,1468,Other,Low,10,1,2,6
LIVARS,2022,2022-01-14,45000,1469,Other,Low,6,1,1,4
MOONBYUL_LUNATIC,2022,2022-01-19,45000,1470,Other,Low,16,1,1,2
Dennis,2022,2022-01-21,45000,1471,Other,Low,6,1,1,4
Mason Greenwood,2022,2022-01-30,45000,1472,Social,Low,15,2,1,6
InvestInYou,2022,2022-02-02,45000,1473,Other,Low,11,1,2,2
DOCNelleTueMani2,2022,2022-02-11,45000,1474,Other,Low,16,1,2,4
ウマ娘1周年,2022,2022-02-24,45000,1475,Other,Low,6,1,2,3
tina,2022,2022-03-13,45000,1476,Other,Low,4,1,3,6
ナンバMG5,2022,2022-05-11,45000,1477,Other,Low,6,1,5,2
Survivor,2022,2022-05-26,45000,1478,Social,Low,8,1,5,3
ZOUIS,2022,2022-06-11,45000,1479,Other,Low,5,1,6,5
UFCAustin,2022,2022-06-19,45000,1480,Sports,Low,9,1,6,6
投票は香典じゃない,2022,2022-07-09,45000,1481,Other,Low,9,1,7,5
الزمالك,2022,2022-07-21,45000,1482,Other,Low,7,1,7,3
あんスタ,2022,2022-08-06,45000,1483,Other,Low,4,1,8,5
Murillo Karam,2022,2022-08-20,45000,1484,Other,Low,13,2,8,5
Honduras,2022,2022-09-24,45000,1485,Other,Low,8,1,9,5
shane dawson,2022,2022-10-03,45000,1486,Other,Low,12,2,10,0
Endrick,2022,2022-10-26,45000,1487,Other,Low,7,1,10,2
GenshinSpecialProgram,2022,2022-11-23,45000,1488,Politics,Low,21,1,11,2
Bahamas,2022,2022-12-13,45000,1489,Other,Low,7,1,12,1
21 Aralık,2022,2022-12-21,45000,1490,Other,Low,9,2,12,2
天音かなた3周年LIVE,2022,2022-12-27,45000,1491,Other,Low,12,1,12,1
MacronDestitution,2022,2022-01-04,44000,1492,Politics,Low,17,1,1,1
SwamiVivekananda,2022,2022-01-12,44000,1493,Other,Low,16,1,1,2
Elche,2022,2022-01-20,44000,1494,Other,Low,5,1,1,3
Vini,2022,2022-02-04,44000,1495,Other,Low,4,1,2,4
Lukaku,2022,2022-02-05,44000,1496,Sports,Low,6,1,2,5
TaylorCatterall,2022,2022-02-27,44000,1497,Entertainment,Low,15,1,2,6
Diego Alves,2022,2022-02-27,44000,1498,Other,Low,11,2,2,6
芸能人格付けチェック,2022,2022-03-22,44000,1499,Other,Low,10,1,3,1
さくらの日,2022,2022-03-27,44000,1500,Other,Low,5,1,3,6
PiliPinasDebates2022,2022,2022-04-03,44000,1501,Politics,Low,20,1,4,6
Pelicans,2022,2022-04-16,44000,1502,Other,Low,8,1,4,5
ONEPIECE1015,2022,2022-04-24,44000,1503,Other,Low,12,1,4,6
Naomi,2022,2022-05-17,44000,1504,Other,Low,5,1,5,1
NASCAR,2022,2022-05-23,44000,1505,Sports,Low,6,1,5,0
KinnPorscheEP9,2022,2022-06-04,44000,1506,Other,Low,14,1,6,5
Powell,2022,2022-06-15,44000,1507,Other,Low,6,1,6,2
Guzmán,2022,2022-07-02,44000,1508,Other,Low,6,1,7,5
Gonzalo de la Carrera,2022,2022-08-31,44000,1509,Other,Low,21,4,8,2
Stadia,2022,2022-09-29,44000,1510,Other,Low,6,1,9,3
BHACHE,2022,2022-10-29,44000,1511,Other,Low,6,1,10,5
태용_파인_들을준비됐지,2022,2022-11-11,44000,1512,Other,Low,12,1,11,4
جده_الان,2022,2022-11-24,44000,1513,Other,Low,8,1,11,3
Grealish,2022,2022-12-29,44000,1514,Other,Low,8,1,12,3
ゼンカイジャー,2022,2022-01-09,43000,1515,Other,Low,7,1,1,6
GoHomeBurakElmas,2022,2022-01-13,43000,1516,Other,Low,16,1,1,3
InterMilan,2022,2022-02-05,43000,1517,Sports,Low,10,1,2,5
Kim Reynolds,2022,2022-03-02,43000,1518,Other,Low,12,2,3,2
TıpFakülteleriKapatılsın,2022,2022-03-19,43000,1519,Other,Low,24,1,3,5
Raptors,2022,2022-04-19,43000,1520,Other,Low,7,1,4,1
InvestInOurPlanet,2022,2022-04-22,43000,1521,Other,Low,17,1,4,4
زعاق_حايل,2022,2022-05-01,43000,1522,Other,Low,9,1,5,6
天皇賞春,2022,2022-05-01,43000,1523,Other,Low,4,1,5,6
ThomasCup,2022,2022-05-15,43000,1524,Other,Low,9,1,5,6
bbcqt,2022,2022-06-24,43000,1525,Other,Low,5,1,6,4
Ekin,2022,2022-06-27,43000,1526,Other,Low,4,1,6,0
Calleri,2022,2022-10-02,43000,1527,Other,Low,7,1,10,6
Cano,2022,2022-11-05,43000,1528,Other,Low,4,1,11,5
キングダム,2022,2022-07-15,43000,1529,Other,Low,5,1,7,4
Splatoon3,2022,2022-08-10,43000,1530,Other,Low,9,1,8,2
Hazard,2022,2022-09-06,43000,1531,Other,Low,6,1,9,1
Annie Ernaux,2022,2022-10-06,43000,1532,Other,Low,12,2,10,3
ありがとうダンカグ,2022,2022-10-28,43000,1533,Other,Low,9,1,10,4
Gil Manzano,2022,2022-11-09,43000,1534,Other,Low,11,2,11,2
Jack Smith,2022,2022-11-18,43000,1535,Other,Low,10,2,11,4
TXTat36thGoldenDiscAwards,2022,2022-01-08,42000,1536,Politics,Low,25,1,1,5
CINvsTEN,2022,2022-01-23,42000,1537,Other,Low,8,1,1,6
Joni Mitchell,2022,2022-01-29,42000,1538,Other,Low,13,2,1,5
크래비티_멤버폭로전,2022,2022-03-10,42000,1539,Other,Low,10,1,3,3
ChampionsLeague,2022,2022-04-26,42000,1540,Other,Low,15,1,4,1
RHOA,2022,2022-05-02,42000,1541,Other,Low,4,1,5,0
little freak,2022,2022-05-20,42000,1542,Other,Low,12,2,5,4
アーニャ,2022,2022-06-25,42000,1543,Other,Low,4,1,6,5
ZETA,2022,2022-06-26,42000,1544,Other,Low,4,1,6,6
夏のハガモバ,2022,2022-08-27,42000,1545,Other,Low,6,1,8,5
Luis Enrique,2022,2022-11-11,42000,1546,Other,Low,12,2,11,4
MissVenezuela2022,2022,2022-11-17,42000,1547,Politics,Low,17,1,11,3
TSvFB,2022,2022-12-24,42000,1548,Other,Low,5,1,12,5
BLEACH_anime,2022,2022-12-26,42000,1549,Entertainment,Low,12,1,12,0
WOLARS,2022,2022-02-10,41000,1550,Other,Low,6,1,2,3
imas_ml_8th_day1,2022,2022-02-12,41000,1551,Other,Low,16,1,2,5
SecretNoche7,2022,2022-02-27,41000,1552,Other,Low,12,1,2,6
Dummy,2022,2022-03-10,41000,1553,Other,Low,5,1,3,3
Abel,2022,2022-07-15,41000,1554,Other,Low,4,1,7,4
UnVeranoSinTi,2022,2022-05-06,41000,1555,Other,Low,13,1,5,4
TXT14thWin,2022,2022-05-20,41000,1556,Other,Low,10,1,5,4
Clemson,2022,2022-09-06,41000,1557,Other,Low,7,1,9,1
交通事故,2022,2022-10-19,41000,1558,Other,Low,4,1,10,2
Tini,2022,2022-11-26,41000,1559,Other,Low,4,1,11,5
ARGMEX,2022,2022-11-26,41000,1560,Other,Low,6,1,11,5
FatihTerim,2022,2022-01-10,40000,1561,Other,Low,10,1,1,0
妓夫太郎,2022,2022-01-16,40000,1562,Other,Low,4,1,1,6
バルバトス,2022,2022-01-18,40000,1563,Other,Low,5,1,1,1
マスターデュエル,2022,2022-01-19,40000,1564,Other,Low,8,1,1,2
ابو جبل,2022,2022-02-04,40000,1565,Other,Low,7,2,2,4
Monterrey,2022,2022-02-05,40000,1566,Other,Low,9,1,2,5
サブチャンネル,2022,2022-02-11,40000,1567,Other,Low,7,1,2,4
りくりゅう,2022,2022-02-19,40000,1568,Other,Low,5,1,2,5
Rashford,2022,2022-03-15,40000,1569,Other,Low,8,1,3,1
PAINT_THE_CROWN,2022,2022-04-07,40000,1570,Other,Low,15,1,4,3
NEWLIV,2022,2022-04-30,40000,1571,Other,Low,6,1,4,5
UFCVegas54,2022,2022-05-15,40000,1572,Sports,Low,10,1,5,6
Mick,2022,2022-06-19,40000,1573,Other,Low,4,1,6,6
WorldRefugeeDay,2022,2022-06-20,40000,1574,Politics,Low,15,1,6,0
エアシャカール,2022,2022-07-10,40000,1575,Other,Low,7,1,7,6
monkeypox,2022,2022-07-23,40000,1576,Other,Low,9,1,7,5
Vargas,2022,2022-08-11,40000,1577,Other,Low,6,1,8,3
StrayKids3BillionStreams,2022,2022-08-15,40000,1578,Entertainment,Low,24,1,8,0
Happy_2nd_ENniversary,2022,2022-11-29,40000,1579,Other,Low,21,1,11,1
UAAPCDC2022,2022,2022-12-10,40000,1580,Other,Low,11,1,12,5
シャニマスリプパ,2022,2022-01-08,39000,1581,Other,Low,8,1,1,5
Pekerman,2022,2022-01-29,39000,1582,Other,Low,8,1,1,5
Pogba,2022,2022-02-04,39000,1583,Other,Low,5,1,2,4
DCU,2022,2022-03-20,39000,1584,Other,Low,3,1,3,6
sahur,2022,2022-04-02,39000,1585,Other,Low,5,1,4,5
Fernandinho,2022,2022-04-26,39000,1586,Other,Low,11,1,4,1
Casero,2022,2022-05-07,39000,1587,Other,Low,6,1,5,5
brandedlikes,2022,2022-07-01,39000,1588,Other,Low,12,1,7,4
PresidentialDebate2022,2022,2022-07-26,39000,1589,Politics,Low,22,1,7,1
SemifinalLaAcademia,2022,2022-08-07,39000,1590,Other,Low,19,1,8,6
हिंदी_दिवस,2022,2022-09-14,39000,1591,Other,Low,10,1,9,2
初恋の悪魔,2022,2022-09-24,39000,1592,Other,Low,5,1,9,5
酒のツマミになる話,2022,2022-10-07,39000,1593,Other,Low,9,1,10,4
PerempuanDesa,2022,2022-10-15,39000,1594,Other,Low,13,1,10,5
Koo App,2022,2022-11-18,39000,1595,Other,Low,7,2,11,4
LaIslaDeLasTentaciones10,2022,2022-11-25,39000,1596,Other,Low,24,1,11,4
엔하이픈_데뷔2주년_축하해,2022,2022-11-29,39000,1597,Other,Low,14,1,11,1
엔진_엔하이픈_커넥2주년,2022,2022-11-29,39000,1598,Other,Low,13,1,11,1
해피뉴이어,2022,2022-12-31,39000,1599,Other,Low,5,1,12,5
TeamComoros,2022,2022-01-24,38000,1600,Other,Low,11,1,1,0
VamosRafa,2022,2022-01-30,38000,1601,Other,Low,9,1,1,6
TheBookOfBobaFett,2022,2022-02-02,38000,1602,Other,Low,17,1,2,2
Petrópolis,2022,2022-02-16,38000,1603,Other,Low,10,1,2,2
Betis,2022,2022-03-03,38000,1604,Other,Low,5,1,3,3
UFCVegas50,2022,2022-03-13,38000,1605,Sports,Low,10,1,3,6
MUNATL,2022,2022-03-15,38000,1606,Other,Low,6,1,3,1
U149アニメ化,2022,2022-04-03,38000,1607,Other,Low,8,1,4,6
シャブ漬け戦略,2022,2022-04-18,38000,1608,Other,Low,7,1,4,0
深澤辰哉誕生祭,2022,2022-05-04,38000,1609,Other,Low,7,1,5,2
BuddhaPurnima,2022,2022-05-16,38000,1610,Other,Low,13,1,5,0
渡邉理佐卒業コンサート_Day1,2022,2022-05-21,38000,1611,Other,Low,16,1,5,5
HBDtoSHOWNU,2022,2022-06-17,38000,1612,Other,Low,11,1,6,4
au回線,2022,2022-07-02,38000,1613,Other,Low,4,1,7,5
温帯低気圧,2022,2022-07-05,38000,1614,Other,Low,5,1,7,1
Cruz Azul,2022,2022-08-21,38000,1615,Other,Low,9,2,8,6
7desetembro,2022,2022-09-07,38000,1616,Other,Low,11,1,9,2
Sheryl Lee Ralph,2022,2022-09-13,38000,1617,Other,Low,16,3,9,1
ProvaDoFazendeiro,2022,2022-11-17,38000,1618,Other,Low,17,1,11,3
kpss2022iptaledilsin,2022,2022-09-20,38000,1619,Other,Low,20,1,9,1
dreamspace,2022,2022-09-29,38000,1620,Other,Low,10,1,9,3
Astros,2022,2022-10-16,38000,1621,Other,Low,6,1,10,6
Sevilla,2022,2022-10-18,38000,1622,Other,Low,7,1,10,1
HÜDAPAR10Yaşında,2022,2022-12-19,38000,1623,Other,Low,16,1,12,0
Lee Jong Suk,2022,2022-12-31,38000,1624,Other,Low,12,3,12,5
シンデレラ10周年_トロピカルday1,2022,2022-01-29,37000,1625,Other,Low,19,1,1,5
Vanilla,2022,2022-02-11,37000,1626,Other,Low,7,1,2,4
IPLMegaAuction2022,2022,2022-02-12,37000,1627,Other,Low,18,1,2,5
Liniker,2022,2022-03-13,37000,1628,Other,Low,7,1,3,6
instagramdown,2022,2022-07-14,37000,1629,Other,Low,13,1,7,3
WakandaForever,2022,2022-07-24,37000,1630,Other,Low,14,1,7,6
_WORLD1stWin,2022,2022-07-27,37000,1631,Other,Low,12,1,7,2
AlemDaIlusao,2022,2022-08-20,37000,1632,Other,Low,12,1,8,5
あなたがアイドル化した時の担当カラー,2022,2022-08-22,37000,1633,Other,Low,18,1,8,0
Diggs,2022,2022-09-09,37000,1634,Other,Low,5,1,9,4
SLvsPAK,2022,2022-09-11,37000,1635,Other,Low,7,1,9,6
SalarioRosaParaAmasDeCasa,2022,2022-10-18,37000,1636,Other,Low,25,1,10,1
BejeweledMusicVideo,2022,2022-10-25,37000,1637,Entertainment,Low,19,1,10,1
Conte,2022,2022-11-01,37000,1638,Other,Low,5,1,11,1
4EVEThe1stConcert,2022,2022-11-12,37000,1639,Entertainment,Low,17,1,11,5
RIZIN40,2022,2022-12-31,37000,1640,Other,Low,7,1,12,5
HereWeGo,2022,2022-01-04,36000,1641,Other,Low,8,1,1,1
Isco,2022,2022-01-20,36000,1642,Other,Low,4,1,1,3
マチタン,2022,2022-02-22,36000,1643,Other,Low,4,1,2,1
素のまんま,2022,2022-03-10,36000,1644,Other,Low,5,1,3,3
النصر_الفيحاء,2022,2022-03-17,36000,1645,Sports,Low,13,1,3,3
PACAMPEAO,2022,2022-04-25,36000,1646,Other,Low,9,1,4,0
ASTRO_CandySugarPop,2022,2022-05-16,36000,1647,Other,Low,19,1,5,0
サークルオブライフ,2022,2022-05-22,36000,1648,Other,Low,9,1,5,6
RIPKK,2022,2022-05-31,36000,1649,Other,Low,5,1,5,1
InternationalYogaDay,2022,2022-06-21,36000,1650,Other,Low,20,1,6,1
Wimbledon,2022,2022-06-27,36000,1651,Other,Low,9,1,6,0
来栖夏芽3D,2022,2022-07-15,36000,1652,Other,Low,6,1,7,4
JO1が元気になりますように,2022,2022-08-15,36000,1653,Other,Low,14,1,8,0
Rockhold,2022,2022-08-21,36000,1654,Other,Low,8,1,8,6
あなたの担当カラー,2022,2022-08-22,36000,1655,Other,Low,9,1,8,0
MARK LEE,2022,2022-10-12,36000,1656,Other,Low,8,2,10,2
シャニマス生配信,2022,2022-10-24,36000,1657,Other,Low,8,1,10,0
BORNPINKJakarta,2022,2022-11-15,36000,1658,Other,Low,15,1,11,1
deGrom,2022,2022-12-03,36000,1659,Other,Low,6,1,12,5
Stetson Bennett,2022,2022-01-11,35000,1660,Other,Low,15,2,1,1
Jordi Alba,2022,2022-01-21,35000,1661,Other,Low,10,2,1,4
RegaipKandili,2022,2022-02-03,35000,1662,Other,Low,13,1,2,3
キタちゃん,2022,2022-02-22,35000,1663,Other,Low,5,1,2,1
René,2022,2022-03-04,35000,1664,Other,Low,4,1,3,4
ラブライブANN,2022,2022-03-25,35000,1665,Other,Low,8,1,3,4
bitcoinplease,2022,2022-03-25,35000,1666,Technology,Low,13,1,3,4
SupercardOfHonor,2022,2022-04-02,35000,1667,Other,Low,16,1,4,5
선우생일_베리축하해,2022,2022-04-11,35000,1668,Other,Low,10,1,4,0
THEDANCEDAY,2022,2022-05-18,35000,1669,Other,Low,11,1,5,2
Jimbo,2022,2022-05-19,35000,1670,Other,Low,5,1,5,3
cooper,2022,2022-06-10,35000,1671,Other,Low,6,1,6,4
ノエルのリリカルLIVE,2022,2022-06-25,35000,1672,Other,Low,12,1,6,5
石子と羽男,2022,2022-09-16,35000,1673,Other,Low,5,1,9,4
Candyครับกลัฟเข้ามอ,2022,2022-07-17,35000,1674,Other,Low,19,1,7,6
CAFAwards2022,2022,2022-07-21,35000,1675,Politics,Low,13,1,7,3
LaAcademiaFinalistas,2022,2022-08-08,35000,1676,Other,Low,20,1,8,0
純愛ディソナンス,2022,2022-08-11,35000,1677,Other,Low,8,1,8,3
MasterChefCelebrity,2022,2022-08-22,35000,1678,Entertainment,Low,19,1,8,0
LIVBOU,2022,2022-08-27,35000,1679,Other,Low,6,1,8,5
MoonaHoshinova3D,2022,2022-09-16,35000,1680,Other,Low,16,1,9,4
Jimmy G,2022,2022-09-26,35000,1681,Other,Low,7,2,9,0
ไม่ได้ชอบทะเลแต่พี่ชอบเธอ,2022,2022-10-03,35000,1682,Other,Low,25,1,10,0
紙ストロー,2022,2022-10-04,35000,1683,Other,Low,5,1,10,1
ハニーミルク,2022,2022-10-08,35000,1684,Other,Low,6,1,10,5
NEDUSA,2022,2022-12-03,35000,1685,Other,Low,6,1,12,5
TwitchRecap,2022,2022-12-13,35000,1686,Other,Low,11,1,12,1
TheApprentice,2022,2022-01-07,34000,1687,Other,Low,13,1,1,4
TXT OUR GOLDEN STAR,2022,2022-01-08,34000,1688,Other,Low,19,4,1,5
FatihTerimDontLeaveUs,2022,2022-01-13,34000,1689,Other,Low,21,1,1,3
GÖZvGS,2022,2022-02-21,34000,1690,Other,Low,6,1,2,0
worldwar3,2022,2022-02-24,34000,1691,Politics,Low,9,1,2,3
Arão,2022,2022-06-05,34000,1692,Other,Low,4,1,6,6
forascooby,2022,2022-04-20,34000,1693,Other,Low,10,1,4,2
25Aprile,2022,2022-04-25,34000,1694,Other,Low,8,1,4,0
Marcus Smart,2022,2022-05-12,34000,1695,Other,Low,12,2,5,3
LeniKikoPasasalamat,2022,2022-05-13,34000,1696,Other,Low,19,1,5,4
パーマー,2022,2022-05-19,34000,1697,Other,Low,4,1,5,3
كلاسيكو_السعوديه,2022,2022-05-23,34000,1698,Other,Low,16,1,5,0
LOONA_BUTTERFLY_EFFECT,2022,2022-05-26,34000,1699,Other,Low,22,1,5,3
CashAppFriday,2022,2022-06-04,34000,1700,Other,Low,13,1,6,5
هزه_ارضيه,2022,2022-06-04,34000,1701,Other,Low,9,1,6,5
Karmaland,2022,2022-06-29,34000,1702,Other,Low,9,1,6,2
Tobar,2022,2022-07-07,34000,1703,Other,Low,5,1,7,3
Ryan Garcia,2022,2022-07-17,34000,1704,Politics,Low,11,2,7,6
BlokirKominfo,2022,2022-07-30,34000,1705,Other,Low,13,1,7,5
Lulinha,2022,2022-08-26,34000,1706,Other,Low,7,1,8,4
QATSEN,2022,2022-11-25,34000,1707,Other,Low,6,1,11,4
Darren,2022,2022-12-11,34000,1708,Other,Low,6,1,12,6
YeniYılYeniKitap,2022,2022-01-02,33000,1709,Other,Low,16,1,1,6
Aぇヤンタン,2022,2022-09-07,33000,1710,Other,Low,6,1,9,2
Linares,2022,2022-01-05,33000,1711,Other,Low,7,1,1,2
金スマ,2022,2022-12-09,33000,1712,Other,Low,3,1,12,4
ラヴィット,2022,2022-11-01,33000,1713,Other,Low,5,1,11,1
KTH1 IS COMING,2022,2022-03-16,33000,1714,Other,Low,14,3,3,2
JourneyForSoil,2022,2022-03-21,33000,1715,Other,Low,14,1,3,0
WeGoUp,2022,2022-03-25,33000,1716,Other,Low,6,1,3,4
正直不動産,2022,2022-04-05,33000,1717,Other,Low,5,1,4,1
Minnesota,2022,2022-04-30,33000,1718,Other,Low,9,1,4,5
ज्ञानवापी_मंदिर,2022,2022-05-16,33000,1719,Other,Low,15,1,5,0
ThisIsUs,2022,2022-05-18,33000,1720,Other,Low,8,1,5,2
Jaylen Brown,2022,2022-05-26,33000,1721,Other,Low,12,2,5,3
ユウタ初東京観光,2022,2022-06-02,33000,1722,Other,Low,8,1,6,3
LaAcademiaTop10,2022,2022-07-17,33000,1723,Other,Low,15,1,7,6
Borja,2022,2022-07-24,33000,1724,Other,Low,5,1,7,6
プーリン,2022,2022-08-10,33000,1725,Other,Low,4,1,8,2
Aldo,2022,2022-08-21,33000,1726,Other,Low,4,1,8,6
Knicks,2022,2022-09-01,33000,1727,Other,Low,6,1,9,3
Igor Gomes,2022,2022-09-02,33000,1728,Other,Low,10,2,9,4
App State,2022,2022-09-11,33000,1729,Technology,Low,9,2,9,6
赤ナス,2022,2022-09-26,33000,1730,Other,Low,3,1,9,0
LEEARS,2022,2022-10-16,33000,1731,Other,Low,6,1,10,6
PAKvsNED,2022,2022-10-30,33000,1732,Other,Low,8,1,10,6
CashAppPresents,2022,2022-12-21,33000,1733,Other,Low,15,1,12,2
リアル野球BAN,2022,2022-01-02,32000,1734,Other,Low,8,1,1,6
ليله_المعازيم,2022,2022-01-20,32000,1735,Other,Low,13,1,1,3
SquidCraftGames,2022,2022-01-24,32000,1736,Other,Low,15,1,1,0
GetWellSoonYoshi,2022,2022-01-25,32000,1737,Other,Low,16,1,1,1
TentacionesDBT12,2022,2022-01-26,32000,1738,Other,Low,16,1,1,2
鉄腕DASH,2022,2022-12-04,32000,1739,Other,Low,6,1,12,6
Crylix,2022,2022-04-28,32000,1740,Other,Low,6,1,4,3
CincodeMayo,2022,2022-05-05,32000,1741,Other,Low,11,1,5,3
INDvSA,2022,2022-06-17,32000,1742,Other,Low,6,1,6,4
UFCVegas58,2022,2022-07-10,32000,1743,Sports,Low,10,1,7,6
WKEYAKIFES2022_DAY3,2022,2022-07-23,32000,1744,Other,Low,19,1,7,5
Foreignfundingcase,2022,2022-08-02,32000,1745,Other,Low,18,1,8,1
モバマス,2022,2022-08-08,32000,1746,Other,Low,4,1,8,0
突然ですが占ってもいいですか,2022,2022-08-15,32000,1747,Other,Low,14,1,8,0
Rosario Robles,2022,2022-08-20,32000,1748,Other,Low,14,2,8,5
WHISPER1stWin,2022,2022-08-26,32000,1749,Other,Low,13,1,8,4
Tekken 8,2022,2022-09-14,32000,1750,Other,Low,8,2,9,2
BadToMe,2022,2022-09-14,32000,1751,Other,Low,7,1,9,2
Logan,2022,2022-09-28,32000,1752,Other,Low,5,1,9,2
Grazi,2022,2022-10-11,32000,1753,Other,Low,5,1,10,1
Antony,2022,2022-10-19,32000,1754,Other,Low,6,1,10,2
Roquan,2022,2022-10-31,32000,1755,Other,Low,6,1,10,0
ウインマリリン,2022,2022-12-11,32000,1756,Other,Low,7,1,12,6
MoroccoVsFrance,2022,2022-12-14,32000,1757,Other,Low,15,1,12,2
RoseBowl,2022,2022-01-02,31000,1758,Other,Low,8,1,1,6
マイクラholoX初観光,2022,2022-01-05,31000,1759,Other,Low,12,1,1,2
無料10連,2022,2022-02-24,31000,1760,Other,Low,5,1,2,3
TCMSFinal,2022,2022-03-05,31000,1761,Other,Low,9,1,3,5
Lampard,2022,2022-03-08,31000,1762,Other,Low,7,1,3,1
NICKICARPOOL,2022,2022-04-07,31000,1763,Other,Low,12,1,4,3
インビジブル,2022,2022-04-15,31000,1764,Other,Low,6,1,4,4
Depeche Mode,2022,2022-05-26,31000,1765,Other,Low,12,2,5,3
AZKi生誕祭2022,2022,2022-07-03,31000,1766,Other,Low,11,1,7,6
Sterling,2022,2022-07-29,31000,1767,Other,Low,8,1,7,4
Brian Kelly,2022,2022-09-05,31000,1768,Other,Low,11,2,9,0
Fernanda,2022,2022-09-07,31000,1769,Entertainment,Low,8,1,9,2
Jessie J,2022,2022-09-09,31000,1770,Other,Low,8,2,9,4
アトムの童,2022,2022-10-16,31000,1771,Other,Low,5,1,10,6
冒険少年,2022,2022-10-24,31000,1772,Other,Low,4,1,10,0
Pachuca,2022,2022-10-31,31000,1773,Other,Low,7,1,10,0
NumaniceNoMultishow,2022,2022-11-13,31000,1774,Other,Low,19,1,11,6
우요생일_우영이_없으면_어찌살어,2022,2022-11-25,31000,1775,Other,Low,17,1,11,4
リバティアイランド,2022,2022-12-11,31000,1776,Other,Low,9,1,12,6
ジャンボリミッキー,2022,2022-12-21,31000,1777,Other,Low,9,1,12,2
RishabhPant,2022,2022-12-30,31000,1778,Other,Low,11,1,12,4
SomosTodosBarbara,2022,2022-01-07,30000,1779,Other,Low,17,1,1,4
Mステ最強ソング,2022,2022-01-14,30000,1780,Other,Low,8,1,1,4
PowerGhost,2022,2022-01-30,30000,1781,Other,Low,10,1,1,6
J Balvin,2022,2022-03-03,30000,1782,Other,Low,8,2,3,3
マーリン,2022,2022-03-12,30000,1783,Other,Low,4,1,3,5
RIPScottHall,2022,2022-03-15,30000,1784,Other,Low,12,1,3,1
渡邉美穂,2022,2022-04-03,30000,1785,Other,Low,4,1,4,6
The Weeknd,2022,2022-04-18,30000,1786,Entertainment,Low,10,2,4,0
十万円でできるかな,2022,2022-04-18,30000,1787,Other,Low,9,1,4,0
Juma,2022,2022-05-06,30000,1788,Other,Low,4,1,5,4
ジャニーズWEST虹会,2022,2022-04-23,30000,1789,Other,Low,11,1,4,5
Rony,2022,2022-04-28,30000,1790,Other,Low,4,1,4,3
AJ Brown,2022,2022-04-29,30000,1791,Other,Low,8,2,4,4
MissUniversePhilippines2022,2022,2022-04-30,30000,1792,Other,Low,27,1,4,5
1Mayıs,2022,2022-05-01,30000,1793,Other,Low,6,1,5,6
MissPeru2022,2022,2022-06-15,30000,1794,Other,Low,12,1,6,2
Paige,2022,2022-07-06,30000,1795,Other,Low,5,1,7,2
Dr. Fauci,2022,2022-08-22,30000,1796,Other,Low,9,2,8,0
SELENA CALM DOWN,2022,2022-08-25,30000,1797,Entertainment,Low,16,3,8,3
kpss2022,2022,2022-09-18,30000,1798,Other,Low,8,1,9,6
THE夜会,2022,2022-09-22,30000,1799,Other,Low,5,1,9,3
HERO初披露_INI,2022,2022-10-03,30000,1800,Other,Low,11,1,10,0
LMD5,2022,2022-12-14,30000,1801,Other,Low,4,1,12,2
SKOL,2022,2022-11-13,30000,1802,Other,Low,4,1,11,6
Bucs,2022,2022-12-06,30000,1803,Other,Low,4,1,12,1
ishankishan,2022,2022-12-10,30000,1804,Other,Low,11,1,12,5
UntilWeMeetAgainJin,2022,2022-12-13,30000,1805,Other,Low,19,1,12,1
MelhoresDoAno,2022,2022-12-25,30000,1806,Other,Low,13,1,12,6
Coachella,2022,2022-01-12,29000,1807,Other,Low,9,1,1,2
NTVErdoğanaSor,2022,2022-01-26,29000,1808,Other,Low,14,1,1,2
PMQs,2022,2022-02-02,29000,1809,Other,Low,4,1,2,2
まつもtoなかい,2022,2022-02-19,29000,1810,Other,Low,8,1,2,5
UFCVegas49,2022,2022-02-27,29000,1811,Sports,Low,10,1,2,6
EVENEW,2022,2022-03-17,29000,1812,Other,Low,6,1,3,3
スポダン,2022,2022-03-22,29000,1813,Other,Low,4,1,3,1
Otávio,2022,2022-03-24,29000,1814,Other,Low,6,1,3,3
shawn,2022,2022-04-20,29000,1815,Other,Low,5,1,4,2
UFCVegas57,2022,2022-06-26,29000,1816,Sports,Low,10,1,6,6
Silvina Batakis,2022,2022-07-04,29000,1817,Other,Low,15,2,7,0
ガルステ,2022,2022-07-28,29000,1818,Other,Low,4,1,7,3
UFCSanDiego,2022,2022-08-14,29000,1819,Sports,Low,11,1,8,6
魔法のリノベ,2022,2022-08-15,29000,1820,Other,Low,6,1,8,0
Chet,2022,2022-08-25,29000,1821,Other,Low,4,1,8,3
JUSTIN WYAT ConceptPhoto,2022,2022-08-28,29000,1822,Other,Low,24,3,8,6
数量限定,2022,2022-09-03,29000,1823,Other,Low,4,1,9,5
Sainz,2022,2022-09-04,29000,1824,Other,Low,5,1,9,6
AllRise,2022,2022-10-05,29000,1825,Other,Low,7,1,10,2
HalloweenHavoc,2022,2022-10-23,29000,1826,Holiday,Low,14,1,10,6
LoveisBlindS3,2022,2022-11-10,29000,1827,Other,Low,13,1,11,3
NMA2022,2022,2022-11-18,29000,1828,Other,Low,7,1,11,4
RIP Twitch,2022,2022-12-14,29000,1829,Social,Low,10,2,12,2
HER ŞEY ÇOK GÜZEL OLACAK,2022,2022-12-14,29000,1830,Other,Low,24,5,12,2
満開の想花,2022,2022-12-19,29000,1831,Other,Low,5,1,12,0
ニシノデイジー,2022,2022-12-24,29000,1832,Other,Low,7,1,12,5
Erdoğanasözveriyoruz,2022,2022-01-05,28000,1833,Other,Low,20,1,1,2
Watford,2022,2022-01-21,28000,1834,Other,Low,7,1,1,4
Equador,2022,2022-01-28,28000,1835,Other,Low,7,1,1,4
Sancho,2022,2022-09-15,28000,1836,Other,Low,6,1,9,3
なにわ男子ANNP,2022,2022-03-26,28000,1837,Other,Low,9,1,3,5
ヒロミさん,2022,2022-02-06,28000,1838,Other,Low,5,1,2,6
0X1LOVESONG,2022,2022-02-09,28000,1839,Other,Low,11,1,2,2
ミラクル9,2022,2022-03-23,28000,1840,Other,Low,5,1,3,2
GasCash,2022,2022-03-25,28000,1841,Other,Low,7,1,3,4
Triple H,2022,2022-03-25,28000,1842,Other,Low,8,2,3,4
مكافاه_مصرف_الراجحي,2022,2022-04-09,28000,1843,Other,Low,19,1,4,5
DeRozan,2022,2022-04-21,28000,1844,Other,Low,7,1,4,3
フローラS,2022,2022-04-24,28000,1845,Other,Low,5,1,4,6
竜ちゃん,2022,2022-05-11,28000,1846,Other,Low,4,1,5,2
سالم,2022,2022-05-23,28000,1847,Other,Low,4,1,5,0
Sandy Hook,2022,2022-05-24,28000,1848,Other,Low,10,2,5,1
Andy Fletcher,2022,2022-05-26,28000,1849,Other,Low,13,2,5,3
やんごとなき一族,2022,2022-06-30,28000,1850,Other,Low,8,1,6,3
マイ数珠,2022,2022-07-13,28000,1851,Other,Low,4,1,7,2
なにわ男子とLoveSummer,2022,2022-08-18,28000,1852,Other,Low,16,1,8,3
WESTube生配信,2022,2022-08-18,28000,1853,Other,Low,10,1,8,3
chatwithmark,2022,2022-08-19,28000,1854,Other,Low,12,1,8,4
CASE143_3rdWin,2022,2022-10-14,28000,1855,Other,Low,14,1,10,4
東京ドーム,2022,2022-12-05,28000,1856,Other,Low,5,1,12,0
THE_W,2022,2022-12-10,28000,1857,Other,Low,5,1,12,5
silent再放送プレゼント,2022,2022-12-26,28000,1858,Other,Low,14,1,12,0
LaIslaDeLasTentaciones9,2022,2022-01-04,27000,1859,Other,Low,23,1,1,1
Lance Stephenson,2022,2022-01-06,27000,1860,Other,Low,16,2,1,3
Norwich,2022,2022-01-21,27000,1861,Other,Low,7,1,1,4
Big Papi,2022,2022-01-26,27000,1862,Other,Low,8,2,1,2
GetwellsoonMEW,2022,2022-02-01,27000,1863,Other,Low,14,1,2,1
AEWRampage,2022,2022-06-04,27000,1864,Other,Low,10,1,6,5
AliKocBırakGit,2022,2022-02-08,27000,1865,Other,Low,14,1,2,1
Aaron Rodgers,2022,2022-02-22,27000,1866,Other,Low,13,2,2,1
CNNPHVPDebate,2022,2022-02-26,27000,1867,Politics,Low,13,1,2,5
Coach K,2022,2022-03-06,27000,1868,Other,Low,7,2,3,6
CashApp99Off,2022,2022-03-25,27000,1869,Other,Low,12,1,3,4
세훈이의_29번째_봄바람,2022,2022-04-11,27000,1870,Other,Low,13,1,4,0
봄의_꽃말은_세훈,2022,2022-04-11,27000,1871,Other,Low,9,1,4,0
緊急地震速報,2022,2022-05-22,27000,1872,Other,Low,6,1,5,6
サウンドビバーチェ,2022,2022-05-22,27000,1873,Other,Low,9,1,5,6
Christian Bale,2022,2022-05-24,27000,1874,Other,Low,14,2,5,1
Joanna,2022,2022-06-12,27000,1875,Other,Low,6,1,6,6
Ryan Gosling,2022,2022-06-15,27000,1876,Other,Low,12,2,6,2
ElHotelDeLosFamosos,2022,2022-06-21,27000,1877,Other,Low,19,1,6,1
POP1stWin,2022,2022-07-10,27000,1878,Other,Low,9,1,7,6
Nayeon1stWin,2022,2022-07-10,27000,1879,Other,Low,12,1,7,6
SalarioRosaEdomex,2022,2022-07-26,27000,1880,Other,Low,17,1,7,1
デレステ,2022,2022-08-08,27000,1881,Other,Low,4,1,8,0
武内くん,2022,2022-09-05,27000,1882,Other,Low,4,1,9,0
2Baddies_MVTeaser,2022,2022-09-13,27000,1883,Other,Low,17,1,9,1
あさイチ,2022,2022-10-05,27000,1884,Other,Low,4,1,10,2
24KasımÖğretmenlerGünü,2022,2022-11-24,27000,1885,Other,Low,22,1,11,3
ビッグラン,2022,2022-12-10,27000,1886,Other,Low,5,1,12,5
エースバーン,2022,2022-12-19,27000,1887,Other,Low,6,1,12,0
Feriado Nacional,2022,2022-12-19,27000,1888,Other,Low,16,2,12,0
設営完了,2022,2022-12-30,27000,1889,Other,Low,4,1,12,4
Liella_東京追加_Day2,2022,2022-01-16,26000,1890,Other,Low,16,1,1,6
Blazers,2022,2022-02-04,26000,1891,Other,Low,7,1,2,4
QuantoMaisVidaMelhor,2022,2022-03-01,26000,1892,Other,Low,20,1,3,1
SENEGY,2022,2022-03-29,26000,1893,Other,Low,6,1,3,1
Barco,2022,2022-04-28,26000,1894,Other,Low,5,1,4,3
ThisLoveTaylorVersion,2022,2022-05-06,26000,1895,Entertainment,Low,21,1,5,4
CandySugarPop4thWin,2022,2022-05-27,26000,1896,Other,Low,19,1,5,4
FortniteCollision,2022,2022-06-04,26000,1897,Other,Low,17,1,6,5
シャア専用マクドナルド出る,2022,2022-06-15,26000,1898,Other,Low,13,1,6,2
الدوري_السعودي,2022,2022-06-27,26000,1899,Other,Low,14,1,6,0
ちいかわか米津玄師,2022,2022-07-12,26000,1900,Other,Low,9,1,7,1
合同ライブ,2022,2022-07-26,26000,1901,Other,Low,5,1,7,1
GERFRA,2022,2022-07-28,26000,1902,Other,Low,6,1,7,3
Casemiro,2022,2022-08-10,26000,1903,Other,Low,8,1,8,2
ボーイフレンド降臨,2022,2022-08-20,26000,1904,Other,Low,9,1,8,5
Gamescom,2022,2022-08-23,26000,1905,Other,Low,8,1,8,1
Venue101,2022,2022-09-17,26000,1906,Other,Low,8,1,9,5
監察医朝顔,2022,2022-09-26,26000,1907,Other,Low,5,1,9,0
Daniel Jones,2022,2022-09-27,26000,1908,Other,Low,12,2,9,1
Ifeanyi,2022,2022-10-31,26000,1909,Other,Low,7,1,10,0
Powerball,2022,2022-11-08,26000,1910,Other,Low,9,1,11,1
earthquake,2022,2022-11-09,26000,1911,Social,Low,10,1,11,2
舞いあがれ,2022,2022-11-09,26000,1912,Other,Low,5,1,11,2
GBP2022,2022,2022-11-12,26000,1913,Other,Low,7,1,11,5
Pro Bowl,2022,2022-12-22,26000,1914,Other,Low,8,2,12,3
Burnley,2022,2022-04-21,25000,1915,Other,Low,7,1,4,3
HappyBirthdayZayn,2022,2022-01-12,25000,1916,Other,Low,17,1,1,2
LOrealGlycolicXOhmNanon,2022,2022-01-18,25000,1917,Other,Low,23,1,1,1
煉獄さん,2022,2022-01-23,25000,1918,Other,Low,4,1,1,6
沙羅ちゃん,2022,2022-02-07,25000,1919,Other,Low,5,1,2,0
우리나라,2022,2022-02-07,25000,1920,Other,Low,4,1,2,0
brits2022,2022,2022-02-08,25000,1921,Other,Low,9,1,2,1
Abba Kyari,2022,2022-02-14,25000,1922,Other,Low,10,2,2,0
SnowfallFX,2022,2022-02-24,25000,1923,Other,Low,10,1,2,3
ステイシー,2022,2022-02-27,25000,1924,Other,Low,5,1,2,6
関ジャニクロニクルF,2022,2022-03-21,25000,1925,Other,Low,10,1,3,0
GoodFriday,2022,2022-04-15,25000,1926,Other,Low,10,1,4,4
Arda,2022,2022-04-16,25000,1927,Other,Low,4,1,4,5
Roger Guedes,2022,2022-04-17,25000,1928,Other,Low,12,2,4,6
Neal Adams,2022,2022-04-29,25000,1929,Other,Low,10,2,4,4
Bauer,2022,2022-04-29,25000,1930,Other,Low,5,1,4,4
刀ミュ無料配信,2022,2022-05-02,25000,1931,Other,Low,7,1,5,0
TayoAngLiwanag,2022,2022-05-13,25000,1932,Other,Low,14,1,5,4
NFFC,2022,2022-05-17,25000,1933,Other,Low,4,1,5,1
花丸特番配信中,2022,2022-06-30,25000,1934,Other,Low,7,1,6,3
JoshCullen,2022,2022-07-09,25000,1935,Other,Low,10,1,7,5
大谷翔平,2022,2022-08-10,25000,1936,Other,Low,4,1,8,2
ガレスちゃん,2022,2022-08-10,25000,1937,Other,Low,6,1,8,2
てつや結婚,2022,2022-08-16,25000,1938,Other,Low,5,1,8,1
ADSvGS,2022,2022-10-01,25000,1939,Other,Low,6,1,10,5
THELINKTourJakarta,2022,2022-10-03,25000,1940,Entertainment,Low,18,1,10,0
リキキリン,2022,2022-10-06,25000,1941,Other,Low,5,1,10,3
引き分け,2022,2022-10-23,25000,1942,Other,Low,4,1,10,6
PlayStationPGW,2022,2022-11-02,25000,1943,Technology,Low,14,1,11,2
LateLateToyShow,2022,2022-11-25,25000,1944,Other,Low,15,1,11,4
silentラストエピソード,2022,2022-12-19,25000,1945,Other,Low,14,1,12,0
原神祝福おみくじ,2022,2022-12-30,25000,1946,Other,Low,8,1,12,4
Najee,2022,2022-01-04,24000,1947,Other,Low,5,1,1,1
Malik Monk,2022,2022-01-08,24000,1948,Other,Low,10,2,1,5
トリスタ,2022,2022-01-10,24000,1949,Other,Low,4,1,1,0
Jagger,2022,2022-01-17,24000,1950,Other,Low,6,1,1,0
ウルフムーン,2022,2022-01-18,24000,1951,Other,Low,6,1,1,1
呪術廻戦ファンパレ公式放送,2022,2022-03-07,24000,1952,Other,Low,13,1,3,0
PORTUR,2022,2022-03-24,24000,1953,Other,Low,6,1,3,3
LongLiveMonteroTour,2022,2022-04-27,24000,1954,Entertainment,Low,19,1,4,2
LINEMUSICでBEFIRST,2022,2022-05-15,24000,1955,Entertainment,Low,17,1,5,6
EuropaLeagueFinal,2022,2022-05-19,24000,1956,Other,Low,17,1,5,3
KingandPrinceガキキタイ2,2022,2022-05-20,24000,1957,Other,Low,19,1,5,4
Lowry,2022,2022-05-26,24000,1958,Other,Low,5,1,5,3
Shakira,2022,2022-06-01,24000,1959,Other,Low,7,1,6,2
ENGHUN,2022,2022-06-14,24000,1960,Other,Low,6,1,6,1
Fabio Vieira,2022,2022-06-16,24000,1961,Other,Low,12,2,6,3
オールドルーキー,2022,2022-07-03,24000,1962,Other,Low,8,1,7,6
Lea Michele,2022,2022-07-11,24000,1963,Other,Low,11,2,7,0
BBNaijaLevelUp,2022,2022-07-24,24000,1964,Other,Low,14,1,7,6
Caetano,2022,2022-08-08,24000,1965,Other,Low,7,1,8,0
プリコネ住民診断,2022,2022-08-15,24000,1966,Other,Low,8,1,8,0
手下復活,2022,2022-09-14,24000,1967,Other,Low,4,1,9,2
Sismo,2022,2022-09-22,24000,1968,Other,Low,5,1,9,3
Cooper Rush,2022,2022-09-27,24000,1969,Other,Low,11,2,9,1
LulaNoPrimeiroTurno13,2022,2022-10-02,24000,1970,Politics,Low,21,1,10,6
Teleton2022,2022,2022-11-05,24000,1971,Other,Low,11,1,11,5
SuperBoletos,2022,2022-12-20,24000,1972,Other,Low,12,1,12,1
j2us,2022,2022-01-01,23000,1973,Other,Low,4,1,1,5
CURITIBA,2022,2022-01-19,23000,1974,Other,Low,8,1,1,2
AustralianOpen2022,2022,2022-01-30,23000,1975,Other,Low,18,1,1,6
OrgulloEdomex,2022,2022-02-02,23000,1976,Other,Low,13,1,2,2
このシーン嫌いな人いない説,2022,2022-03-16,23000,1977,Other,Low,13,1,3,2
ボーボボお誕生日おめでとう,2022,2022-03-31,23000,1978,Other,Low,13,1,3,3
メンテの日なのでssを貼る,2022,2022-04-05,23000,1979,Other,Low,13,1,4,1
Titi,2022,2022-05-06,23000,1980,Other,Low,4,1,5,4
Majul,2022,2022-05-07,23000,1981,Other,Low,5,1,5,5
乃木坂46バスラ直前SP,2022,2022-05-07,23000,1982,Other,Low,12,1,5,5
OurTimeMV_Mew,2022,2022-05-17,23000,1983,Other,Low,13,1,5,1
僕の大好きな妻,2022,2022-06-04,23000,1984,Other,Low,7,1,6,5
Romero,2022,2022-07-17,23000,1985,Other,Low,6,1,7,6
ハム太郎,2022,2022-07-23,23000,1986,Other,Low,4,1,7,5
健ノブ謎解き,2022,2022-08-08,23000,1987,Other,Low,6,1,8,0
Marinho,2022,2022-08-14,23000,1988,Other,Low,7,1,8,6
Ansu,2022,2022-08-21,23000,1989,Other,Low,4,1,8,6
Alckmin,2022,2022-08-26,23000,1990,Other,Low,7,1,8,4
cg6th上映会_day1,2022,2022-09-18,23000,1991,Other,Low,13,1,9,6
容疑者Xの献身,2022,2022-09-24,23000,1992,Other,Low,7,1,9,5
GeneralElection2022,2022,2022-10-20,23000,1993,Politics,Low,19,1,10,3
追悼演説,2022,2022-10-25,23000,1994,Other,Low,4,1,10,1
Keanu,2022,2022-10-27,23000,1995,Other,Low,5,1,10,3
Tomori,2022,2022-11-10,23000,1996,Other,Low,6,1,11,3
Montiel,2022,2022-11-26,23000,1997,Other,Low,7,1,11,5
Aboubakar,2022,2022-11-28,23000,1998,Other,Low,9,1,11,0
twitterfiles,2022,2022-12-03,23000,1999,Technology,Low,12,1,12,5
USAvNED,2022,2022-12-03,23000,2000,Other,Low,7,1,12,5
Zion,2022,2022-12-29,23000,2001,Other,Low,4,1,12,3
CHETOT,2022,2022-01-05,22000,2002,Other,Low,6,1,1,2
コンフィデンスマンJP,2022,2022-01-08,22000,2003,Other,Low,11,1,1,5
Deebo,2022,2022-01-10,22000,2004,Other,Low,5,1,1,0
TEAM常連,2022,2022-01-29,22000,2005,Other,Low,6,1,1,5
Mano Brown,2022,2022-03-08,22000,2006,Other,Low,10,2,3,1
MujeresCantanARocioJurado,2022,2022-03-11,22000,2007,Other,Low,25,1,3,4
GSVSBARCA,2022,2022-03-17,22000,2008,Sports,Low,9,1,3,3
AmazonMusicLive,2022,2022-03-22,22000,2009,Entertainment,Low,15,1,3,1
만우절 기념,2022,2022-03-31,22000,2010,Other,Low,6,2,3,3
Grizzlies,2022,2022-04-30,22000,2011,Other,Low,9,1,4,5
GranFinalAllStar,2022,2022-05-02,22000,2012,Other,Low,16,1,5,0
HomensPower,2022,2022-05-10,22000,2013,Other,Low,11,1,5,1
Draymond,2022,2022-05-21,22000,2014,Other,Low,8,1,5,5
ExpulsionLaAcademia,2022,2022-07-10,22000,2015,Other,Low,19,1,7,6
Firmino,2022,2022-08-27,22000,2016,Other,Low,7,1,8,5
Gators,2022,2022-09-04,22000,2017,Other,Low,6,1,9,6
Temblor,2022,2022-09-22,22000,2018,Other,Low,7,1,9,3
原神旅人,2022,2022-09-22,22000,2019,Other,Low,4,1,9,3
MiniBudget,2022,2022-09-23,22000,2020,Other,Low,10,1,9,4
笑ってコラえて,2022,2022-11-02,22000,2021,Other,Low,7,1,11,2
遊戯王JF2023,2022,2022-12-17,22000,2022,Other,Low,9,1,12,5
Tyreek Hill,2022,2022-01-24,21000,2023,Other,Low,11,2,1,0
TamoJuntoPresidente,2022,2022-01-29,21000,2024,Politics,Low,19,1,1,5
RecepTayyipErdoğan,2022,2022-02-05,21000,2025,Other,Low,18,1,2,5
EubankJrWilliams,2022,2022-02-06,21000,2026,Other,Low,16,1,2,6
みんなのボタンメーカー,2022,2022-02-11,21000,2027,Other,Low,11,1,2,4
しらんけど,2022,2022-02-14,21000,2028,Other,Low,5,1,2,0
TarkanYalnızDeğildir,2022,2022-02-18,21000,2029,Other,Low,20,1,2,4
TPMP,2022,2022-02-18,21000,2030,Other,Low,4,1,2,4
KohLanta,2022,2022-03-01,21000,2031,Other,Low,8,1,3,1
TSvBJK,2022,2022-04-03,21000,2032,Other,Low,6,1,4,6
マリマリ,2022,2022-04-07,21000,2033,Other,Low,4,1,4,3
KetanjiBrownJackson,2022,2022-04-07,21000,2034,Other,Low,19,1,4,3
O VT,2022,2022-04-25,21000,2035,Other,Low,4,2,4,0
待てムリ,2022,2022-05-21,21000,2036,Other,Low,4,1,5,5
サマパラ,2022,2022-06-09,21000,2037,Other,Low,4,1,6,3
BTSItsOkayToRest,2022,2022-06-22,21000,2038,Entertainment,Low,16,1,6,2
Irina Karamanos,2022,2022-06-22,21000,2039,Other,Low,15,2,6,2
Willian,2022,2022-06-29,21000,2040,Other,Low,7,1,6,2
UddhavThackarey,2022,2022-06-29,21000,2041,Technology,Low,15,1,6,2
Danica,2022,2022-07-10,21000,2042,Other,Low,6,1,7,6
Jan6thHearings,2022,2022-07-12,21000,2043,Other,Low,14,1,7,1
SVGala13,2022,2022-07-14,21000,2044,Other,Low,8,1,7,3
HalloweenEnds,2022,2022-07-20,21000,2045,Holiday,Low,13,1,7,2
Hosmer,2022,2022-08-02,21000,2046,Other,Low,6,1,8,1
スプラトゥーン3前夜祭,2022,2022-08-28,21000,2047,Other,Low,11,1,8,6
Felipão,2022,2022-09-07,21000,2048,Other,Low,7,1,9,2
松本潤生配信PART2,2022,2022-09-17,21000,2049,Other,Low,11,1,9,5
뮤뱅1위_4랑가득_3관왕,2022,2022-10-14,21000,2050,Other,Low,13,1,10,4
グッとフレーズ,2022,2022-10-21,21000,2051,Other,Low,7,1,10,4
INDvsSA,2022,2022-10-30,21000,2052,Other,Low,7,1,10,6
TheWhiteLotus,2022,2022-12-12,21000,2053,Other,Low,13,1,12,0
GiftRTX,2022,2022-12-19,21000,2054,Other,Low,7,1,12,0
DoctorWho,2022,2022-01-01,20000,2055,Other,Low,9,1,1,5
Britney,2022,2022-01-07,20000,2056,Other,Low,7,1,1,4
金曜ロードショー,2022,2022-01-07,20000,2057,Other,Low,8,1,1,4
にじライブメドレー_Day1,2022,2022-01-22,20000,2058,Other,Low,14,1,1,5
アメトーーク,2022,2022-02-03,20000,2059,Other,Low,6,1,2,3
Lamelo,2022,2022-02-04,20000,2060,Other,Low,6,1,2,4
KP_FirstDOME_Mr,2022,2022-02-15,20000,2061,Other,Low,15,1,2,1
NTRビデオレター,2022,2022-02-15,20000,2062,Other,Low,9,1,2,1
Peshawar,2022,2022-03-04,20000,2063,Politics,Low,8,1,3,4
Clayton,2022,2022-03-09,20000,2064,Other,Low,7,1,3,2
Jamming,2022,2022-03-18,20000,2065,Other,Low,7,1,3,4
コミュニティ,2022,2022-03-24,20000,2066,Other,Low,6,1,3,3
AsItWas,2022,2022-03-30,20000,2067,Other,Low,7,1,3,2
AskBruno,2022,2022-04-01,20000,2068,Other,Low,8,1,4,4
科捜研の女,2022,2022-04-07,20000,2069,Other,Low,5,1,4,3
Angel Hernandez,2022,2022-04-25,20000,2070,Other,Low,15,2,4,0
PilipinasIsPink,2022,2022-05-07,20000,2071,Other,Low,15,1,5,5
VeronaMilan,2022,2022-05-08,20000,2072,Sports,Low,11,1,5,6
なにわと半年祝お,2022,2022-05-26,20000,2073,Other,Low,8,1,5,3
Dinamarca,2022,2022-06-04,20000,2074,Other,Low,9,1,6,5
Roni,2022,2022-06-16,20000,2075,Other,Low,4,1,6,3
Aqours東京ドーム_Day2,2022,2022-06-26,20000,2076,Other,Low,16,1,6,6
enflasyon,2022,2022-07-04,20000,2077,Sports,Low,9,1,7,0
Javid,2022,2022-07-05,20000,2078,Other,Low,5,1,7,1
kadirseker,2022,2022-07-07,20000,2079,Other,Low,10,1,7,3
Igathe,2022,2022-07-11,20000,2080,Other,Low,6,1,7,0
ONEPIECE1054,2022,2022-07-21,20000,2081,Other,Low,12,1,7,3
阿部ちゃん,2022,2022-07-27,20000,2082,Other,Low,5,1,7,2
グレートマジシャン,2022,2022-07-30,20000,2083,Other,Low,9,1,7,5
100Indecisos,2022,2022-08-05,20000,2084,Other,Low,12,1,8,4
愛工大名電,2022,2022-08-07,20000,2085,Other,Low,5,1,8,6
推しと結婚,2022,2022-08-16,20000,2086,Other,Low,5,1,8,1
海ちゃん,2022,2022-08-20,20000,2087,Other,Low,4,1,8,5
Gallagher,2022,2022-08-27,20000,2088,Other,Low,9,1,8,5
GanpatiBappaMorya,2022,2022-08-31,20000,2089,Other,Low,17,1,8,2
パラライ結果発表,2022,2022-09-28,20000,2090,Other,Low,8,1,9,2
StrayKids16thWin,2022,2022-10-14,20000,2091,Other,Low,16,1,10,4
サトシ引退,2022,2022-12-16,20000,2092,Other,Low,5,1,12,4
DecemBELLE WithDONNY,2022,2022-12-17,20000,2093,Other,Low,20,2,12,5
Almiron,2022,2022-12-26,20000,2094,Other,Low,7,1,12,0
elektrikfaturası,2022,2022-01-13,19000,2095,Other,Low,16,1,1,3
逢坂さん,2022,2022-01-16,19000,2096,Other,Low,4,1,1,6
WhoDey,2022,2022-01-23,19000,2097,Other,Low,6,1,1,6
クイズメーカー,2022,2022-01-26,19000,2098,Other,Low,7,1,1,2
LaRojaxCHV,2022,2022-02-02,19000,2099,Other,Low,10,1,2,2
銅メダル,2022,2022-02-05,19000,2100,Other,Low,4,1,2,5
VERZUZ,2022,2022-02-16,19000,2101,Other,Low,6,1,2,2
คณาวุฒิFoodEvening,2022,2022-02-18,19000,2102,Other,Low,18,1,2,4
Wordle 270 X,2022,2022-03-16,19000,2103,Other,Low,12,3,3,2
GetWellSoonJin,2022,2022-03-19,19000,2104,Other,Low,14,1,3,5
ViernesSanto,2022,2022-04-15,19000,2105,Other,Low,12,1,4,4
MartinFierro,2022,2022-05-16,19000,2106,Other,Low,12,1,5,0
WorldBeeDay,2022,2022-05-20,19000,2107,Other,Low,11,1,5,4
ASSEAJA,2022,2022-05-29,19000,2108,Other,Low,7,1,5,6
ブルアカ期末テストSP,2022,2022-06-17,19000,2109,Other,Low,11,1,6,4
WACCA,2022,2022-06-21,19000,2110,Other,Low,5,1,6,1
メイショウハリオ,2022,2022-06-29,19000,2111,Other,Low,8,1,6,2
BEFIRSTTV,2022,2022-07-02,19000,2112,Other,Low,9,1,7,5
中居くん,2022,2022-07-16,19000,2113,Other,Low,4,1,7,5
GetWellSoonMark,2022,2022-07-25,19000,2114,Other,Low,15,1,7,0
ぱしゃっつ,2022,2022-08-06,19000,2115,Other,Low,5,1,8,5
lottie,2022,2022-08-10,19000,2116,Other,Low,6,1,8,2
WESTube,2022,2022-08-25,19000,2117,Other,Low,7,1,8,3
Aaron Donald,2022,2022-08-25,19000,2118,Other,Low,12,2,8,3
This_Is_Cooler,2022,2022-08-28,19000,2119,Other,Low,14,1,8,6
土砂降り,2022,2022-09-18,19000,2120,Other,Low,4,1,9,6
NyQuil,2022,2022-09-20,19000,2121,Other,Low,6,1,9,1
Tenório,2022,2022-10-05,19000,2122,Other,Low,7,1,10,2
MANIACinJKT,2022,2022-10-07,19000,2123,Other,Low,11,1,10,4
キングオブコント2022,2022,2022-10-08,19000,2124,Other,Low,12,1,10,5
Toney,2022,2022-10-27,19000,2125,Other,Low,5,1,10,3
Paiva,2022,2022-11-11,19000,2126,Other,Low,5,1,11,4
RIPJimmyFallon,2022,2022-11-16,19000,2127,Other,Low,14,1,11,2
まほやく3周年,2022,2022-11-25,19000,2128,Other,Low,7,1,11,4
Braves,2022,2022-01-11,18000,2129,Other,Low,6,1,1,1
tannie,2022,2022-01-14,18000,2130,Other,Low,6,1,1,4
MilanSpezia,2022,2022-01-17,18000,2131,Sports,Low,11,1,1,0
CRYLIV,2022,2022-01-23,18000,2132,Other,Low,6,1,1,6
BarışManço,2022,2022-02-01,18000,2133,Other,Low,10,1,2,1
SecretGala3,2022,2022-02-02,18000,2134,Other,Low,11,1,2,2
Nadine Dorries,2022,2022-02-05,18000,2135,Other,Low,14,2,2,5
Kidderminster,2022,2022-02-05,18000,2136,Other,Low,13,1,2,5
乃木坂工事中,2022,2022-02-06,18000,2137,Other,Low,6,1,2,6
0X1 2022 KMA NOMINATION,2022,2022-02-09,18000,2138,Other,Low,23,4,2,2
SeMujerEdomex,2022,2022-02-25,18000,2139,Other,Low,13,1,2,4
ローソンなにわ男子,2022,2022-03-01,18000,2140,Other,Low,9,1,3,1
HogwartsLegacy,2022,2022-03-17,18000,2141,Politics,Low,14,1,3,3
ASMPSG,2022,2022-03-20,18000,2142,Sports,Low,6,1,3,6
isola,2022,2022-05-31,18000,2143,Other,Low,5,1,5,1
仰天ニュース,2022,2022-03-22,18000,2144,Other,Low,6,1,3,1
ForaNatalia,2022,2022-04-11,18000,2145,Other,Low,11,1,4,0
Loppi,2022,2022-04-12,18000,2146,Other,Low,5,1,4,1
Freddie,2022,2022-04-19,18000,2147,Other,Low,7,1,4,1
르세라핌_피어리스한_데뷔,2022,2022-05-02,18000,2148,Other,Low,13,1,5,0
Armani,2022,2022-05-06,18000,2149,Other,Low,6,1,5,4
NONTEP01ทะเยอทะยานConcert,2022,2022-06-04,18000,2150,Entertainment,Low,25,1,6,5
Figueiredo,2022,2022-06-08,18000,2151,Other,Low,10,1,6,2
NZLvIRE,2022,2022-07-16,18000,2152,Other,Low,7,1,7,5
ビリーバー,2022,2022-07-31,18000,2153,Other,Low,5,1,7,6
Ganso,2022,2022-08-02,18000,2154,Other,Low,5,1,8,1
FriendshipDay,2022,2022-08-07,18000,2155,Other,Low,13,1,8,6
駄々をこねる人々,2022,2022-09-08,18000,2156,Other,Low,8,1,9,3
BASARA,2022,2022-09-26,18000,2157,Other,Low,6,1,9,0
村上宗隆,2022,2022-10-03,18000,2158,Other,Low,4,1,10,0
アークナイツ秋感謝祭2022,2022,2022-10-21,18000,2159,Other,Low,14,1,10,4
ホストクラブルイズ,2022,2022-10-24,18000,2160,Other,Low,9,1,10,0
君の名は,2022,2022-10-28,18000,2161,Other,Low,4,1,10,4
esland,2022,2022-01-17,17000,2162,Other,Low,6,1,1,0
IUvMS,2022,2022-02-01,17000,2163,Other,Low,5,1,2,1
ALNvGS,2022,2022-02-06,17000,2164,Other,Low,6,1,2,6
リア突WEST,2022,2022-02-13,17000,2165,Other,Low,7,1,2,6
ウマ娘4th,2022,2022-03-05,17000,2166,Other,Low,6,1,3,5
徐福ちゃん,2022,2022-03-16,17000,2167,Other,Low,5,1,3,2
GHANIG,2022,2022-03-25,17000,2168,Other,Low,6,1,3,4
WWEHOF,2022,2022-04-02,17000,2169,Sports,Low,6,1,4,5
NoLimite,2022,2022-06-15,17000,2170,Other,Low,8,1,6,2
AllStarRace,2022,2022-05-23,17000,2171,Other,Low,11,1,5,0
鷹嶺ルイ3D,2022,2022-06-21,17000,2172,Other,Low,6,1,6,1
Macron20h,2022,2022-06-22,17000,2173,Politics,Low,9,1,6,2
Emelec,2022,2022-07-06,17000,2174,Other,Low,6,1,7,2
Cebolinha,2022,2022-08-21,17000,2175,Other,Low,9,1,8,6
Wesley,2022,2022-07-24,17000,2176,Other,Low,6,1,7,6
NationalAuntieAnnesDay,2022,2022-07-26,17000,2177,Other,Low,22,1,7,1
CiroNaGloboNews,2022,2022-07-28,17000,2178,Other,Low,15,1,7,3
TXTとすごす夏,2022,2022-08-20,17000,2179,Other,Low,8,1,8,5
Jean-Luc Godard,2022,2022-09-13,17000,2180,Other,Low,15,2,9,1
刑事7人,2022,2022-09-14,17000,2181,Other,Low,4,1,9,2
InterRoma,2022,2022-10-01,17000,2182,Other,Low,9,1,10,5
njpower,2022,2022-10-10,17000,2183,Other,Low,7,1,10,0
シャニマススペース生配信,2022,2022-10-13,17000,2184,Other,Low,12,1,10,3
FBvREN,2022,2022-10-27,17000,2185,Other,Low,6,1,10,3
RIPTwitter,2022,2022-11-18,17000,2186,Technology,Low,10,1,11,4
しずちゃん,2022,2022-12-07,17000,2187,Other,Low,5,1,12,2
鬼滅の刃無限列車編,2022,2022-12-10,17000,2188,Other,Low,9,1,12,5
January6thCommittee,2022,2022-12-19,17000,2189,Other,Low,19,1,12,0
BJKvANT,2022,2022-01-05,16000,2190,Other,Low,7,1,1,2
Effie,2022,2022-01-30,16000,2191,Other,Low,5,1,1,6
Wordle 230,2022,2022-02-03,16000,2192,Other,Low,10,2,2,3
highleague2,2022,2022-02-05,16000,2193,Other,Low,11,1,2,5
Aqours_OCEAN_Day1,2022,2022-02-12,16000,2194,Other,Low,17,1,2,5
6MartdaKontakKapatıyoruz,2022,2022-03-02,16000,2195,Other,Low,24,1,3,2
FiorentinaJuve,2022,2022-03-02,16000,2196,Other,Low,14,1,3,2
ポケモンタイプ診断,2022,2022-11-25,16000,2197,Other,Low,9,1,11,4
TBS系,2022,2022-04-07,16000,2198,Other,Low,4,1,4,3
Atty,2022,2022-04-12,16000,2199,Other,Low,4,1,4,1
Caruso,2022,2022-04-21,16000,2200,Other,Low,6,1,4,3
Heartstopper,2022,2022-04-22,16000,2201,Other,Low,12,1,4,4
Tijuca,2022,2022-04-24,16000,2202,Other,Low,6,1,4,6
كشخه_العيد,2022,2022-05-02,16000,2203,Other,Low,10,1,5,0
Danilo,2022,2022-05-11,16000,2204,Other,Low,6,1,5,2
MelisSezen,2022,2022-05-12,16000,2205,Other,Low,10,1,5,3
AndrewSymonds,2022,2022-05-15,16000,2206,Other,Low,13,1,5,6
ネットカジノ,2022,2022-05-17,16000,2207,Other,Low,6,1,5,1
Bullock,2022,2022-05-23,16000,2208,Other,Low,7,1,5,0
NoQuitInNY,2022,2022-05-31,16000,2209,Other,Low,10,1,5,1
ノーノー,2022,2022-06-07,16000,2210,Other,Low,4,1,6,1
モンジュー,2022,2022-06-29,16000,2211,Other,Low,5,1,6,2
ABCお笑いグランプリ,2022,2022-07-10,16000,2212,Other,Low,11,1,7,6
entry,2022,2022-07-26,16000,2213,Other,Low,5,1,7,1
六本木クラス,2022,2022-07-28,16000,2214,Other,Low,6,1,7,3
Rakhi,2022,2022-08-11,16000,2215,Other,Low,5,1,8,3
ドミノピザ,2022,2022-08-24,16000,2216,Other,Low,5,1,8,2
ミリシタ夏祭りライブ上映会6thSSA,2022,2022-09-01,16000,2217,Other,Low,19,1,9,3
Bo Nix,2022,2022-09-03,16000,2218,Other,Low,6,2,9,5
EngineersDay,2022,2022-09-15,16000,2219,Other,Low,12,1,9,3
MLSCup,2022,2022-11-05,16000,2220,Other,Low,6,1,11,5
Ceará,2022,2022-11-10,16000,2221,Other,Low,5,1,11,3
アニポケ,2022,2022-11-11,16000,2222,Other,Low,4,1,11,4
ものまね王座決定戦,2022,2022-12-09,16000,2223,Other,Low,9,1,12,4
AGAスキンスリニック,2022,2022-12-21,16000,2224,Other,Low,11,1,12,2
さあ白黒つけようか,2022,2022-12-26,16000,2225,Other,Low,9,1,12,0
V系って知ってる,2022,2022-12-27,16000,2226,Other,Low,8,1,12,1
顔面偏差値,2022,2022-01-04,15000,2227,Other,Low,5,1,1,1
恋愛対象,2022,2022-01-04,15000,2228,Other,Low,4,1,1,1
RCLLOSC,2022,2022-01-04,15000,2229,Other,Low,7,1,1,1
カオナシ,2022,2022-01-07,15000,2230,Other,Low,4,1,1,4
BurakElmasİstifa,2022,2022-01-10,15000,2231,Other,Low,16,1,1,0
DjokovicOut,2022,2022-01-14,15000,2232,Other,Low,11,1,1,4
Paulo Vieira,2022,2022-01-27,15000,2233,Other,Low,12,2,1,3
DragRaceUK,2022,2022-02-02,15000,2234,Other,Low,10,1,2,2
Middleton,2022,2022-02-04,15000,2235,Other,Low,9,1,2,4
SCOvENG,2022,2022-02-05,15000,2236,Other,Low,7,1,2,5
えぬわた砲,2022,2022-02-20,15000,2237,Other,Low,5,1,2,6
MilanInter,2022,2022-03-01,15000,2238,Sports,Low,10,1,3,1
ポランコ,2022,2022-03-25,15000,2239,Other,Low,4,1,3,4
Survivor2022alltar,2022,2022-03-28,15000,2240,Social,Low,18,1,3,0
lorde,2022,2022-04-27,15000,2241,Other,Low,5,1,4,2
arctic monkeys,2022,2022-04-27,15000,2242,Other,Low,14,2,4,2
ぐるナイ,2022,2022-04-28,15000,2243,Other,Low,4,1,4,3
Juan Diego,2022,2022-04-28,15000,2244,Other,Low,10,2,4,3
Nestor,2022,2022-05-09,15000,2245,Other,Low,6,1,5,0
MacKinnon,2022,2022-05-26,15000,2246,Other,Low,9,1,5,3
julietteresponde,2022,2022-05-31,15000,2247,Other,Low,16,1,5,1
Maria Alice,2022,2022-05-31,15000,2248,Other,Low,11,2,5,1
TimnasDay,2022,2022-06-08,15000,2249,Other,Low,9,1,6,2
ENGITA,2022,2022-06-11,15000,2250,Other,Low,6,1,6,5
tyt2022,2022,2022-06-18,15000,2251,Other,Low,7,1,6,5
スロットメーカー,2022,2022-07-03,15000,2252,Other,Low,8,1,7,6
わたしを作った少女マンガ5冊,2022,2022-07-16,15000,2253,Other,Low,14,1,7,5
Scarpa,2022,2022-08-04,15000,2254,Other,Low,6,1,8,3
kpss2022iptal,2022,2022-08-04,15000,2255,Other,Low,13,1,8,3
HUT77thRI,2022,2022-08-17,15000,2256,Other,Low,9,1,8,2
Jandrei,2022,2022-09-02,15000,2257,Other,Low,7,1,9,4
ななにー,2022,2022-09-04,15000,2258,Other,Low,4,1,9,6
Cooper Kupp,2022,2022-09-09,15000,2259,Other,Low,11,2,9,4
NefretYürüyüşüneHayır,2022,2022-09-18,15000,2260,Other,Low,21,1,9,6
スクフェス2,2022,2022-09-25,15000,2261,Other,Low,6,1,9,6
Castellanos,2022,2022-10-29,15000,2262,Other,Low,11,1,10,5
Twitter実名制,2022,2022-11-03,15000,2263,Technology,Low,10,1,11,3
HERLOSS,2022,2022-11-04,15000,2264,Other,Low,7,1,11,4
سحبه_كنو_علي_النصر,2022,2022-01-07,14000,2265,Sports,Low,18,1,1,4
WATNOR,2022,2022-01-21,14000,2266,Other,Low,6,1,1,4
ConcluCASTILLO,2022,2022-01-25,14000,2267,Other,Low,14,1,1,1
JuveSassuolo,2022,2022-02-10,14000,2268,Other,Low,12,1,2,3
Dani Calabresa,2022,2022-03-09,14000,2269,Other,Low,14,2,3,2
しずかちゃん,2022,2022-03-10,14000,2270,Other,Low,6,1,3,3
ガルパ5周年アニメ02,2022,2022-03-17,14000,2271,Other,Low,11,1,3,3
中居正広の3番勝負,2022,2022-03-23,14000,2272,Other,Low,9,1,3,2
シャッフル,2022,2022-04-12,14000,2273,Other,Low,5,1,4,1
Maxey,2022,2022-05-07,14000,2274,Other,Low,5,1,5,5
Blaney,2022,2022-05-23,14000,2275,Other,Low,6,1,5,0
AmericanIdol,2022,2022-05-23,14000,2276,Politics,Low,12,1,5,0
TheLastDriveIn,2022,2022-06-04,14000,2277,Other,Low,14,1,6,5
お嬢様実力テスト,2022,2022-06-05,14000,2278,Other,Low,8,1,6,6
NEDPOL,2022,2022-06-11,14000,2279,Other,Low,6,1,6,5
GoBolts,2022,2022-06-12,14000,2280,Other,Low,7,1,6,6
FuelPrice,2022,2022-06-15,14000,2281,Other,Low,9,1,6,2
ノーセプ,2022,2022-06-26,14000,2282,Other,Low,4,1,6,6
BPLS2,2022,2022-06-29,14000,2283,Other,Low,5,1,6,2
アイマス765ASLIVE_day2,2022,2022-07-10,14000,2284,Other,Low,18,1,7,6
Ibarra,2022,2022-07-11,14000,2285,Other,Low,6,1,7,0
SakajaChallenge,2022,2022-07-11,14000,2286,Other,Low,15,1,7,0
15Minutes,2022,2022-07-25,14000,2287,Other,Low,9,1,7,0
TheVoiceCHV,2022,2022-08-02,14000,2288,Other,Low,11,1,8,1
MHA362,2022,2022-08-03,14000,2289,Other,Low,6,1,8,2
GranFinalTheVoice,2022,2022-08-04,14000,2290,Other,Low,17,1,8,3
EspecialCaetanoVeloso,2022,2022-08-08,14000,2291,Politics,Low,21,1,8,0
大阪桐蔭,2022,2022-08-10,14000,2292,Other,Low,4,1,8,2
Turpin,2022,2022-08-21,14000,2293,Other,Low,6,1,8,6
UNEXT200年分無料,2022,2022-08-22,14000,2294,Other,Low,12,1,8,0
チーズファンタジーIQ,2022,2022-08-24,14000,2295,Other,Low,11,1,8,2
なにわ男子結成4周年インライ,2022,2022-10-06,14000,2296,Other,Low,14,1,10,3
OWLGrandFinals,2022,2022-11-05,14000,2297,Sports,Low,14,1,11,5
フェス限定フレーム,2022,2022-11-07,14000,2298,Other,Low,9,1,11,0
BrazilianGP,2022,2022-11-11,14000,2299,Other,Low,11,1,11,4
声出しOK,2022,2022-11-15,14000,2300,Other,Low,5,1,11,1
現役ドラフト,2022,2022-12-09,14000,2301,Other,Low,6,1,12,4
回答時間,2022,2022-12-14,14000,2302,Other,Low,4,1,12,2
sarachane,2022,2022-12-14,14000,2303,Other,Low,9,1,12,2
ArgentinaCampeonDelMundo,2022,2022-12-19,14000,2304,Other,Low,24,1,12,0
GoPackGo,2022,2022-12-20,14000,2305,Politics,Low,8,1,12,1
EastEnders,2022,2022-12-25,14000,2306,Other,Low,10,1,12,6
セクゾインスタライブ,2022,2022-12-27,14000,2307,Other,Low,10,1,12,1
LIVLEI,2022,2022-12-30,14000,2308,Other,Low,6,1,12,4
銀メダル,2022,2022-02-07,13000,2309,Other,Low,4,1,2,0
少クラ,2022,2022-02-11,13000,2310,Other,Low,3,1,2,4
Brunson,2022,2022-02-13,13000,2311,Other,Low,7,1,2,6
SundayMorning,2022,2022-02-20,13000,2312,Other,Low,13,1,2,6
世代別ベストアニメ,2022,2022-02-20,13000,2313,Other,Low,9,1,2,6
PietroOnHaas,2022,2022-03-05,13000,2314,Other,Low,12,1,3,5
fosstotounel,2022,2022-03-05,13000,2315,Other,Low,12,1,3,5
cepostaperte,2022,2022-03-06,13000,2316,Other,Low,12,1,3,6
ゆと打って出てきたものがお前に不足,2022,2022-03-10,13000,2317,Other,Low,17,1,3,3
LasCarasDeLaMoneda,2022,2022-03-15,13000,2318,Other,Low,18,1,3,1
Colgate,2022,2022-03-19,13000,2319,Other,Low,7,1,3,5
僕のジレンマ,2022,2022-03-25,13000,2320,Other,Low,6,1,3,4
RAWAfterMania,2022,2022-04-05,13000,2321,Other,Low,13,1,4,1
Austin Reaves,2022,2022-04-11,13000,2322,Other,Low,13,2,4,0
MUSICBLOOD,2022,2022-04-15,13000,2323,Entertainment,Low,10,1,4,4
Ingram,2022,2022-04-20,13000,2324,Other,Low,6,1,4,2
SVGala1,2022,2022-04-21,13000,2325,Other,Low,7,1,4,3
BBCAN10,2022,2022-05-06,13000,2326,Other,Low,7,1,5,4
めいちゃんファンファーレ,2022,2022-05-21,13000,2327,Other,Low,12,1,5,5
المعيوف,2022,2022-05-23,13000,2328,Other,Low,7,1,5,0
romfey,2022,2022-05-25,13000,2329,Other,Low,6,1,5,2
ZamGeldi,2022,2022-05-27,13000,2330,Other,Low,8,1,5,4
TaskForce141,2022,2022-06-10,13000,2331,Other,Low,12,1,6,4
afad,2022,2022-06-12,13000,2332,Other,Low,4,1,6,6
Raul Gustavo,2022,2022-06-16,13000,2333,Other,Low,12,2,6,3
JUMPのいんすた,2022,2022-06-17,13000,2334,Other,Low,9,1,6,4
superache,2022,2022-06-29,13000,2335,Other,Low,9,1,6,2
わたしを作ったゲーム5作品,2022,2022-07-17,13000,2336,Other,Low,13,1,7,6
Emirhan,2022,2022-07-29,13000,2337,Other,Low,7,1,7,4
絶対信用できない言葉を書く見た人もやる,2022,2022-08-04,13000,2338,Other,Low,19,1,8,3
Idom,2022,2022-08-08,13000,2339,Other,Low,4,1,8,0
PVSindhu,2022,2022-08-08,13000,2340,Other,Low,8,1,8,0
InternationalDogDay,2022,2022-08-26,13000,2341,Other,Low,19,1,8,4
Aliyah,2022,2022-08-30,13000,2342,Other,Low,6,1,8,1
Gilberto Gil,2022,2022-09-05,13000,2343,Other,Low,12,2,9,0
ヒロインだらけのメリクリまちがい探し,2022,2022-12-14,13000,2344,Other,Low,18,1,12,2
RHOP,2022,2022-12-19,13000,2345,Other,Low,4,1,12,0
SendikaHakkımOylanamaz,2022,2022-12-19,13000,2346,Other,Low,22,1,12,0
Terry Hall,2022,2022-12-20,13000,2347,Other,Low,10,2,12,1
McTominay,2022,2022-01-03,12000,2348,Other,Low,9,1,1,0
ピュアプリズム,2022,2022-01-19,12000,2349,Other,Low,7,1,1,2
Barry Cryer,2022,2022-01-27,12000,2350,Other,Low,11,2,1,3
るしあスペース,2022,2022-02-05,12000,2351,Other,Low,7,1,2,5
INDvWI,2022,2022-02-09,12000,2352,Other,Low,6,1,2,2
LOTTIE,2022,2022-02-11,12000,2353,Other,Low,6,1,2,4
ONAKAnoNAKA,2022,2022-02-20,12000,2354,Other,Low,11,1,2,6
TMobile2sday,2022,2022-02-22,12000,2355,Other,Low,12,1,2,1
対抗措置,2022,2022-02-25,12000,2356,Other,Low,4,1,2,4
maske,2022,2022-03-02,12000,2357,Social,Low,5,1,3,2
アピールちゃん,2022,2022-03-07,12000,2358,Other,Low,7,1,3,0
花の名前,2022,2022-03-17,12000,2359,Other,Low,4,1,3,3
mondaythoughts,2022,2022-04-04,12000,2360,Other,Low,14,1,4,0
ものまねグランプリ,2022,2022-05-03,12000,2361,Other,Low,9,1,5,1
Jovic,2022,2022-05-08,12000,2362,Other,Low,5,1,5,6
ForeverGold_MV,2022,2022-05-12,12000,2363,Other,Low,14,1,5,3
Early Voting,2022,2022-05-22,12000,2364,Other,Low,12,2,5,6
Wrexham,2022,2022-05-28,12000,2365,Other,Low,7,1,5,5
2giugno,2022,2022-06-02,12000,2366,Other,Low,7,1,6,3
二宮和也誕生祭,2022,2022-06-16,12000,2367,Other,Low,7,1,6,3
Quevedo,2022,2022-07-06,12000,2368,Other,Low,7,1,7,2
ミラーレス,2022,2022-07-12,12000,2369,Other,Low,5,1,7,1
Vitinho,2022,2022-07-21,12000,2370,Other,Low,7,1,7,3
Neighbours,2022,2022-07-29,12000,2371,Other,Low,10,1,7,4
スカパラ,2022,2022-07-30,12000,2372,Other,Low,4,1,7,5
モニタリング,2022,2022-08-04,12000,2373,Other,Low,6,1,8,3
札幌大谷,2022,2022-08-09,12000,2374,Other,Low,4,1,8,1
浅野くん,2022,2022-08-18,12000,2375,Other,Low,4,1,8,3
Zambrano,2022,2022-08-28,12000,2376,Other,Low,8,1,8,6
yanındayım,2022,2022-09-23,12000,2377,Other,Low,10,1,9,4
好きなポケモン5匹あげると趣味がわかる,2022,2022-10-09,12000,2378,Other,Low,19,1,10,6
イズジョーノキセキ,2022,2022-10-15,12000,2379,Other,Low,9,1,10,5
ダンジョンズドリーム,2022,2022-10-15,12000,2380,Other,Low,10,1,10,5
TekVucutFenerbahce,2022,2022-10-18,12000,2381,Other,Low,18,1,10,1
DALS,2022,2022-10-21,12000,2382,Other,Low,4,1,10,4
Matthew Perry,2022,2022-10-27,12000,2383,Other,Low,13,2,10,3
Browns,2022,2022-11-01,12000,2384,Other,Low,6,1,11,1
CMRSRB,2022,2022-11-28,12000,2385,Other,Low,6,1,11,0
Caleb Williams,2022,2022-12-03,12000,2386,Other,Low,14,2,12,5
GenshinImpactLotteryEvent,2022,2022-12-30,12000,2387,Other,Low,25,1,12,4
TJ Watt,2022,2022-01-04,11000,2388,Other,Low,7,2,1,1
Chris Wood,2022,2022-01-11,11000,2389,Other,Low,10,2,1,1
DamatBurakİstifa,2022,2022-01-12,11000,2390,Other,Low,16,1,1,2
MaskedSingerUK,2022,2022-01-29,11000,2391,Entertainment,Low,14,1,1,5
LOVE_XXXX_XXXX,2022,2022-02-01,11000,2392,Other,Low,14,1,2,1
フラトラ,2022,2022-02-01,11000,2393,Other,Low,4,1,2,1
バリューの真実,2022,2022-02-09,11000,2394,Other,Low,7,1,2,2
ネコチャンが来るかもしれないボタン,2022,2022-02-11,11000,2395,Other,Low,17,1,2,4
JuveToro,2022,2022-02-18,11000,2396,Other,Low,8,1,2,4
Cesar2022,2022,2022-02-25,11000,2397,Other,Low,9,1,2,4
MasterChefIt,2022,2022-03-03,11000,2398,Other,Low,12,1,3,3
ツイステの新ツム予想キャンペーン,2022,2022-03-27,11000,2399,Other,Low,16,1,3,6
FORAESLOVENIA,2022,2022-04-02,11000,2400,Other,Low,13,1,4,5
MexicableEdomex,2022,2022-04-07,11000,2401,Other,Low,15,1,4,3
Wordle 304 X,2022,2022-04-19,11000,2402,Other,Low,12,3,4,1
90DayFiance,2022,2022-05-02,11000,2403,Other,Low,11,1,5,0
WNHremix,2022,2022-05-06,11000,2404,Other,Low,8,1,5,4
Angat Buhay NGO,2022,2022-05-13,11000,2405,Other,Low,15,3,5,4
ブラックサンダー約35倍,2022,2022-05-16,11000,2406,Other,Low,12,1,5,0
insiders,2022,2022-05-22,11000,2407,Other,Low,8,1,5,6
HEATCulture,2022,2022-05-22,11000,2408,Other,Low,11,1,5,6
CaraECoragem,2022,2022-05-31,11000,2409,Other,Low,12,1,5,1
COAC2022Final,2022,2022-06-04,11000,2410,Other,Low,13,1,6,5
ModernWarfareII,2022,2022-06-08,11000,2411,Politics,Low,15,1,6,2
キンプリ当落,2022,2022-06-21,11000,2412,Other,Low,6,1,6,1
Fiona Bruce,2022,2022-06-24,11000,2413,Other,Low,11,2,6,4
IPPON女子グランプリ,2022,2022-06-25,11000,2414,Other,Low,12,1,6,5
Wimbledon2022,2022,2022-07-02,11000,2415,Other,Low,13,1,7,5
au復旧してない,2022,2022-07-04,11000,2416,Other,Low,8,1,7,0
NairobiGovDebate2022,2022,2022-07-11,11000,2417,Politics,Low,20,1,7,0
FinalPowerCouple,2022,2022-07-15,11000,2418,Politics,Low,16,1,7,4
MHASpoilers,2022,2022-08-03,11000,2419,Other,Low,11,1,8,2
ロッキン中止,2022,2022-08-12,11000,2420,Other,Low,6,1,8,4
Dead Island 2,2022,2022-08-23,11000,2421,Other,Low,13,3,8,1
コウメ太夫,2022,2022-08-31,11000,2422,Other,Low,5,1,8,2
RacionaisNoMultishow,2022,2022-09-04,11000,2423,Other,Low,20,1,9,6
Anthony Richardson,2022,2022-09-04,11000,2424,Other,Low,18,2,9,6
Chelsea Gray,2022,2022-09-07,11000,2425,Sports,Low,12,2,9,2
LouisOnLateLate,2022,2022-09-14,11000,2426,Other,Low,15,1,9,2
SurvivorElimina,2022,2022-09-17,11000,2427,Social,Low,15,1,9,5
sidemenCharityMatch,2022,2022-09-24,11000,2428,Sports,Low,19,1,9,5
ハッピーサプライズ,2022,2022-10-06,11000,2429,Other,Low,9,1,10,3
野田元首相,2022,2022-10-25,11000,2430,Other,Low,5,1,10,1
イコラブ,2022,2022-11-23,11000,2431,Other,Low,4,1,11,2
THEMANZAI,2022,2022-12-04,11000,2432,Other,Low,9,1,12,6
ラブソング,2022,2022-12-09,11000,2433,Other,Low,5,1,12,4
NARUTOP99,2022,2022-12-17,11000,2434,Other,Low,9,1,12,5
Rydz,2022,2022-01-01,10000,2435,Other,Low,4,1,1,5
Rosaria,2022,2022-01-04,10000,2436,Other,Low,7,1,1,1
TB12,2022,2022-01-29,10000,2437,Other,Low,4,1,1,5
千鳥ノブ,2022,2022-02-03,10000,2438,Other,Low,4,1,2,3
GNTM,2022,2022-02-03,10000,2439,Other,Low,4,1,2,3
West Ham,2022,2022-02-05,10000,2440,Other,Low,8,2,2,5
テレ東音楽祭,2022,2022-02-10,10000,2441,Other,Low,6,1,2,3
Franck,2022,2022-03-01,10000,2442,Other,Low,6,1,3,1
嘘か本当かわからないことを言う,2022,2022-04-01,10000,2443,Other,Low,15,1,4,4
Bacot,2022,2022-04-05,10000,2444,Other,Low,5,1,4,1
ゴールデェンウィィィィク,2022,2022-04-18,10000,2445,Other,Low,12,1,4,0
イィヤッホォォイ,2022,2022-04-18,10000,2446,Other,Low,8,1,4,0
DQXイベント,2022,2022-04-23,10000,2447,Other,Low,7,1,4,5
恋した魚は空を飛ぶ,2022,2022-05-03,10000,2448,Other,Low,9,1,5,1
カルピスを作ろう,2022,2022-06-26,10000,2449,Other,Low,8,1,6,6
Scioli,2022,2022-07-04,10000,2450,Other,Low,6,1,7,0
夏のブルアカらいぶ,2022,2022-07-16,10000,2451,Other,Low,9,1,7,5
FRANED,2022,2022-07-23,10000,2452,Other,Low,6,1,7,5
7dream,2022,2022-07-25,10000,2453,Other,Low,6,1,7,0
Choco Taco,2022,2022-07-26,10000,2454,Other,Low,10,2,7,1
cashappamerica,2022,2022-07-29,10000,2455,Politics,Low,14,1,7,4
KamikazeParty2022,2022,2022-07-30,10000,2456,Other,Low,17,1,7,5
AtatürkMüslümanDeğil,2022,2022-07-31,10000,2457,Other,Low,20,1,7,6
BETHESUNinJKT,2022,2022-08-09,10000,2458,Other,Low,13,1,8,1
George Pickens,2022,2022-08-14,10000,2459,Other,Low,14,2,8,6
SirJimRatcliffeIn,2022,2022-08-17,10000,2460,Other,Low,17,1,8,2
in大阪,2022,2022-08-26,10000,2461,Other,Low,4,1,8,4
コウメAI太夫,2022,2022-08-31,10000,2462,Other,Low,7,1,8,2
joshua hong,2022,2022-09-14,10000,2463,Other,Low,11,2,9,2
Doc Rivers,2022,2022-09-17,10000,2464,Other,Low,10,2,9,5
BachelorInParadise,2022,2022-09-28,10000,2465,Other,Low,18,1,9,2
クロコップ,2022,2022-10-08,10000,2466,Other,Low,5,1,10,5
Fabra,2022,2022-10-20,10000,2467,Other,Low,5,1,10,3
みちょぱ結婚,2022,2022-10-22,10000,2468,Other,Low,6,1,10,5
あなたのイヌ度ネコ度,2022,2022-11-02,10000,2469,Other,Low,10,1,11,2
TheVoiceBrasil,2022,2022-11-16,10000,2470,Other,Low,14,1,11,2
BlackFridayDealabs,2022,2022-11-25,10000,2471,Other,Low,18,1,11,4
Arson Judge,2022,2022-12-07,10000,2472,Other,Low,11,2,12,2
Russell Wilson,2022,2022-12-25,10000,2473,Other,Low,14,2,12,6
Henderson,2022,2022-12-30,10000,2474,Other,Low,9,1,12,4
BTS BTS BTS,2021,2021-10-02,5411000,1,Entertainment,High,11,3,10,5
StanWorld,2021,2021-03-31,5376000,2,Other,High,9,1,3,2
BTSxAMAs,2021,2021-11-22,4389000,3,Entertainment,High,8,1,11,0
BBMAsTopSocial,2021,2021-05-11,4351000,4,Politics,High,14,1,5,1
Thanksgiving,2021,2021-11-26,4077000,5,Holiday,High,12,1,11,4
ม็อบ18กรกฎา,2021,2021-07-18,3981000,6,Other,High,11,1,7,6
Spotify,2021,2021-12-02,3890000,7,Entertainment,High,7,1,12,3
ม็อบ10สิงหา,2021,2021-08-10,3763000,8,Other,High,11,1,8,1
WhatsApp,2021,2021-10-05,3386000,9,Other,High,8,1,10,1
ハロウィン,2021,2021-10-31,3362000,10,Other,High,5,1,10,6
PermissiontoDance,2021,2021-07-09,3240000,11,Other,High,17,1,7,4
クリスマス,2021,2021-12-24,3228000,12,Holiday,High,5,1,12,4
Tokyo2020,2021,2021-07-24,3207000,13,Other,High,9,1,7,5
โรงงานกิ่งแก้วไฟไหม้,2021,2021-07-05,3106000,14,Other,High,20,1,7,0
Trump,2021,2021-01-07,3074000,15,Politics,High,5,1,1,3
Halloween,2021,2021-10-30,3016000,16,Holiday,High,9,1,10,5
GRAMMYs,2021,2021-03-15,2968000,17,Entertainment,High,7,1,3,0
America,2021,2021-01-07,2930000,18,Politics,High,7,1,1,3
Capitol,2021,2021-01-07,2837000,19,Politics,High,7,1,1,3
popcat,2021,2021-08-15,2836000,20,Other,High,6,1,8,6
InternationalWomensDay,2021,2021-03-09,2745000,21,Other,High,22,1,3,1
Merry Christmas,2021,2021-12-25,2650000,22,Holiday,High,15,2,12,5
Sarah,2021,2021-03-29,2407000,23,Other,High,5,1,3,0
SetTheNightAlightBTS,2021,2021-03-15,2381000,24,Entertainment,High,20,1,3,0
Cuba,2021,2021-07-12,2349000,25,Other,High,4,1,7,0
helpturkey,2021,2021-08-02,2347000,26,Social,High,10,1,8,0
ม็อบ28กุมภา,2021,2021-02-28,2178000,27,Other,High,11,1,2,6
2021STAYweeK,2021,2021-07-30,2164000,28,Other,High,12,1,7,4
VMAs,2021,2021-09-13,2154000,29,Other,High,4,1,9,0
Happy Halloween,2021,2021-10-31,2141000,30,Holiday,High,15,2,10,6
DONT_FIGHT_THE_FEELING,2021,2021-05-10,2132000,31,Other,High,22,1,5,0
스테이위크,2021,2021-07-30,2122000,32,Other,High,5,1,7,4
I VOTE,2021,2021-11-04,2091000,33,Politics,High,6,2,11,3
Rayssa,2021,2021-07-26,2074000,34,Other,High,6,1,7,0
ARTIST OF THE YEAR,2021,2021-11-22,1984000,35,Other,High,18,4,11,0
MetGala,2021,2021-09-14,1960000,36,Other,High,7,1,9,1
jungkook,2021,2021-07-29,1930000,37,Other,High,8,1,7,3
Happy New Year,2021,2021-01-01,1907000,38,Holiday,High,14,3,1,4
Karol,2021,2021-02-22,1850000,39,Other,High,5,1,2,0
BBB21,2021,2021-02-17,1837000,40,Other,High,5,1,2,2
Taliban,2021,2021-08-15,1780000,41,Other,High,7,1,8,6
Mother's Day,2021,2021-05-09,1742000,42,Holiday,High,12,2,5,6
Afghanistan,2021,2021-08-15,1736000,43,Other,High,11,1,8,6
PremiosMTVMIAW,2021,2021-06-08,1721000,44,Other,High,14,1,6,1
Taylor,2021,2021-03-15,1623000,45,Entertainment,High,6,1,3,0
ข่าวลือ,2021,2021-05-13,1623000,46,Other,High,7,1,5,3
WhatDoYouBelieveIn,2021,2021-03-10,1613000,47,Other,High,18,1,3,2
Lula,2021,2021-03-09,1602000,48,Politics,High,4,1,3,1
Eurovision,2021,2021-05-22,1599000,49,Other,High,10,1,5,5
PTD_ON_STAGE_LA,2021,2021-11-28,1562000,50,Other,High,15,1,11,6
GMMTV2022,2021,2021-12-01,1544000,51,Other,High,9,1,12,2
Israel,2021,2021-05-11,1513000,52,Politics,High,6,1,5,1
ArtisteLalisa,2021,2021-08-22,1502000,53,Other,High,13,1,8,6
Nego,2021,2021-02-17,1475000,54,Other,High,4,1,2,2
SoloistLisa,2021,2021-08-25,1455000,55,Other,High,11,1,8,2
エイプリルフール,2021,2021-04-01,1452000,56,Holiday,High,8,1,4,3
telegram,2021,2021-10-05,1426000,57,Other,High,8,1,10,1
Flamengo,2021,2021-11-28,1415000,58,Other,High,8,1,11,6
April Fools,2021,2021-04-01,1400000,59,Holiday,High,11,2,4,3
AksadaBaskinVar,2021,2021-05-11,1386000,60,Other,High,15,1,5,1
Juliette,2021,2021-03-29,1344000,61,Other,High,8,1,3,0
JIMIN JIMIN,2021,2021-10-05,1340000,62,Other,High,11,2,10,1
HappyBirthdayJungkook,2021,2021-08-31,1330000,63,Other,High,21,1,8,1
weareoneEXO,2021,2021-05-10,1317000,64,Other,High,11,1,5,0
BUTTEREADY ON BBMAS,2021,2021-05-10,1306000,65,Other,High,19,3,5,0
YouthToday,2021,2021-09-20,1302000,66,Other,High,10,1,9,0
straykids,2021,2021-11-04,1287000,67,Other,High,9,1,11,3
YourStories,2021,2021-09-13,1264000,68,Other,High,11,1,9,0
Hyunjin,2021,2021-06-25,1239000,69,Other,High,7,1,6,4
facebookdown,2021,2021-10-05,1235000,70,Other,High,12,1,10,1
Texas,2021,2021-03-03,1225000,71,Other,High,5,1,3,2
BTS_Butter,2021,2021-05-09,1223000,72,Entertainment,High,10,1,5,6
BTSonMTV,2021,2021-02-24,1222000,73,Entertainment,High,8,1,2,2
KadinaSiddeteHayir,2021,2021-03-07,1194000,74,Other,High,18,1,3,6
EncoreWithGOT7,2021,2021-02-20,1193000,75,Other,High,14,1,2,5
MissUniverse2021,2021,2021-12-13,1192000,76,Other,High,16,1,12,0
Pokémon,2021,2021-02-26,1177000,77,Other,High,7,1,2,4
Sweet21JaehyukieDay,2021,2021-07-22,1167000,78,Other,High,19,1,7,3
Sticker9thWin,2021,2021-10-03,1138000,79,Other,High,13,1,10,6
Attacca,2021,2021-10-22,1127000,80,Other,High,7,1,10,4
InaugurationDay,2021,2021-01-20,1121000,81,Other,High,15,1,1,2
SpiderManNoWayHome,2021,2021-11-17,1117000,82,Entertainment,High,18,1,11,2
AbsoluteAceTaeyongDay,2021,2021-06-30,1110000,83,Other,High,21,1,6,2
STREAMINGBUTTER,2021,2021-05-25,1096000,84,Entertainment,High,15,1,5,1
대장장미_태어났툥,2021,2021-06-30,1096000,85,Other,High,9,1,6,2
AllOurLoveROSÉDay,2021,2021-02-10,1095000,86,Other,High,17,1,2,2
OnYour23rdMark,2021,2021-08-01,1082000,87,Other,High,14,1,8,6
스물셋_온유어마크_겟셋고,2021,2021-08-01,1043000,88,Other,High,13,1,8,6
ToTheWorldwithNCT,2021,2021-04-08,1040000,89,Other,High,17,1,4,3
João,2021,2021-04-06,1037000,90,Other,High,4,1,4,1
BTSatUNGA,2021,2021-09-20,1037000,91,Entertainment,High,9,1,9,0
Kyle Rittenhouse,2021,2021-11-19,1035000,92,Other,High,16,2,11,4
StopAsianHate,2021,2021-03-17,1029000,93,Other,High,13,1,3,2
findsai,2021,2021-02-17,1025000,94,Other,High,7,1,2,2
金メダル,2021,2021-07-25,1020000,95,Other,High,4,1,7,6
Argentina,2021,2021-07-11,1013000,96,Other,High,9,1,7,6
EndSARSMemorial,2021,2021-10-20,1003000,97,Social,High,15,1,10,2
got7,2021,2021-01-06,986000,98,Other,Medium,4,1,1,2
ポッキー,2021,2021-11-11,983000,99,Other,Medium,4,1,11,3
Kabul,2021,2021-08-26,981000,100,Other,Medium,5,1,8,3
BTSBackAndButterThanEver,2021,2021-07-09,975000,101,Entertainment,Medium,24,1,7,4
Italy,2021,2021-07-11,966000,102,Other,Medium,5,1,7,6
LightItUpBTS,2021,2021-03-14,954000,103,Entertainment,Medium,12,1,3,6
스트레이키즈,2021,2021-07-21,949000,104,Other,Medium,6,1,7,2
TREASURE_MENTIONPARTY,2021,2021-01-26,942000,105,Other,Medium,21,1,1,1
BTSxLouisVuitton,2021,2021-07-07,938000,106,Entertainment,Medium,16,1,7,2
yenidensçk,2021,2021-06-09,936000,107,Other,Medium,10,1,6,2
Namjoon,2021,2021-11-24,929000,108,Other,Medium,7,1,11,2
JUNGKOOK,2021,2021-11-28,920000,109,Other,Medium,8,1,11,6
England,2021,2021-06-29,909000,110,Other,Medium,7,1,6,1
iKONxLisaOnKingdom,2021,2021-05-20,908000,111,Other,Medium,18,1,5,3
ButterCDOutNow,2021,2021-07-09,903000,112,Other,Medium,14,1,7,4
AppleEvent,2021,2021-09-14,901000,113,Technology,Medium,10,1,9,1
คณะราษเปซ,2021,2021-08-05,899000,114,Other,Medium,9,1,8,3
StopAAPIHate,2021,2021-03-30,884000,115,Other,Medium,12,1,3,1
GotARMYRightBehindYou,2021,2021-09-20,882000,116,Other,Medium,21,1,9,0
Messi,2021,2021-09-10,881000,117,Sports,Medium,5,1,9,4
Brady,2021,2021-01-25,880000,118,Other,Medium,5,1,1,0
Candyหวานจังหวานใจมิวกลัฟ,2021,2021-10-03,872000,119,Other,Medium,25,1,10,6
iyikigeldinbaba,2021,2021-07-14,870000,120,Sports,Medium,15,1,7,2
Weverse,2021,2021-08-02,867000,121,Other,Medium,7,1,8,0
Black Friday,2021,2021-11-26,860000,122,Other,Medium,12,2,11,4
지훈이의_스물두번째_봄을_축하해,2021,2021-03-13,853000,123,Other,Medium,17,1,3,5
happysunshinedae,2021,2021-09-21,852000,124,Other,Medium,16,1,9,1
SexyCutieLeaderJihoonDay,2021,2021-03-13,839000,125,Other,Medium,24,1,3,5
Mbappe,2021,2021-02-17,835000,126,Sports,Medium,6,1,2,2
11YearsOfOneDirection,2021,2021-07-23,832000,127,Other,Medium,21,1,7,4
Prince Philip,2021,2021-04-09,830000,128,Other,Medium,13,2,4,4
elmalıdavası,2021,2021-06-29,830000,129,Other,Medium,12,1,6,1
HappyEXOLDay,2021,2021-08-04,824000,130,Other,Medium,12,1,8,2
준규선생님_생일축하한다요_메롱,2021,2021-09-08,817000,131,Other,Medium,16,1,9,2
Cali,2021,2021-05-10,808000,132,Other,Medium,4,1,5,0
JusticeForRinkuSharma,2021,2021-02-12,806000,133,Social,Medium,21,1,2,4
iyikidoğdunkızım,2021,2021-06-30,805000,134,Other,Medium,16,1,6,2
Apple,2021,2021-01-09,801000,135,Technology,Medium,5,1,1,5
AStarVocalistJunkyuDay,2021,2021-09-08,799000,136,Other,Medium,22,1,9,2
OurPreciousDoyoungDay,2021,2021-01-31,794000,137,Other,Medium,21,1,1,6
L1485ToForever,2021,2021-08-04,787000,138,Other,Medium,14,1,8,2
Google,2021,2021-06-22,784000,139,Technology,Medium,6,1,6,1
ジュンギュかわいやー,2021,2021-09-08,782000,140,Other,Medium,10,1,9,2
HappySunshineDae,2021,2021-09-21,777000,141,Other,Medium,16,1,9,1
happybirthdayJHOPE,2021,2021-02-17,776000,142,Other,Medium,18,1,2,2
LVMenFW21,2021,2021-07-05,769000,143,Other,Medium,9,1,7,0
CHUANG2021Final,2021,2021-04-24,767000,144,Politics,Medium,15,1,4,5
PERMISSIONTODANCE,2021,2021-07-01,752000,145,Other,Medium,17,1,7,3
HappyBirthdayHoseok,2021,2021-02-17,748000,146,Other,Medium,19,1,2,2
FreeBritney,2021,2021-06-24,744000,147,Other,Medium,11,1,6,3
กาตุ่ยวินกินไส้กรอกซีพี,2021,2021-01-20,742000,148,Other,Medium,23,1,1,2
猫の日,2021,2021-02-22,731000,149,Other,Medium,3,1,2,0
HelloFutureWith7DREAM,2021,2021-06-28,727000,150,Other,Medium,21,1,6,0
EURO2020,2021,2021-06-11,726000,151,Other,Medium,8,1,6,4
SMTOWN_LIVE,2021,2021-01-01,725000,152,Other,Medium,11,1,1,4
Queen,2021,2021-04-09,721000,153,Other,Medium,5,1,4,4
트레저와_두손꼭잡고_걸어온_일년,2021,2021-08-06,719000,154,Other,Medium,17,1,8,4
coldplay,2021,2021-09-13,718000,155,Other,Medium,8,1,9,0
BeautifulYoshiDay,2021,2021-05-14,717000,156,Other,Medium,17,1,5,4
MEGAN,2021,2021-11-29,716000,157,Other,Medium,5,1,11,0
Euro2020Final,2021,2021-07-11,713000,158,Other,Medium,13,1,7,6
Butter1onHot100,2021,2021-06-01,710000,159,Other,Medium,15,1,6,1
まだ見ぬ世界へヨシくんと,2021,2021-05-14,708000,160,Other,Medium,12,1,5,4
ButterTeaser1,2021,2021-05-09,706000,161,Other,Medium,13,1,5,6
Olympics,2021,2021-07-23,705000,162,Sports,Medium,8,1,7,4
evlenbenimle,2021,2021-07-28,704000,163,Other,Medium,12,1,7,2
Cancun,2021,2021-02-18,701000,164,Other,Medium,6,1,2,3
RacismBayern3,2021,2021-02-26,701000,165,Sports,Medium,13,1,2,4
NCTzenSelcaDay,2021,2021-03-09,696000,166,Other,Medium,14,1,3,1
헬로퓨처_시즈니가_기다렸어,2021,2021-06-28,691000,167,Other,Medium,14,1,6,0
緊急事態宣言,2021,2021-01-07,688000,168,Other,Medium,6,1,1,3
デビュー1周年おめでTREASURE,2021,2021-08-06,687000,169,Other,Medium,18,1,8,4
ONE YEAR WITH TREASURE,2021,2021-08-06,687000,170,Technology,Medium,22,4,8,4
StrayKids_Thunderous,2021,2021-08-23,680000,171,Other,Medium,20,1,8,0
HALSEY,2021,2021-12-02,679000,172,Other,Medium,6,1,12,3
Drake,2021,2021-09-03,677000,173,Entertainment,Medium,5,1,9,4
6YearsOfLoveWithSEVENTEEN,2021,2021-05-25,666000,174,Other,Medium,25,1,5,1
스트레이키즈_소리꾼,2021,2021-08-23,660000,175,Other,Medium,10,1,8,0
분명히_더행복할_26살_도영이,2021,2021-01-31,652000,176,Other,Medium,16,1,1,6
MANAVGATYANİYOR,2021,2021-07-29,648000,177,Other,Medium,15,1,7,3
OurPrideBTS,2021,2021-09-20,648000,178,Entertainment,Medium,11,1,9,0
Liverpool,2021,2021-10-24,647000,179,Sports,Medium,9,1,10,6
정우의_스물넷_빛날거야_알잖아,2021,2021-02-18,641000,180,Other,Medium,16,1,2,3
HotSauce2ndWin,2021,2021-05-20,640000,181,Other,Medium,14,1,5,3
JIMINDAY,2021,2021-10-12,639000,182,Other,Medium,8,1,10,1
SuperBowl,2021,2021-02-08,638000,183,Sports,Medium,9,1,2,0
Sanremo2021,2021,2021-03-07,633000,184,Other,Medium,11,1,3,6
HelloFuture1stWin,2021,2021-07-08,632000,185,Other,Medium,17,1,7,3
Cuomo,2021,2021-08-04,632000,186,Other,Medium,5,1,8,2
恵方巻き,2021,2021-02-02,628000,187,Other,Medium,4,1,2,1
T A M A M,2021,2021-08-04,628000,188,Other,Medium,9,5,8,2
Chelsea,2021,2021-05-29,623000,189,Sports,Medium,7,1,5,5
NCT_Universe,2021,2021-12-10,620000,190,Other,Medium,12,1,12,4
LINETVAWARDS2021,2021,2021-08-05,616000,191,Politics,Medium,16,1,8,3
NOEASY_isCOMING,2021,2021-07-21,611000,192,Other,Medium,15,1,7,2
Thais,2021,2021-04-12,609000,193,Other,Medium,5,1,4,0
STRAY KIDS IS COMING,2021,2021-07-21,604000,194,Other,Medium,20,4,7,2
Paint_Me_Naked,2021,2021-08-02,603000,195,Other,Medium,14,1,8,0
JHOPEPlazaClaroColombia,2021,2021-02-12,599000,196,Politics,Medium,23,1,2,4
The CDC,2021,2021-12-29,592000,197,Other,Medium,7,2,12,2
OurPrideKyungsooDay,2021,2021-01-11,589000,198,Social,Medium,19,1,1,0
Rush Limbaugh,2021,2021-02-17,589000,199,Other,Medium,13,2,2,2
ครั้งหนึ่งที่รักEP2,2021,2021-07-16,589000,200,Other,Medium,19,1,7,4
FNS歌謡祭,2021,2021-12-08,584000,201,Other,Medium,6,1,12,2
JENNIEChanelPFW,2021,2021-10-05,584000,202,Entertainment,Medium,15,1,10,1
GreyApFinalTokyo2020,2021,2021-08-02,579000,203,Other,Medium,20,1,8,0
OurProducerBeomgyu,2021,2021-03-12,578000,204,Other,Medium,18,1,3,4
bambam,2021,2021-06-09,577000,205,Other,Medium,6,1,6,2
YGLetLisadoHerWork,2021,2021-10-05,577000,206,Other,Medium,18,1,10,1
Braves,2021,2021-11-03,574000,207,Other,Medium,6,1,11,2
SJ182,2021,2021-01-09,570000,208,Other,Medium,5,1,1,5
Hyunjin_LoveSTAYBoy,2021,2021-06-30,570000,209,Other,Medium,19,1,6,2
DYODAY2021,2021,2021-01-11,564000,210,Other,Medium,10,1,1,0
OurLIMITLES5NCT127,2021,2021-07-06,562000,211,Other,Medium,18,1,7,1
BLACKPINKxCORDEN,2021,2021-01-28,558000,212,Entertainment,Medium,16,1,1,3
Ronaldo,2021,2021-09-11,555000,213,Sports,Medium,7,1,9,5
Arsenal,2021,2021-08-22,541000,214,Sports,Medium,7,1,8,6
Elmalida2Cocuk,2021,2021-06-29,541000,215,Other,Medium,14,1,6,1
Lucas,2021,2021-01-27,539000,216,Other,Medium,5,1,1,2
Liz Cheney,2021,2021-05-12,539000,217,Other,Medium,10,2,5,2
Kanye,2021,2021-07-23,539000,218,Entertainment,Medium,5,1,7,4
hoshi,2021,2021-04-02,536000,219,Other,Medium,5,1,4,4
ARMYSelcaDay,2021,2021-08-02,536000,220,Other,Medium,12,1,8,0
MTVHottest,2021,2021-07-17,536000,221,Other,Medium,10,1,7,5
StrayKidsComeback,2021,2021-11-28,531000,222,Other,Medium,17,1,11,6
jaehyun,2021,2021-11-02,524000,223,Other,Medium,7,1,11,1
RepublicDay,2021,2021-01-26,521000,224,Other,Medium,11,1,1,1
Medina,2021,2021-07-27,519000,225,Other,Medium,6,1,7,1
Sora,2021,2021-10-05,519000,226,Other,Medium,4,1,10,1
Neymar,2021,2021-04-07,518000,227,Other,Medium,6,1,4,2
RedTaylorsVersion,2021,2021-11-12,517000,228,Entertainment,Medium,17,1,11,4
ไบร์ทวิน,2021,2021-05-28,516000,229,Other,Medium,8,1,5,4
MUSICDAY,2021,2021-07-03,514000,230,Entertainment,Medium,8,1,7,5
Lakers,2021,2021-08-04,512000,231,Sports,Medium,6,1,8,2
フリート,2021,2021-08-04,505000,232,Other,Medium,4,1,8,2
taylor,2021,2021-05-11,501000,233,Entertainment,Medium,6,1,5,1
Canada,2021,2021-07-01,493000,234,Politics,Medium,6,1,7,3
Copa América,2021,2021-05-31,490000,235,Sports,Medium,12,2,5,0
해피됴데이,2021,2021-01-11,489000,236,Other,Medium,5,1,1,0
Barcelona,2021,2021-02-17,488000,237,Politics,Medium,9,1,2,2
ibrahimzaraptutuklansın,2021,2021-03-07,488000,238,Other,Medium,23,1,3,6
경수야_생일축하해,2021,2021-01-11,487000,239,Other,Medium,9,1,1,0
ENHYPEN1stWin,2021,2021-05-04,486000,240,Other,Medium,13,1,5,1
HappyBirthdayJimin,2021,2021-10-12,484000,241,Other,Medium,18,1,10,1
HAPPYBIRTHDAYNAMJOON,2021,2021-09-11,481000,242,Other,Medium,20,1,9,5
29MForaBolsonaro,2021,2021-05-29,480000,243,Politics,Medium,16,1,5,5
Jungwoo,2021,2021-10-31,477000,244,Other,Medium,7,1,10,6
คลับเฮ้าส์toxic,2021,2021-11-05,477000,245,Other,Medium,15,1,11,4
Favorite1stWin,2021,2021-11-04,476000,246,Other,Medium,14,1,11,3
juliette,2021,2021-01-27,475000,247,Other,Medium,8,1,1,2
TasteTheHotSauce,2021,2021-05-10,473000,248,Other,Medium,16,1,5,0
WandaVisionFinale,2021,2021-03-05,472000,249,Other,Medium,17,1,3,4
맛잘알_시즈니픽_핫소스,2021,2021-05-10,470000,250,Other,Medium,12,1,5,0
PTD_ON_STAGE_LA_Day2,2021,2021-11-29,469000,251,Other,Medium,20,1,11,0
megan,2021,2021-08-25,468000,252,Other,Medium,5,1,8,2
Wilder,2021,2021-10-10,467000,253,Other,Medium,6,1,10,6
EUROVISION,2021,2021-05-18,466000,254,Other,Medium,10,1,5,1
정인아_미안해,2021,2021-01-03,465000,255,Other,Medium,7,1,1,6
8M2021,2021,2021-03-08,464000,256,Other,Medium,6,1,3,0
YouthStories,2021,2021-09-20,462000,257,Other,Medium,12,1,9,0
Butter7thNo1OnHot100,2021,2021-07-12,461000,258,Other,Medium,20,1,7,0
Christmas Eve,2021,2021-12-24,460000,259,Holiday,Medium,13,2,12,4
엔하이픈,2021,2021-09-02,458000,260,Other,Medium,4,1,9,3
LISA SOLO SOON,2021,2021-07-12,456000,261,Other,Medium,14,3,7,0
ForaNegoDi,2021,2021-02-15,455000,262,Other,Medium,10,1,2,0
Happy Holi,2021,2021-03-29,454000,263,Other,Medium,10,2,3,0
LISA_YouthWithYou3,2021,2021-01-07,453000,264,Other,Medium,18,1,1,3
UCLFinal,2021,2021-05-29,453000,265,Other,Medium,8,1,5,5
Switch,2021,2021-07-06,449000,266,Technology,Medium,6,1,7,1
WandaVision,2021,2021-03-05,446000,267,Other,Medium,11,1,3,4
七夕の願い事,2021,2021-07-07,444000,268,Other,Medium,6,1,7,2
音楽の日,2021,2021-07-17,441000,269,Other,Medium,4,1,7,5
ARSD,2021,2021-07-05,438000,270,Other,Medium,4,1,7,0
いい推しの日,2021,2021-11-04,436000,271,Other,Medium,6,1,11,3
スマブラ,2021,2021-10-05,435000,272,Other,Medium,4,1,10,1
Barça,2021,2021-02-17,434000,273,Other,Medium,5,1,2,2
Kelvin,2021,2021-07-25,434000,274,Other,Medium,6,1,7,6
GlobalCitizenLive,2021,2021-09-25,434000,275,Other,Medium,17,1,9,5
HAVE A SAFE FLIGHT,2021,2021-11-17,433000,276,Other,Medium,18,4,11,2
River,2021,2021-01-13,432000,277,Other,Medium,5,1,1,2
Viih,2021,2021-04-21,431000,278,Other,Medium,4,1,4,2
ツインテールの日,2021,2021-02-02,428000,279,Other,Medium,8,1,2,1
Bayern,2021,2021-04-07,428000,280,Sports,Medium,6,1,4,2
AllForJunmyeon,2021,2021-05-21,428000,281,Other,Medium,14,1,5,4
ドローン,2021,2021-07-23,428000,282,Other,Medium,4,1,7,4
Amanda Gorman,2021,2021-01-20,427000,283,Other,Medium,13,2,1,2
ベストアーティスト,2021,2021-11-17,425000,284,Other,Medium,9,1,11,2
Lov3STAYwithSKZ,2021,2021-07-31,422000,285,Other,Medium,15,1,7,5
IndependenceDay,2021,2021-08-15,422000,286,Other,Medium,15,1,8,6
Michelle,2021,2021-01-20,416000,287,Other,Medium,8,1,1,2
스테이는_3살_OH야,2021,2021-07-31,416000,288,Other,Medium,11,1,7,5
hobi,2021,2021-12-02,413000,289,Other,Medium,4,1,12,3
MAMA2021,2021,2021-12-11,413000,290,Other,Medium,8,1,12,5
jennie,2021,2021-02-24,412000,291,Entertainment,Medium,6,1,2,2
テレビゲーム総選挙,2021,2021-12-27,411000,292,Other,Medium,9,1,12,0
ダイパリメイク,2021,2021-02-26,410000,293,Other,Medium,7,1,2,4
ひな祭り,2021,2021-03-03,410000,294,Other,Medium,4,1,3,2
Seoul,2021,2021-12-03,409000,295,Other,Medium,5,1,12,4
HAPPY_BIRTH_JAY,2021,2021-04-19,406000,296,Other,Medium,15,1,4,0
BETAwards,2021,2021-06-28,405000,297,Politics,Medium,9,1,6,0
별들이_모여_종성이가_된_날,2021,2021-04-19,402000,298,Other,Medium,15,1,4,0
M1グランプリ,2021,2021-12-19,399000,299,Other,Medium,7,1,12,6
MUNLIV,2021,2021-10-24,397000,300,Other,Medium,6,1,10,6
RacismIsNotComedy,2021,2021-03-17,394000,301,Other,Medium,17,1,3,2
Lady Gaga,2021,2021-01-20,389000,302,Entertainment,Medium,9,2,1,2
サンタさん,2021,2021-12-24,389000,303,Other,Medium,5,1,12,4
CDTVライブライブ,2021,2021-12-20,388000,304,Other,Medium,10,1,12,0
BamBam_riBBon_MV,2021,2021-06-15,388000,305,Other,Medium,16,1,6,1
ソフトボール,2021,2021-07-27,386000,306,Other,Medium,6,1,7,1
COP26,2021,2021-11-01,383000,307,Other,Medium,5,1,11,0
UEFA,2021,2021-04-19,382000,308,Other,Medium,4,1,4,0
MステウルトラSUPERLIVE,2021,2021-12-24,382000,309,Other,Medium,16,1,12,4
SummerSlam,2021,2021-08-22,381000,310,Other,Medium,10,1,8,6
ButterTeaser3,2021,2021-05-12,379000,311,Other,Medium,13,1,5,2
Harden,2021,2021-01-13,377000,312,Other,Medium,6,1,1,2
Loki,2021,2021-07-14,377000,313,Other,Medium,4,1,7,2
YoursOutNow,2021,2021-11-07,377000,314,Other,Medium,11,1,11,6
Andrew,2021,2021-11-17,377000,315,Other,Medium,6,1,11,2
Butter8thNo1OnHot100,2021,2021-07-26,376000,316,Other,Medium,20,1,7,0
LALISA LOVE ME,2021,2021-09-07,375000,317,Other,Medium,14,3,9,1
WorldEnvironmentDay,2021,2021-06-05,372000,318,Social,Medium,19,1,6,5
John Madden,2021,2021-12-29,370000,319,Other,Medium,11,2,12,2
TheDay_sevENstars_Connected,2021,2021-09-17,368000,320,Other,Medium,27,1,9,4
ActressJISOODebut,2021,2021-12-16,368000,321,Entertainment,Medium,17,1,12,3
JaeDo,2021,2021-01-26,367000,322,Other,Medium,5,1,1,1
엔하이픈_7개_별들이_연결된_날,2021,2021-09-17,367000,323,Other,Medium,17,1,9,4
7YearsOfHappinessRV,2021,2021-07-31,366000,324,Other,Medium,19,1,7,5
Batman,2021,2021-10-17,366000,325,Entertainment,Medium,6,1,10,6
有馬記念,2021,2021-12-26,366000,326,Other,Medium,4,1,12,6
Portugal,2021,2021-06-23,364000,327,Other,Medium,8,1,6,2
로제_생일날_블링크마음이_벅채영,2021,2021-02-10,363000,328,Other,Medium,17,1,2,2
BANGBANGCON21,2021,2021-04-17,362000,329,Other,Medium,13,1,4,5
HungarianGP,2021,2021-08-01,362000,330,Other,Medium,11,1,8,6
chenle,2021,2021-10-31,361000,331,Other,Medium,6,1,10,6
ITAENG,2021,2021-07-11,361000,332,Other,Medium,6,1,7,6
STAY 3RD ANNIVERSARY,2021,2021-07-31,361000,333,Other,Medium,20,3,7,5
Canelo,2021,2021-11-07,361000,334,Other,Medium,6,1,11,6
เนสกาแฟหอมมหาเฮง,2021,2021-02-11,360000,335,Other,Medium,16,1,2,3
SNOWDROP PRESSCON,2021,2021-12-16,360000,336,Other,Medium,17,2,12,3
NobodyIsListening,2021,2021-01-15,359000,337,Other,Medium,17,1,1,4
UCLdraw,2021,2021-08-26,359000,338,Other,Medium,7,1,8,3
Rodolfo,2021,2021-04-06,358000,339,Other,Medium,7,1,4,1
ButterTeaser4,2021,2021-05-13,357000,340,Other,Medium,13,1,5,3
Sasha,2021,2021-02-01,355000,341,Other,Medium,5,1,2,0
BTSxMusiCares,2021,2021-03-13,355000,342,Entertainment,Medium,13,1,3,5
ブルーインパルス,2021,2021-07-23,353000,343,Other,Medium,8,1,7,4
Tiago,2021,2021-02-17,352000,344,Other,Medium,5,1,2,2
AlwaysWithENHYPEN,2021,2021-09-02,351000,345,Other,Medium,17,1,9,3
PTD_ON_STAGE_LA_Day3,2021,2021-12-02,350000,346,Other,Medium,20,1,12,3
StrayKids_WorldwideKING,2021,2021-04-15,349000,347,Other,Medium,23,1,4,3
아_박정우생일_가보자고,2021,2021-09-27,346000,348,Other,Medium,12,1,9,0
HAPPY BIRTHDAY JAY,2021,2021-04-19,345000,349,Other,Medium,18,3,4,0
IWD2021,2021,2021-03-08,344000,350,Other,Medium,7,1,3,0
BTSCrosswalk,2021,2021-12-17,344000,351,Entertainment,Medium,12,1,12,4
AFazenda,2021,2021-09-26,343000,352,Other,Medium,8,1,9,6
Michael,2021,2021-11-15,342000,353,Other,Medium,7,1,11,0
Feliz Navidad,2021,2021-12-24,341000,354,Other,Medium,13,2,12,4
Meta,2021,2021-10-28,339000,355,Technology,Medium,4,1,10,3
Jeff Bezos,2021,2021-07-20,338000,356,Other,Medium,10,2,7,1
namjoon,2021,2021-08-02,338000,357,Other,Medium,7,1,8,0
SCIENTIST,2021,2021-11-12,338000,358,Other,Medium,9,1,11,4
BTSGrammyPerformers,2021,2021-03-07,336000,359,Entertainment,Medium,19,1,3,6
Hamilton,2021,2021-07-18,336000,360,Other,Medium,8,1,7,6
우리의_웃음은_디노야_생일축하해,2021,2021-02-10,333000,361,Other,Medium,17,1,2,2
MINIMONI,2021,2021-06-24,333000,362,Other,Medium,8,1,6,3
OurAngelJimin,2021,2021-10-12,333000,363,Other,Medium,13,1,10,1
8YearsWithTaehyung,2021,2021-06-02,332000,364,Other,Medium,18,1,6,2
OurSunshineJeongwooDay,2021,2021-09-27,332000,365,Other,Medium,22,1,9,0
SHINEE,2021,2021-01-01,331000,366,Other,Medium,6,1,1,4
KPOP_HISTORY_DINO_Day,2021,2021-02-10,331000,367,Entertainment,Medium,21,1,2,2
Halsey,2021,2021-07-19,331000,368,Other,Medium,6,1,7,0
Rosamaria,2021,2021-08-04,330000,369,Other,Medium,9,1,8,2
뱀뱀_리본_뮤비,2021,2021-06-15,329000,370,Other,Medium,8,1,6,1
Ítalo,2021,2021-07-27,329000,371,Other,Medium,5,1,7,1
パクジョンウ魅力やっば,2021,2021-09-27,329000,372,Other,Medium,11,1,9,0
ファミマ,2021,2021-07-13,328000,373,Other,Medium,4,1,7,1
pride,2021,2021-06-01,327000,374,Social,Medium,5,1,6,1
Duke of Edinburgh,2021,2021-04-09,326000,375,Other,Medium,17,3,4,4
MemorialDay,2021,2021-05-31,326000,376,Social,Medium,11,1,5,0
LoveIsColorBlindWorldPremiere,2021,2021-12-09,326000,377,Entertainment,Medium,29,1,12,3
iKON_WHYWHYWHY,2021,2021-03-03,324000,378,Other,Medium,14,1,3,2
여름의태양으로_불을지필_원우생일,2021,2021-07-16,324000,379,Other,Medium,17,1,7,4
WONderfulWONWOODay,2021,2021-07-16,323000,380,Other,Medium,18,1,7,4
billie,2021,2021-09-14,323000,381,Entertainment,Medium,6,1,9,1
NOtoRacism,2021,2021-02-27,322000,382,Other,Medium,10,1,2,5
カリッとコク旨クリスピーチキンチーズ,2021,2021-07-13,321000,383,Other,Medium,18,1,7,1
天気の子,2021,2021-01-03,320000,384,Other,Medium,4,1,1,6
SKZAllAroundTheWORLD,2021,2021-05-20,320000,385,Other,Medium,20,1,5,3
Madrid,2021,2021-02-24,319000,386,Sports,Medium,6,1,2,2
7つの星が繋がった日,2021,2021-09-17,319000,387,Other,Medium,10,1,9,4
アラジン,2021,2021-05-21,318000,388,Other,Medium,4,1,5,4
Chiefs,2021,2021-02-08,317000,389,Sports,Medium,6,1,2,0
SKZ WORLD DOMINATION,2021,2021-05-20,316000,390,Other,Medium,20,3,5,3
ハッピーハロウィン,2021,2021-10-31,315000,391,Other,Medium,9,1,10,6
ITZY,2021,2021-04-30,314000,392,Other,Medium,4,1,4,4
UFC268,2021,2021-11-07,314000,393,Sports,Medium,6,1,11,6
8YearsWithJungkook,2021,2021-02-01,313000,394,Other,Medium,18,1,2,0
仕事納め,2021,2021-12-28,313000,395,Other,Medium,4,1,12,1
Fiuk,2021,2021-04-30,312000,396,Other,Medium,4,1,4,4
Caio,2021,2021-03-20,311000,397,Other,Medium,4,1,3,5
หัวท้ายตายก่อนxมิว,2021,2021-04-26,311000,398,Other,Medium,18,1,4,0
PitMad,2021,2021-06-03,311000,399,Other,Medium,6,1,6,3
ENHYPEN 1ST ANNIVERSARY,2021,2021-09-17,311000,400,Other,Medium,23,3,9,4
衣のクリスピーチキン,2021,2021-07-13,310000,401,Other,Medium,10,1,7,1
LabanLeni2022,2021,2021-10-07,310000,402,Other,Medium,13,1,10,3
Pogba,2021,2021-08-14,309000,403,Other,Medium,5,1,8,5
1YearWithSweetNight,2021,2021-03-12,308000,404,Other,Medium,19,1,3,4
kokundaaşkvar,2021,2021-02-27,306000,405,Other,Medium,13,1,2,5
オリンピック,2021,2021-07-07,306000,406,Other,Medium,6,1,7,2
AbuDhabiGP,2021,2021-12-12,306000,407,Other,Medium,10,1,12,6
Lukaku,2021,2021-08-22,305000,408,Sports,Medium,6,1,8,6
Normani,2021,2021-09-13,300000,409,Other,Medium,7,1,9,0
Chen,2021,2021-11-16,300000,410,Other,Medium,4,1,11,1
BritishGP,2021,2021-07-18,299000,411,Other,Medium,9,1,7,6
フェンシング,2021,2021-07-30,299000,412,Other,Medium,6,1,7,4
Butter9thNo1OnHot100,2021,2021-08-02,299000,413,Other,Medium,20,1,8,0
Hank Aaron,2021,2021-01-23,297000,414,Other,Medium,10,2,1,5
Fachin,2021,2021-03-09,296000,415,Other,Medium,6,1,3,1
aespa,2021,2021-04-14,295000,416,Other,Medium,5,1,4,2
Friday the 13th,2021,2021-08-13,295000,417,Other,Medium,15,3,8,4
GirlsPlanet999,2021,2021-10-15,295000,418,Other,Medium,14,1,10,4
DIMENSION_DILEMMA,2021,2021-09-16,293000,419,Other,Medium,17,1,9,3
LightOfOctober,2021,2021-10-12,292000,420,Other,Medium,14,1,10,1
OurNewBeginningWithMarkTuan,2021,2021-02-06,290000,421,Other,Medium,27,1,2,5
Jake Paul,2021,2021-04-18,290000,422,Other,Medium,9,2,4,6
ポケモン,2021,2021-08-18,290000,423,Other,Medium,4,1,8,2
PURRR,2021,2021-01-28,289000,424,Other,Medium,5,1,1,3
ButterToday,2021,2021-05-20,289000,425,Other,Medium,11,1,5,3
Donda,2021,2021-08-29,289000,426,Other,Medium,5,1,8,6
LALISA 700K WORLDWIDE,2021,2021-08-31,289000,427,Other,Medium,21,3,8,1
3JIsBack,2021,2021-09-09,289000,428,Other,Medium,8,1,9,3
Kane,2021,2021-06-29,287000,429,Other,Medium,4,1,6,1
ラフアンドミュージック,2021,2021-08-29,286000,430,Other,Medium,11,1,8,6
CHANYEOL_Tracking,2021,2021-06-02,285000,431,Other,Medium,17,1,6,2
MUFC,2021,2021-08-14,285000,432,Sports,Medium,4,1,8,5
문준휘_생일이라_행복이_원플러스원,2021,2021-06-09,284000,433,Other,Medium,18,1,6,2
TuneInForDO_2,2021,2021-07-19,284000,434,Other,Medium,13,1,7,0
NeverForget,2021,2021-09-11,284000,435,Other,Medium,11,1,9,5
공감_디오위크_D6,2021,2021-07-19,283000,436,Other,Medium,10,1,7,0
ハッピーバレンタイン,2021,2021-02-14,281000,437,Holiday,Medium,10,1,2,6
LSMVTeaser,2021,2021-09-07,281000,438,Other,Medium,10,1,9,1
キスの日,2021,2021-05-23,280000,439,Other,Medium,4,1,5,6
IN_GraduationDay,2021,2021-02-05,278000,440,Other,Medium,16,1,2,4
HelalEtmiyorum,2021,2021-05-14,277000,441,Other,Medium,14,1,5,4
10Kasım,2021,2021-11-09,277000,442,Other,Medium,7,1,11,1
ドラゴン桜,2021,2021-06-27,275000,443,Other,Medium,5,1,6,6
FallInLoveWithJunDay,2021,2021-06-09,274000,444,Other,Medium,20,1,6,2
McDonald,2021,2021-04-19,273000,445,Other,Medium,8,1,4,0
Johnson & Johnson,2021,2021-04-13,271000,446,Other,Medium,17,3,4,1
Eid Mubarak,2021,2021-05-12,271000,447,Holiday,Medium,11,2,5,2
ButterCelebrationParty,2021,2021-06-03,269000,448,Other,Medium,22,1,6,3
Seokjin,2021,2021-06-18,269000,449,Other,Medium,7,1,6,4
KYUNGSOO_Tracking,2021,2021-06-02,268000,450,Other,Medium,17,1,6,2
PermissionToDanceRnBRemix,2021,2021-07-23,268000,451,Other,Medium,25,1,7,4
UFC269,2021,2021-12-12,268000,452,Sports,Medium,6,1,12,6
ENGGER,2021,2021-06-29,267000,453,Other,Medium,6,1,6,1
Adele,2021,2021-11-19,267000,454,Entertainment,Medium,5,1,11,4
HOSEOK,2021,2021-04-01,266000,455,Other,Medium,6,1,4,3
BUY KILL MY MIND ON ITUNES,2021,2021-05-25,266000,456,Other,Medium,26,6,5,1
D E V A M,2021,2021-08-04,265000,457,Other,Medium,9,5,8,2
夫婦の日,2021,2021-11-22,265000,458,Other,Medium,4,1,11,0
LaIslaDeLasTentaciones8,2021,2021-03-05,264000,459,Other,Medium,23,1,3,4
YADINHO,2021,2021-05-14,263000,460,Other,Medium,7,1,5,4
Intro_Whiteout,2021,2021-09-16,263000,461,Other,Medium,14,1,9,3
ベストヒット歌謡祭,2021,2021-11-11,261000,462,Other,Medium,9,1,11,3
Tudum,2021,2021-09-25,260000,463,Other,Medium,5,1,9,5
CPSausageNo1LIVE,2021,2021-12-07,260000,464,Other,Medium,16,1,12,1
ピクトグラム,2021,2021-07-23,259000,465,Other,Medium,6,1,7,4
StreetWomanFighter,2021,2021-10-26,259000,466,Other,Medium,18,1,10,1
따뜻하다_범규생일이_오려나봐,2021,2021-03-12,258000,467,Other,Medium,15,1,3,4
VincenzoEp20,2021,2021-05-02,258000,468,Other,Medium,12,1,5,6
AllYourFault_Yugyeom,2021,2021-06-17,258000,469,Other,Medium,20,1,6,3
Fauci,2021,2021-07-20,258000,470,Other,Medium,5,1,7,1
É HOJE,2021,2021-11-27,257000,471,Other,Medium,6,2,11,5
8MartDünyaKadınlarGünü,2021,2021-03-08,256000,472,Other,Medium,22,1,3,0
GenocideinGaza,2021,2021-05-13,256000,473,Politics,Medium,14,1,5,3
Kenosha,2021,2021-11-19,255000,474,Other,Medium,7,1,11,4
1013Serendipity,2021,2021-10-12,254000,475,Other,Medium,15,1,10,1
Shawn,2021,2021-11-18,253000,476,Other,Medium,5,1,11,3
Rashford,2021,2021-07-11,252000,477,Other,Medium,8,1,7,6
Pamela,2021,2021-07-26,252000,478,Other,Medium,6,1,7,0
ソラ参戦,2021,2021-10-05,252000,479,Other,Medium,4,1,10,1
MAVERICK,2021,2021-11-01,252000,480,Other,Medium,8,1,11,0
SuperTunaByJin,2021,2021-12-04,252000,481,Other,Medium,14,1,12,5
مسابقه_ابوناصر١٠,2021,2021-04-22,251000,482,Other,Medium,16,1,4,3
FathersDay,2021,2021-06-20,251000,483,Holiday,Medium,10,1,6,6
Rome,2021,2021-07-11,251000,484,Other,Medium,4,1,7,6
Sismo,2021,2021-09-08,249000,485,Other,Medium,5,1,9,2
バーチャルすとぷり,2021,2021-08-28,248000,486,Other,Medium,9,1,8,5
スケボー,2021,2021-07-25,248000,487,Other,Medium,4,1,7,6
LaIslaDeLasTentaciones9,2021,2021-03-12,247000,488,Other,Medium,23,1,3,4
2YearsWithWinterBear,2021,2021-08-09,247000,489,Other,Medium,20,1,8,0
5YearsWithAGUSTD,2021,2021-08-15,247000,490,Other,Medium,16,1,8,6
4toinformeedomex,2021,2021-09-21,247000,491,Other,Medium,16,1,9,1
田村正和さん,2021,2021-05-18,246000,492,Other,Medium,6,1,5,1
FriendsReunion,2021,2021-05-27,246000,493,Other,Medium,14,1,5,3
KUSURABAKIYORUZ,2021,2021-06-22,246000,494,Other,Medium,15,1,6,1
ios15,2021,2021-09-21,246000,495,Other,Medium,5,1,9,1
無料引換クーポン,2021,2021-07-15,245000,496,Other,Medium,8,1,7,3
ARMYBTSEstaClaro,2021,2021-02-15,244000,497,Entertainment,Medium,16,1,2,0
SELENA,2021,2021-03-09,244000,498,Entertainment,Medium,6,1,3,1
Beşiktaş,2021,2021-05-01,244000,499,Other,Medium,8,1,5,5
FGO,2021,2021-10-20,244000,500,Other,Medium,3,1,10,2
skateboarding,2021,2021-07-26,243000,501,Other,Medium,13,1,7,0
BelgianGP,2021,2021-08-29,243000,502,Other,Medium,9,1,8,6
オリックス,2021,2021-10-27,241000,503,Other,Medium,5,1,10,2
Norm Macdonald,2021,2021-09-14,240000,504,Other,Medium,14,2,9,1
DONDA,2021,2021-07-23,239000,505,Other,Medium,5,1,7,4
RenanVagabundo,2021,2021-05-13,238000,506,Other,Medium,14,1,5,3
PermissionToDanceNo1OnHot100,2021,2021-07-19,238000,507,Other,Medium,28,1,7,0
LoveStreamingWithBI,2021,2021-03-19,236000,508,Entertainment,Medium,19,1,3,4
Britney,2021,2021-08-13,236000,509,Other,Medium,7,1,8,4
IndiaAt75,2021,2021-08-15,236000,510,Other,Medium,9,1,8,6
Sticker10thWin,2021,2021-10-07,236000,511,Other,Medium,14,1,10,3
BipinRawat,2021,2021-12-08,236000,512,Other,Medium,10,1,12,2
MostRequestedLive,2021,2021-10-17,234000,513,Other,Medium,17,1,10,6
어여쁜_꽃처럼_피어난_범규의_스물하나,2021,2021-03-12,234000,514,Other,Medium,20,1,3,4
ACT_BOY,2021,2021-10-03,234000,515,Other,Medium,7,1,10,6
ドラクエ,2021,2021-10-07,234000,516,Other,Medium,4,1,10,3
Dodgers,2021,2021-10-07,234000,517,Other,Medium,7,1,10,3
BellLetsTalk,2021,2021-01-28,233000,518,Other,Medium,12,1,1,3
Emmy,2021,2021-07-13,233000,519,Entertainment,Medium,4,1,7,1
オズワルド,2021,2021-12-19,232000,520,Other,Medium,5,1,12,6
bryce,2021,2021-06-13,231000,521,Other,Medium,5,1,6,6
BUTTERTHEEREMIX,2021,2021-08-25,231000,522,Other,Medium,15,1,8,2
Columbus,2021,2021-10-11,231000,523,Other,Medium,8,1,10,0
Rihanna,2021,2021-09-14,230000,524,Entertainment,Medium,7,1,9,1
DogeDay,2021,2021-04-20,229000,525,Politics,Medium,7,1,4,1
テレ東音楽祭,2021,2021-06-30,229000,526,Other,Medium,6,1,6,2
HYBE,2021,2021-03-10,228000,527,Other,Medium,4,1,3,2
PakvsIndia,2021,2021-10-24,228000,528,Other,Medium,10,1,10,6
M1GP2021,2021,2021-12-19,228000,529,Other,Medium,8,1,12,6
SixTONESANN,2021,2021-03-13,227000,530,Other,Medium,11,1,3,5
doge,2021,2021-04-16,227000,531,Politics,Medium,4,1,4,4
Butter6thNo1OnHot100,2021,2021-07-06,227000,532,Other,Medium,20,1,7,1
ValimaiMakingVideo,2021,2021-12-14,226000,533,Entertainment,Medium,18,1,12,1
V_ChristmasTree,2021,2021-12-24,226000,534,Holiday,Medium,15,1,12,4
Labour,2021,2021-05-07,225000,535,Other,Medium,6,1,5,4
無料割引クーポン,2021,2021-07-13,225000,536,Other,Medium,8,1,7,1
30AgustosZaferBayrami,2021,2021-08-30,224000,537,Entertainment,Medium,21,1,8,0
Olympics,2021,2021-07-02,223000,538,Sports,Medium,8,1,7,4
Butter10thNo1OnHot100,2021,2021-09-07,222000,539,Other,Medium,21,1,9,1
Atlas,2021,2021-12-13,222000,540,Other,Medium,5,1,12,0
SASUKE,2021,2021-12-28,222000,541,Other,Medium,6,1,12,1
MonacoGP,2021,2021-05-23,221000,542,Other,Medium,8,1,5,6
UnveilTrack_CHEESE,2021,2021-08-02,221000,543,Other,Medium,18,1,8,0
النصر_الاتحاد,2021,2021-09-18,221000,544,Sports,Medium,13,1,9,5
Yankees,2021,2021-10-06,220000,545,Other,Medium,7,1,10,2
いいツインテールの日,2021,2021-11-22,220000,546,Other,Medium,10,1,11,0
BlackFriday,2021,2021-11-26,219000,547,Other,Medium,11,1,11,4
isola,2021,2021-03-16,217000,548,Other,Medium,5,1,3,1
オベロン,2021,2021-08-11,217000,549,Other,Medium,4,1,8,2
Jake,2021,2021-08-20,217000,550,Other,Medium,4,1,8,4
RoçaAFazenda,2021,2021-09-22,217000,551,Other,Medium,12,1,9,2
dolar,2021,2021-03-22,216000,552,Other,Medium,5,1,3,0
YalnızDeğilsinEzgiMola,2021,2021-06-02,216000,553,Other,Medium,22,1,6,2
야망의사나이유겸솔로데뷔,2021,2021-06-17,216000,554,Other,Medium,12,1,6,3
IndiaTogether,2021,2021-02-03,214000,555,Other,Medium,13,1,2,2
엔시티_드림_밀리언셀러_축하해,2021,2021-05-16,214000,556,Other,Medium,16,1,5,6
MayThe4thBeWithYou,2021,2021-05-04,213000,557,Other,Medium,18,1,5,1
Sterling,2021,2021-06-29,212000,558,Other,Medium,8,1,6,1
AEWRampage,2021,2021-08-21,212000,559,Other,Medium,10,1,8,5
4toInformeEdomex,2021,2021-09-21,212000,560,Other,Medium,16,1,9,1
WhoAreYouOUTNOW,2021,2021-12-28,212000,561,Other,Medium,15,1,12,1
LaIslaDeLasTentaciones3,2021,2021-01-21,210000,562,Other,Medium,23,1,1,3
TodayIs_WendySolo,2021,2021-04-05,210000,563,Other,Medium,17,1,4,0
Tyler,2021,2021-06-25,210000,564,Other,Medium,5,1,6,4
दिल्ली_पुलिस_लठ_बजाओ,2021,2021-01-26,209000,565,Other,Medium,20,1,1,1
Independence Day,2021,2021-07-04,209000,566,Holiday,Medium,16,2,7,6
スケートボード,2021,2021-07-25,209000,567,Other,Medium,7,1,7,6
スラムダンク,2021,2021-01-07,208000,568,Other,Medium,6,1,1,3
ASAPkampeon,2021,2021-09-19,208000,569,Other,Medium,11,1,9,6
PakvsAfg,2021,2021-10-29,208000,570,Other,Medium,8,1,10,4
CathyDollBrightSkinWinMyHeart,2021,2021-11-29,208000,571,Social,Medium,29,1,11,0
BlackClover_with_TREASURE,2021,2021-01-05,207000,572,Other,Medium,25,1,1,1
Baylor,2021,2021-04-06,207000,573,Other,Medium,6,1,4,1
AuguSKZ,2021,2021-08-02,207000,574,Other,Medium,7,1,8,0
Welcomebambamtothailand,2021,2021-12-21,207000,575,Other,Medium,23,1,12,1
Projota,2021,2021-01-20,206000,576,Sports,Medium,7,1,1,2
BBB101,2021,2021-05-09,206000,577,Other,Medium,6,1,5,6
TwitterBan,2021,2021-06-05,206000,578,Technology,Medium,10,1,6,5
ARSunshineDay,2021,2021-09-16,206000,579,Other,Medium,13,1,9,3
エフフォーリア,2021,2021-12-26,205000,580,Other,Medium,7,1,12,6
MUSICBLOOD,2021,2021-06-18,205000,581,Entertainment,Medium,10,1,6,4
Atlético,2021,2021-09-29,205000,582,Other,Medium,8,1,9,2
Duda Reis,2021,2021-01-13,204000,583,Other,Medium,9,2,1,2
BLEACH,2021,2021-12-18,204000,584,Other,Medium,6,1,12,5
ブラクロ,2021,2021-01-05,202000,585,Other,Medium,4,1,1,1
Nickelodeon,2021,2021-01-11,202000,586,Other,Medium,11,1,1,0
tzvip,2021,2021-01-26,202000,587,Other,Medium,5,1,1,1
Germany,2021,2021-06-23,202000,588,Other,Medium,7,1,6,2
SamsungUnpacked,2021,2021-01-14,200000,589,Technology,Medium,15,1,1,3
Camilla,2021,2021-02-23,200000,590,Other,Medium,7,1,2,1
LoveIsland,2021,2021-07-23,200000,591,Other,Medium,10,1,7,4
Japão,2021,2021-07-27,200000,592,Other,Medium,5,1,7,1
LIVMUN,2021,2021-01-17,199000,593,Other,Medium,6,1,1,6
aespaGoesSavage,2021,2021-10-05,199000,594,Other,Medium,15,1,10,1
العطاء_باحسان,2021,2021-04-22,198000,595,Other,Medium,13,1,4,3
CPIdaCovid,2021,2021-06-26,198000,596,Social,Medium,10,1,6,5
FixOnMingiToday,2021,2021-08-08,198000,597,Other,Medium,15,1,8,6
yugyeom,2021,2021-01-06,196000,598,Other,Medium,7,1,1,2
Happy8YearsWithJimin,2021,2021-01-11,196000,599,Other,Medium,20,1,1,0
OnTheGroundinTwoDays,2021,2021-03-09,196000,600,Other,Medium,20,1,3,1
VERZUZ,2021,2021-05-09,196000,601,Other,Medium,6,1,5,6
vinnie,2021,2021-06-13,196000,602,Other,Medium,6,1,6,6
INTO1x616Kuaishou,2021,2021-06-15,196000,603,Other,Medium,17,1,6,1
Griezmann,2021,2021-08-31,196000,604,Other,Medium,9,1,8,1
Gabi,2021,2021-02-01,195000,605,Other,Medium,4,1,2,0
renjun,2021,2021-04-03,195000,606,Other,Medium,6,1,4,5
Baekhyun,2021,2021-09-15,194000,607,Other,Medium,8,1,9,2
TXT_TheDoomsNight,2021,2021-04-18,193000,608,Other,Medium,17,1,4,6
Happy 4th of July,2021,2021-07-04,193000,609,Holiday,Medium,17,4,7,6
Corinthians,2021,2021-08-01,193000,610,Other,Medium,11,1,8,6
Gilberto,2021,2021-04-21,191000,611,Other,Medium,8,1,4,2
SoyluyaSoruyorum,2021,2021-05-24,191000,612,Other,Medium,16,1,5,0
縦長サムネ,2021,2021-05-06,190000,613,Other,Medium,5,1,5,3
AskMewSuppasit,2021,2021-01-15,189000,614,Other,Medium,14,1,1,4
Cowboys,2021,2021-09-10,189000,615,Other,Medium,7,1,9,4
LEAN ON US JUNGKOOK,2021,2021-05-14,189000,616,Other,Medium,19,4,5,4
레드벨벳퀸덤_라띠라뚜빠빠디라,2021,2021-08-16,189000,617,Other,Medium,15,1,8,0
Young Boys,2021,2021-09-14,189000,618,Other,Medium,10,2,9,1
THEMUSICDAY,2021,2021-07-03,188000,619,Entertainment,Medium,11,1,7,5
ヒカキンサンタ,2021,2021-12-18,188000,620,Other,Medium,7,1,12,5
SurvivorSeries,2021,2021-11-22,187000,621,Entertainment,Medium,14,1,11,0
HAPPY PRIDE MONTH,2021,2021-06-01,186000,622,Social,Medium,17,3,6,1
3JComesToDominateWithHisDance,2021,2021-09-09,186000,623,Other,Medium,29,1,9,3
Sticker5thWin,2021,2021-09-29,186000,624,Other,Medium,13,1,9,2
VibinWithYoungjae,2021,2021-10-05,186000,625,Other,Medium,17,1,10,1
BELFRA,2021,2021-10-08,185000,626,Other,Medium,6,1,10,4
天使シリーズ第2世代獣神化,2021,2021-07-22,184000,627,Other,Medium,13,1,7,3
天使の福音,2021,2021-07-22,184000,628,Other,Medium,5,1,7,3
PcrDayatmasıDurdurulsun,2021,2021-08-20,184000,629,Other,Medium,23,1,8,4
WeMakeHistoryTogetherARMY,2021,2021-09-07,184000,630,Other,Medium,25,1,9,1
الاتحاد_lلاهلي,2021,2021-10-01,184000,631,Other,Medium,14,1,10,4
18martcanakkalezaferi,2021,2021-03-18,183000,632,Other,Medium,21,1,3,3
古畑任三郎,2021,2021-05-18,183000,633,Other,Medium,5,1,5,1
PKKyaktı,2021,2021-07-29,183000,634,Other,Medium,8,1,7,3
AllAboutYugyeomDay,2021,2021-11-16,183000,635,Other,Medium,18,1,11,1
うたコン,2021,2021-12-07,183000,636,Other,Medium,4,1,12,1
SnowMan生配信,2021,2021-01-20,182000,637,Other,Medium,10,1,1,2
IndiaAgainstPropaganda,2021,2021-02-03,182000,638,Other,Medium,22,1,2,2
ENHYPENon2021MAMA,2021,2021-12-11,182000,639,Other,Medium,17,1,12,5
Henry,2021,2021-04-08,181000,640,Other,Medium,5,1,4,3
SFmss,2021,2021-06-18,181000,641,Other,Medium,5,1,6,4
Rafael Portugal,2021,2021-02-17,180000,642,Other,Medium,15,2,2,2
MUNLEE,2021,2021-08-14,180000,643,Other,Medium,6,1,8,5
Leeds,2021,2021-08-14,180000,644,Other,Medium,5,1,8,5
MUNNEW,2021,2021-09-11,180000,645,Other,Medium,6,1,9,5
BadBuddySeriesEP7,2021,2021-12-10,180000,646,Entertainment,Medium,17,1,12,4
Mステ,2021,2021-02-19,179000,647,Other,Medium,3,1,2,4
B.I MIDNIGHT BLUE OUT NOW,2021,2021-03-19,179000,648,Other,Medium,25,5,3,4
Nicki,2021,2021-05-10,179000,649,Other,Medium,5,1,5,0
여전히_소중한영재_생일축하해,2021,2021-09-16,179000,650,Other,Medium,15,1,9,3
loveIsland,2021,2021-07-27,178000,651,Other,Medium,10,1,7,1
InternetShutDown,2021,2021-10-05,178000,652,Technology,Medium,16,1,10,1
Bears,2021,2021-01-11,177000,653,Other,Medium,5,1,1,0
10yearswithJungkook,2021,2021-04-23,177000,654,Other,Medium,19,1,4,4
Benzema,2021,2021-06-02,177000,655,Other,Medium,7,1,6,2
Soulja,2021,2021-06-27,177000,656,Other,Medium,6,1,6,6
プロセカ生放送,2021,2021-11-22,177000,657,Other,Medium,7,1,11,0
FIRST_IMPACT,2021,2021-11-30,177000,658,Other,Medium,12,1,11,1
뷔스트_스밍다운해,2021,2021-12-24,177000,659,Other,Medium,9,1,12,4
Lille,2021,2021-05-23,176000,660,Other,Medium,5,1,5,6
WannaOne,2021,2021-12-11,176000,661,Other,Medium,8,1,12,5
Thailand,2021,2021-12-29,176000,662,Other,Medium,8,1,12,2
Lola,2021,2021-03-05,175000,663,Other,Medium,4,1,3,4
IBelieveInPineapplePizza,2021,2021-03-18,175000,664,Technology,Medium,24,1,3,3
IBelieveInConnection,2021,2021-03-18,175000,665,Other,Medium,20,1,3,3
不破湊3D,2021,2021-06-04,175000,666,Other,Medium,5,1,6,4
비아이_깊은밤의_위로,2021,2021-03-19,174000,667,Other,Medium,11,1,3,4
BizimCocuklar,2021,2021-06-11,174000,668,Other,Medium,13,1,6,4
BE READY INDOMY,2021,2021-07-08,174000,669,Other,Medium,15,3,7,3
ENHYPEN MAKE SOME NOISE,2021,2021-12-11,174000,670,Other,Medium,23,4,12,5
Lamela,2021,2021-03-14,173000,671,Other,Medium,6,1,3,6
IBelieveInSettingGoals,2021,2021-03-18,173000,672,Sports,Medium,22,1,3,3
lorde,2021,2021-06-08,173000,673,Other,Medium,5,1,6,1
Chat_with_Kep1er,2021,2021-11-30,173000,674,Other,Medium,16,1,11,1
seokjin,2021,2021-03-13,172000,675,Other,Medium,7,1,3,5
モンハン,2021,2021-03-26,172000,676,Other,Medium,4,1,3,4
PaintMeNaked_MVTeaser,2021,2021-08-09,172000,677,Other,Medium,21,1,8,0
눈처럼_포근한_수빈이의_겨울,2021,2021-12-04,172000,678,Other,Medium,15,1,12,5
FCBPSG,2021,2021-02-17,171000,679,Sports,Medium,6,1,2,2
الاهلي,2021,2021-07-17,171000,680,Sports,Medium,6,1,7,5
MeghanandHarryonOprah,2021,2021-03-09,170000,681,Other,Medium,21,1,3,1
ครึ่งชีวิตทั้งจิตใจEarthMix,2021,2021-04-26,169000,682,Other,Medium,27,1,4,0
FicaGil,2021,2021-05-01,169000,683,Other,Medium,7,1,5,5
PortfolioDay,2021,2021-07-13,168000,684,Other,Medium,12,1,7,1
달빛같은유겸이_생일축하해,2021,2021-11-16,168000,685,Other,Medium,13,1,11,1
SBLV,2021,2021-02-08,167000,686,Other,Medium,4,1,2,0
RocioVerdad1,2021,2021-03-22,167000,687,Other,Medium,12,1,3,0
Alonso,2021,2021-08-01,167000,688,Other,Medium,6,1,8,6
DebatBFMTV,2021,2021-09-23,167000,689,Other,Medium,10,1,9,3
투바투가_들려줄_영원한_러브송,2021,2021-05-30,166000,690,Other,Medium,16,1,5,6
Bill Cosby,2021,2021-06-30,166000,691,Other,Medium,10,2,6,2
UFC257,2021,2021-01-24,165000,692,Sports,Medium,6,1,1,6
まどマギ,2021,2021-04-25,165000,693,Other,Medium,4,1,4,6
TimeToFREEZE,2021,2021-05-30,165000,694,Other,Medium,12,1,5,6
Verstappen,2021,2021-12-12,165000,695,Other,Medium,10,1,12,6
석진이_Yours_박박,2021,2021-11-06,165000,696,Other,Medium,12,1,11,5
Pablo,2021,2021-08-18,164000,697,Other,Medium,5,1,8,2
CSKvRCB,2021,2021-04-25,164000,698,Other,Medium,7,1,4,6
brits2021,2021,2021-05-11,164000,699,Other,Medium,9,1,5,1
HUTRI76,2021,2021-08-17,164000,700,Other,Medium,7,1,8,1
Asif Ali,2021,2021-10-29,164000,701,Other,Medium,8,2,10,4
Conte,2021,2021-11-01,164000,702,Other,Medium,5,1,11,0
Saka,2021,2021-06-22,163000,703,Other,Medium,4,1,6,1
غزه_تنتصر,2021,2021-05-20,163000,704,Other,Medium,9,1,5,3
Chris Paul,2021,2021-07-01,163000,705,Other,Medium,10,2,7,3
サッカー,2021,2021-07-22,163000,706,Other,Medium,4,1,7,3
QUEENDOM D-DAY,2021,2021-08-16,163000,707,Other,Medium,14,2,8,0
Di Maria,2021,2021-07-11,162000,708,Other,Medium,8,2,7,6
にじさんじ甲子園,2021,2021-08-14,162000,709,Other,Medium,8,1,8,5
EpiphanyMV100M,2021,2021-10-14,162000,710,Other,Medium,14,1,10,3
勤労感謝の日,2021,2021-11-23,162000,711,Other,Medium,6,1,11,1
CutestGirlJihyoDay,2021,2021-01-31,161000,712,Other,Medium,18,1,1,6
Mac Jones,2021,2021-04-30,161000,713,Other,Medium,9,2,4,4
Jadue,2021,2021-07-12,161000,714,Other,Medium,5,1,7,0
Desmond Tutu,2021,2021-12-26,161000,715,Other,Medium,12,2,12,6
Simone Biles,2021,2021-07-27,160000,716,Other,Medium,12,2,7,1
HesIntoHerEp10,2021,2021-07-30,160000,717,Other,Medium,14,1,7,4
여섯시_아스트로_애프터미드나잇,2021,2021-08-02,160000,718,Other,Medium,16,1,8,0
BJKvGS,2021,2021-01-17,159000,719,Other,Medium,6,1,1,6
LALxDarkBlueKiss,2021,2021-06-19,159000,720,Other,Medium,16,1,6,5
PORFRA,2021,2021-06-23,159000,721,Other,Medium,6,1,6,2
lovelive,2021,2021-08-15,159000,722,Other,Medium,8,1,8,6
岸田さん,2021,2021-09-29,159000,723,Other,Medium,4,1,9,2
LargestVaccineDrive,2021,2021-01-16,158000,724,Social,Medium,19,1,1,5
BJKvHTY,2021,2021-05-01,158000,725,Other,Medium,7,1,5,5
結婚発表,2021,2021-09-28,158000,726,Other,Medium,4,1,9,1
キングダムハーツ,2021,2021-10-05,158000,727,Other,Medium,8,1,10,1
FarmLaws,2021,2021-11-19,158000,728,Other,Medium,8,1,11,4
Old Trafford,2021,2021-05-02,157000,729,Other,Medium,12,2,5,6
Aaron Rodgers,2021,2021-11-05,157000,730,Other,Medium,13,2,11,4
HallyuFestival2021xBamBam,2021,2021-11-06,157000,731,Other,Medium,25,1,11,5
Seahawks,2021,2021-01-10,156000,732,Other,Medium,8,1,1,6
ImpeachBidenNow,2021,2021-01-22,156000,733,Politics,Medium,15,1,1,4
THESHOWToday,2021,2021-01-31,156000,734,Other,Medium,12,1,1,6
해맑은_앙글이_축하해,2021,2021-01-31,156000,735,Other,Medium,11,1,1,6
Haaland,2021,2021-03-06,156000,736,Sports,Medium,7,1,3,5
Scotland,2021,2021-06-14,156000,737,Other,Medium,8,1,6,0
おげんさん,2021,2021-11-23,156000,738,Other,Medium,5,1,11,1
AAA2021,2021,2021-12-02,156000,739,Other,Medium,7,1,12,3
CheDioCiAiuti6,2021,2021-03-12,155000,740,Politics,Medium,14,1,3,4
Keiko,2021,2021-05-01,155000,741,Other,Medium,5,1,5,5
BBNaija,2021,2021-07-31,155000,742,Other,Medium,7,1,7,5
29Ekim,2021,2021-10-29,155000,743,Other,Medium,6,1,10,4
지리산에_뜬_우리의달_석진이,2021,2021-11-06,155000,744,Other,Medium,15,1,11,5
Ayuso,2021,2021-03-10,154000,745,Other,Medium,5,1,3,2
에스파의_넥스트레벨은_세비지,2021,2021-10-05,154000,746,Other,Medium,15,1,10,1
Alec Baldwin,2021,2021-10-22,154000,747,Other,Medium,12,2,10,4
WorldSeries,2021,2021-11-03,154000,748,Entertainment,Medium,11,1,11,2
الهلال_النصر,2021,2021-12-16,154000,749,Sports,Medium,12,1,12,3
SHINExTOGETHER,2021,2021-03-06,153000,750,Other,Medium,14,1,3,5
HodriMeydan,2021,2021-04-04,153000,751,Other,Medium,11,1,4,6
GERHUN,2021,2021-06-23,153000,752,Other,Medium,6,1,6,2
Perez,2021,2021-12-12,153000,753,Other,Medium,5,1,12,6
LIVE ELBA E JULIETTE,2021,2021-06-24,152000,754,Other,Medium,20,4,6,3
LOONA,2021,2021-06-28,152000,755,Other,Medium,5,1,6,0
DebateChvCnn,2021,2021-09-23,152000,756,Politics,Medium,12,1,9,3
Calamidade,2021,2021-10-17,152000,757,Other,Medium,10,1,10,6
SOLM,2021,2021-10-21,152000,758,Other,Medium,4,1,10,3
UFC267,2021,2021-10-30,152000,759,Sports,Medium,6,1,10,5
TGTATBO,2021,2021-01-15,151000,760,Other,Medium,7,1,1,4
Dreamcatcher,2021,2021-01-26,151000,761,Other,Medium,12,1,1,1
Bow Wow,2021,2021-06-27,151000,762,Other,Medium,7,2,6,6
17an,2021,2021-08-17,151000,763,Other,Medium,4,1,8,1
OleOut,2021,2021-10-24,151000,764,Other,Medium,6,1,10,6
YoursByJin,2021,2021-11-07,151000,765,Other,Medium,10,1,11,6
OurMiracleSoobinDay,2021,2021-12-04,151000,766,Other,Medium,19,1,12,5
RocioSeguirViva,2021,2021-06-02,150000,767,Other,Medium,15,1,6,2
9Hot100ProducerRM,2021,2021-06-03,150000,768,Other,Medium,17,1,6,3
Haiti,2021,2021-07-07,150000,769,Other,Medium,5,1,7,2
Macron20h,2021,2021-11-09,150000,770,Politics,Medium,9,1,11,1
Rand Paul,2021,2021-07-20,150000,771,Other,Medium,9,2,7,1
GMMTVSafeHouseSS2D1,2021,2021-11-15,150000,772,Other,Medium,19,1,11,0
Steph,2021,2021-04-20,149000,773,Other,Medium,5,1,4,1
Bucks,2021,2021-07-21,149000,774,Other,Medium,5,1,7,2
Astros,2021,2021-10-23,149000,775,Other,Medium,6,1,10,5
BUY DEFENCELESS ON ITUNES,2021,2021-03-16,148000,776,Other,Medium,25,4,3,1
TZUYU_MELODY_PROJECT,2021,2021-06-27,148000,777,Other,Medium,20,1,6,6
AwayFromHome,2021,2021-09-04,148000,778,Other,Medium,12,1,9,5
Perú,2021,2021-10-14,148000,779,Other,Medium,4,1,10,3
الهلال_الاهلي,2021,2021-10-29,148000,780,Sports,Medium,13,1,10,4
和田アキ子さん_JO1,2021,2021-12-01,148000,781,Other,Medium,11,1,12,2
TAEKOOK,2021,2021-12-08,148000,782,Other,Medium,7,1,12,2
ImpeachmentDay,2021,2021-01-13,147000,783,Politics,Medium,14,1,1,2
LIVCHE,2021,2021-03-05,147000,784,Other,Medium,6,1,3,4
Giannis,2021,2021-06-16,147000,785,Sports,Medium,7,1,6,2
Kevin Durant,2021,2021-06-16,147000,786,Other,Medium,12,2,6,2
JO1とおどるポンポコリン,2021,2021-08-29,147000,787,Other,Medium,13,1,8,6
jongdae,2021,2021-11-16,147000,788,Other,Medium,7,1,11,1
初出演おめでとう_JO1,2021,2021-12-07,147000,789,Other,Medium,12,1,12,1
Lucía,2021,2021-03-12,146000,790,Other,Medium,5,1,3,4
VivoV215GLaunch,2021,2021-05-10,146000,791,Technology,Medium,15,1,5,0
แค่ไหนก็ใกล้,2021,2021-05-10,146000,792,Other,Medium,12,1,5,0
PROUD OF LOUIS,2021,2021-05-10,146000,793,Other,Medium,14,3,5,0
インディアンス,2021,2021-12-19,146000,794,Other,Medium,7,1,12,6
AçıkveNetÖzel,2021,2021-05-24,145000,795,Other,Medium,13,1,5,0
Austria,2021,2021-06-27,145000,796,Other,Medium,7,1,6,6
グランアレグリア,2021,2021-11-21,145000,797,Other,Medium,8,1,11,6
タマモクロス,2021,2021-12-20,145000,798,Other,Medium,6,1,12,0
Doja,2021,2021-06-25,144000,799,Politics,Medium,4,1,6,4
EidAlAdha,2021,2021-07-20,144000,800,Holiday,Medium,9,1,7,1
ClaroQueAmamosAJimin,2021,2021-10-08,144000,801,Other,Medium,20,1,10,4
YouAllOverMe,2021,2021-03-26,143000,802,Other,Medium,12,1,3,4
FueraMolano,2021,2021-05-24,143000,803,Other,Medium,11,1,5,0
Hockey,2021,2021-08-02,143000,804,Other,Medium,6,1,8,0
VivoV215GxWin,2021,2021-05-10,142000,805,Technology,Medium,13,1,5,0
彼女はキレイだった,2021,2021-07-06,142000,806,Other,Medium,9,1,7,1
Sxygirl,2021,2021-10-21,142000,807,Other,Medium,7,1,10,3
Park Jimin,2021,2021-05-13,141000,808,Other,Medium,10,2,5,3
halaaşığım,2021,2021-06-16,141000,809,Other,Medium,10,1,6,2
土用の丑の日,2021,2021-07-28,141000,810,Other,Medium,6,1,7,2
7FATES_CHAKHO,2021,2021-12-20,141000,811,Other,Medium,13,1,12,0
Sehun,2021,2021-02-12,140000,812,Other,Medium,5,1,2,4
青天を衝け,2021,2021-12-26,140000,813,Other,Medium,5,1,12,6
AmbedkarJayanti,2021,2021-04-14,140000,814,Other,Medium,15,1,4,2
앟_아기볶음밥주연_생일이닿,2021,2021-01-14,139000,815,Other,Medium,14,1,1,3
neyday,2021,2021-04-13,139000,816,Other,Medium,6,1,4,1
تويتر,2021,2021-04-17,139000,817,Other,Medium,5,1,4,5
산중호걸이라하는_호시의_날이되어,2021,2021-06-14,139000,818,Other,Medium,17,1,6,0
Gabigol,2021,2021-08-29,139000,819,Other,Medium,7,1,8,6
IndigenousPeoplesDay,2021,2021-10-11,139000,820,Other,Medium,20,1,10,0
TrumpBanned,2021,2021-01-09,138000,821,Politics,Medium,11,1,1,5
Deji,2021,2021-06-13,138000,822,Other,Medium,4,1,6,6
الهلال_التعاون,2021,2021-08-20,138000,823,Sports,Medium,14,1,8,4
応募規約,2021,2021-09-12,138000,824,Other,Medium,4,1,9,6
Arcane,2021,2021-11-20,138000,825,Other,Medium,6,1,11,5
DynamiteTo1B,2021,2021-04-12,137000,826,Other,Medium,12,1,4,0
UFC263,2021,2021-06-13,137000,827,Sports,Medium,6,1,6,6
Warriors,2021,2021-01-19,136000,828,Politics,Medium,8,1,1,1
Trae Young,2021,2021-06-24,136000,829,Other,Medium,10,2,6,3
GoodLuckMcLeeKnow,2021,2021-08-14,136000,830,Other,Medium,17,1,8,5
TeuDay_DDAY,2021,2021-10-02,136000,831,Other,Medium,11,1,10,5
GetwellsoonLisa,2021,2021-11-24,136000,832,Other,Medium,15,1,11,2
CandidatoLlegoTuHora,2021,2021-12-09,136000,833,Other,Medium,20,1,12,3
ولي_العهد,2021,2021-02-24,135000,834,Other,Medium,9,1,2,2
Dynamite32ndWin,2021,2021-03-05,135000,835,Other,Medium,15,1,3,4
BamBamVliveisHere,2021,2021-04-05,135000,836,Other,Medium,17,1,4,0
PermissionToDance1stWin,2021,2021-07-17,135000,837,Other,Medium,23,1,7,5
Dr. Dre,2021,2021-01-06,134000,838,Other,Medium,7,2,1,2
BlackHistoryMonth,2021,2021-02-01,134000,839,Other,Medium,17,1,2,0
호시_믹스테잎_스파이더_6시,2021,2021-04-02,134000,840,Other,Medium,15,1,4,4
LoveLIADay,2021,2021-07-20,134000,841,Other,Medium,10,1,7,1
PremioMultishow,2021,2021-12-09,134000,842,Other,Medium,15,1,12,3
gfvip,2021,2021-01-26,133000,843,Other,Medium,5,1,1,1
HAPPY BIRTHDAY DREAM,2021,2021-08-12,133000,844,Other,Medium,20,3,8,3
JIN OST,2021,2021-11-03,133000,845,Other,Medium,7,2,11,2
Goya2021,2021,2021-03-07,132000,846,Other,Medium,8,1,3,6
WOOZI,2021,2021-12-02,131000,847,Other,Medium,5,1,12,3
LISAXCELINE,2021,2021-12-03,131000,848,Other,Medium,11,1,12,4
岸辺露伴は動かない,2021,2021-12-28,131000,849,Other,Medium,9,1,12,1
bbtvi,2021,2021-03-14,130000,850,Other,Medium,5,1,3,6
ころんくん誕生祭2021,2021,2021-05-28,130000,851,Other,Medium,12,1,5,4
Nadal,2021,2021-06-11,130000,852,Other,Medium,5,1,6,4
Clippers,2021,2021-06-19,130000,853,Other,Medium,8,1,6,5
StyrianGP,2021,2021-06-27,130000,854,Other,Medium,9,1,6,6
SnakeOzunaLisaMegan,2021,2021-10-21,130000,855,Other,Medium,19,1,10,3
ずっとJUMPもっとJUMP,2021,2021-11-14,130000,856,Other,Medium,14,1,11,6
SASUKE2021,2021,2021-12-28,130000,857,Other,Medium,10,1,12,1
Cardi,2021,2021-02-05,129000,858,Other,Medium,5,1,2,4
まふまふ東京ドームオンライン,2021,2021-05-05,129000,859,Other,Medium,14,1,5,2
Chocobar,2021,2021-05-28,129000,860,Other,Medium,8,1,5,4
TharnTypeSS2SpecialEP,2021,2021-02-13,128000,861,Politics,Medium,21,1,2,5
SeninleyizErdoğan,2021,2021-03-20,128000,862,Other,Medium,17,1,3,5
HalkınVekiliGözaltında,2021,2021-03-21,128000,863,Other,Medium,22,1,3,6
ASTRO_ONE3rdWin,2021,2021-04-15,128000,864,Other,Medium,15,1,4,3
SiddharthShukla,2021,2021-09-02,128000,865,Other,Medium,15,1,9,3
Lampard,2021,2021-01-20,127000,866,Other,Medium,7,1,1,2
PRODUCERbyLAY,2021,2021-02-05,127000,867,Other,Medium,13,1,2,4
BBBAEliminacao,2021,2021-02-17,127000,868,Other,Medium,14,1,2,2
pudrasekeri,2021,2021-03-28,127000,869,Other,Medium,11,1,3,6
cukurveda,2021,2021-06-08,127000,870,Other,Medium,9,1,6,1
Manavgat,2021,2021-07-28,127000,871,Other,Medium,8,1,7,2
閉会式,2021,2021-09-05,127000,872,Other,Medium,3,1,9,6
Michigan,2021,2021-10-30,127000,873,Other,Medium,8,1,10,5
ITAAUT,2021,2021-06-27,125000,874,Other,Medium,6,1,6,6
TRIGGER,2021,2021-07-03,125000,875,Other,Medium,7,1,7,5
AzraGülendamHaytaoğlu,2021,2021-08-02,125000,876,Other,Medium,21,1,8,0
DutchGP,2021,2021-09-05,125000,877,Other,Medium,7,1,9,6
ActressJISOOinterview,2021,2021-10-29,125000,878,Entertainment,Medium,21,1,10,4
ThankYouBTS,2021,2021-02-20,124000,879,Entertainment,Medium,11,1,2,5
さく咲くわいわい,2021,2021-04-29,124000,880,Other,Medium,8,1,4,3
NeerajChopra,2021,2021-08-07,124000,881,Other,Medium,12,1,8,5
Naranjo,2021,2021-11-08,124000,882,Other,Medium,7,1,11,0
Rams,2021,2021-11-12,123000,883,Other,Medium,4,1,11,4
OurTigerHOSHIDay,2021,2021-06-14,123000,884,Other,Medium,16,1,6,0
MirabaiChanu,2021,2021-07-24,123000,885,Other,Medium,12,1,7,5
aespa_1stAENNIVERSARY,2021,2021-11-16,123000,886,Other,Medium,21,1,11,1
Felix,2021,2021-11-28,123000,887,Other,Medium,5,1,11,6
หมอชนะ,2021,2021-01-07,122000,888,Other,Medium,6,1,1,3
SnyderCut,2021,2021-03-18,122000,889,Other,Medium,9,1,3,3
LEXIE,2021,2021-03-26,122000,890,Other,Medium,5,1,3,4
前澤13の事業,2021,2021-01-01,121000,891,Other,Medium,7,1,1,4
逃走中,2021,2021-05-05,121000,892,Other,Medium,3,1,5,2
SecretGala9,2021,2021-11-12,121000,893,Other,Medium,11,1,11,4
Lions,2021,2021-11-15,120000,894,Other,Medium,5,1,11,0
ReclaimTheseStreets,2021,2021-03-14,120000,895,Other,Medium,19,1,3,6
Hawks,2021,2021-06-24,120000,896,Other,Medium,5,1,6,3
Only Fans,2021,2021-08-20,120000,897,Other,Medium,9,2,8,4
Wisconsin,2021,2021-11-19,120000,898,Politics,Medium,9,1,11,4
SalamatSHOPEE,2021,2021-06-06,119000,899,Other,Medium,13,1,6,6
ProvaDoFazendeiro,2021,2021-10-14,119000,900,Other,Medium,17,1,10,3
SpotifyWrapped,2021,2021-12-01,119000,901,Entertainment,Medium,14,1,12,2
うごくちゃん,2021,2021-01-08,118000,902,Other,Medium,6,1,1,4
Yintalkwithfan,2021,2021-01-14,118000,903,Other,Medium,14,1,1,3
LALxแก๊งเพื่อนไทน์,2021,2021-06-25,118000,904,Other,Medium,18,1,6,4
TürkiyeYanıyor,2021,2021-07-29,118000,905,Other,Medium,14,1,7,3
빛나는_석진이의_에피파니_1억뷰,2021,2021-10-14,118000,906,Other,Medium,17,1,10,3
ChooseToChallenge,2021,2021-03-08,117000,907,Other,Medium,17,1,3,0
Jazz,2021,2021-06-19,117000,908,Other,Medium,4,1,6,5
郷ひろみ_JO1,2021,2021-07-14,117000,909,Other,Medium,8,1,7,2
Chargers,2021,2021-12-17,117000,910,Other,Medium,8,1,12,4
Onet64,2021,2021-04-26,116000,911,Other,Medium,6,1,4,0
PortugueseGP,2021,2021-05-02,116000,912,Other,Medium,12,1,5,6
相葉くん,2021,2021-09-28,116000,913,Other,Medium,4,1,9,1
GandhiJayanti,2021,2021-10-02,116000,914,Other,Medium,13,1,10,5
虹ヶ咲KSF_DAY2,2021,2021-03-21,115000,915,Other,Medium,11,1,3,6
BBBDia101,2021,2021-05-09,115000,916,Other,Medium,9,1,5,6
YOU'RE THE ONLY ONE TREASURE,2021,2021-06-06,115000,917,Other,Medium,28,5,6,6
Wales,2021,2021-06-26,115000,918,Other,Medium,5,1,6,5
地震の影響,2021,2021-10-08,115000,919,Other,Medium,5,1,10,4
Bama,2021,2021-01-12,114000,920,Other,Medium,4,1,1,1
SZ10TH,2021,2021-07-11,114000,921,Other,Medium,6,1,7,6
GetwellsoonSUGA,2021,2021-12-24,114000,922,Other,Medium,15,1,12,4
ParakramDivas,2021,2021-01-23,113000,923,Other,Medium,13,1,1,5
AZALEAライブ上映会,2021,2021-02-28,113000,924,Other,Medium,12,1,2,6
Sporting,2021,2021-05-11,113000,925,Sports,Medium,8,1,5,1
Paulo Londra,2021,2021-09-04,113000,926,Other,Medium,12,2,9,5
博衣こより初配信,2021,2021-11-28,113000,927,Other,Medium,8,1,11,6
Burnley,2021,2021-01-21,112000,928,Other,Medium,7,1,1,3
ネプリーグ,2021,2021-03-01,112000,929,Other,Medium,5,1,3,0
Sevilla,2021,2021-03-03,112000,930,Other,Medium,7,1,3,2
ForaCamilla,2021,2021-05-01,112000,931,Other,Medium,11,1,5,5
HaklıydıkKazandık,2021,2021-06-04,112000,932,Other,Medium,17,1,6,4
RenanSabiaDeTudo,2021,2021-06-28,112000,933,Other,Medium,16,1,6,0
Bucs,2021,2021-02-08,111000,934,Other,Medium,4,1,2,0
FileninSultanları,2021,2021-08-31,111000,935,Other,Medium,17,1,8,1
アルセウス,2021,2021-08-18,111000,936,Other,Medium,5,1,8,2
DebateArchi,2021,2021-12-10,111000,937,Politics,Medium,11,1,12,4
2021ราตรี,2021,2021-02-04,110000,938,Other,Medium,9,1,2,3
Cleveland,2021,2021-07-23,110000,939,Other,Medium,9,1,7,4
EXOFREEDOM,2021,2021-03-12,109000,940,Politics,Medium,10,1,3,4
StarWarsDay,2021,2021-05-04,109000,941,Politics,Medium,11,1,5,1
フランス,2021,2021-07-28,109000,942,Other,Medium,4,1,7,2
ヒプマイ2ndバトルライブ,2021,2021-02-21,108000,943,Other,Medium,13,1,2,6
ARSTOT,2021,2021-03-14,108000,944,Other,Medium,6,1,3,6
JULIETTE NO MAIS VOCÊ,2021,2021-05-05,108000,945,Other,Medium,21,4,5,2
Suns,2021,2021-06-14,108000,946,Other,Medium,4,1,6,0
宝鐘マリン生誕祭2021,2021,2021-07-30,108000,947,Other,Medium,12,1,7,4
Leclerc,2021,2021-07-18,107000,948,Other,Medium,7,1,7,6
KurbanBayramı,2021,2021-07-20,107000,949,Sports,Medium,13,1,7,1
السعوديه_فيتنام,2021,2021-11-16,107000,950,Other,Medium,15,1,11,1
Lingard,2021,2021-09-14,106000,951,Other,Medium,7,1,9,1
GlazersOut,2021,2021-05-02,106000,952,Other,Medium,10,1,5,6
8YearsWithOurMoonJin,2021,2021-06-03,106000,953,Other,Medium,20,1,6,3
V6groove,2021,2021-11-01,106000,954,Other,Medium,8,1,11,0
Devonta Smith,2021,2021-01-12,105000,955,Other,Medium,13,2,1,1
Goff,2021,2021-01-31,105000,956,Other,Medium,4,1,1,6
Pitana,2021,2021-06-24,105000,957,Other,Medium,6,1,6,3
DebateAprueboDignidad,2021,2021-07-12,105000,958,Politics,Medium,21,1,7,0
memleketyaniyor,2021,2021-07-30,105000,959,Other,Medium,15,1,7,4
Milei,2021,2021-10-14,105000,960,Politics,Medium,5,1,10,3
BalloonWorldCup,2021,2021-10-14,105000,961,Sports,Medium,15,1,10,3
Charles,2021,2021-12-12,105000,962,Other,Medium,7,1,12,6
ボス恋,2021,2021-02-02,104000,963,Other,Medium,3,1,2,1
Manuel,2021,2021-03-12,104000,964,Other,Medium,6,1,3,4
النصر_الباطن,2021,2021-03-20,104000,965,Sports,Medium,12,1,3,5
23Nisan,2021,2021-04-22,104000,966,Other,Medium,7,1,4,3
CopaAmericaFINAL,2021,2021-07-11,104000,967,Politics,Medium,16,1,7,6
ReleaseKalicharanMaharaj,2021,2021-12-30,104000,968,Entertainment,Medium,24,1,12,3
BAYPSG,2021,2021-04-07,103000,969,Sports,Medium,6,1,4,2
Bruno Henrique,2021,2021-07-26,103000,970,Other,Medium,14,2,7,0
JULIETTE IS COMING,2021,2021-08-25,103000,971,Other,Medium,18,3,8,2
Usman,2021,2021-11-07,103000,972,Other,Medium,5,1,11,6
MuhsinYazıcıoğlu,2021,2021-03-25,102000,973,Other,Medium,16,1,3,3
TheMaskedSingerBR,2021,2021-08-11,102000,974,Entertainment,Medium,17,1,8,2
Jets,2021,2021-10-31,102000,975,Other,Medium,4,1,10,6
gremio,2021,2021-11-04,102000,976,Other,Medium,6,1,11,3
Steelers,2021,2021-11-15,102000,977,Other,Medium,8,1,11,0
StPatricksDay,2021,2021-03-17,101000,978,Other,Medium,13,1,3,2
Spurs,2021,2021-03-18,101000,979,Other,Medium,5,1,3,3
AnadoluEfes,2021,2021-05-30,101000,980,Other,Medium,11,1,5,6
MagicMVOutNow,2021,2021-06-11,101000,981,Other,Medium,13,1,6,4
BarrosoNaCadeia,2021,2021-08-04,101000,982,Other,Medium,15,1,8,2
Brentford,2021,2021-09-25,101000,983,Other,Medium,9,1,9,5
ちらし寿司,2021,2021-03-03,100000,984,Other,Medium,5,1,3,2
RoyalRumble,2021,2021-02-01,99000,985,Other,Low,11,1,2,0
화이트데이,2021,2021-03-13,99000,986,Other,Low,5,1,3,5
Gold,2021,2021-08-07,99000,987,Other,Low,4,1,8,5
V6ありがとう,2021,2021-11-01,99000,988,Other,Low,7,1,11,0
HAPPYBIRTHDAYZAYN,2021,2021-01-12,98000,989,Other,Low,17,1,1,1
NubsibTheEnd,2021,2021-05-12,98000,990,Other,Low,12,1,5,2
F4ThailandEP2,2021,2021-12-25,98000,991,Other,Low,13,1,12,5
お前よくぞそんなもん撮ってたな選手権,2021,2021-01-12,97000,992,Other,Low,18,1,1,1
Wentz,2021,2021-02-18,97000,993,Other,Low,5,1,2,3
ミルクで仕上げるカルピスフラッペ,2021,2021-07-05,97000,994,Other,Low,16,1,7,0
14Juillet,2021,2021-07-14,97000,995,Other,Low,9,1,7,2
Hawkeye,2021,2021-12-22,97000,996,Other,Low,7,1,12,2
laplus_great,2021,2021-11-26,97000,997,Other,Low,12,1,11,4
InsecureSeriesFinale,2021,2021-12-27,97000,998,Entertainment,Low,20,1,12,0
OUR BEST LEADER JUNGWON,2021,2021-01-30,96000,999,Other,Low,23,4,1,5
INDvENG,2021,2021-03-16,96000,1000,Other,Low,7,1,3,1
TaylorsVersion,2021,2021-03-03,96000,1001,Entertainment,Low,14,1,3,2
Marquinhos,2021,2021-04-07,96000,1002,Other,Low,10,1,4,2
DebateCNNCHV,2021,2021-06-23,96000,1003,Politics,Low,12,1,6,2
祝MS35V626感謝,2021,2021-10-15,96000,1004,Other,Low,11,1,10,4
AEWFullGear,2021,2021-11-14,96000,1005,Other,Low,11,1,11,6
HOSHI,2021,2021-11-21,96000,1006,Other,Low,5,1,11,6
Om Shanti,2021,2021-12-08,96000,1007,Other,Low,9,2,12,2
AusOpen,2021,2021-02-21,95000,1008,Other,Low,7,1,2,6
Sanrem2021,2021,2021-03-03,95000,1009,Other,Low,10,1,3,2
JustLikeMAGIC,2021,2021-06-11,95000,1010,Other,Low,13,1,6,4
ActiBlizzWalkout,2021,2021-07-28,95000,1011,Other,Low,16,1,7,2
バスケットボール,2021,2021-08-06,95000,1012,Other,Low,8,1,8,4
Bruno Fernandes,2021,2021-08-14,95000,1013,Other,Low,15,2,8,5
JirisanEp1,2021,2021-10-23,95000,1014,Other,Low,10,1,10,5
キンプる,2021,2021-12-17,95000,1015,Other,Low,4,1,12,4
錦鯉優勝,2021,2021-12-19,95000,1016,Other,Low,4,1,12,6
FarmersProstests,2021,2021-01-26,94000,1017,Other,Low,16,1,1,1
BBBB21,2021,2021-01-27,94000,1018,Other,Low,6,1,1,2
Boninho,2021,2021-04-22,94000,1019,Other,Low,7,1,4,3
yuna,2021,2021-04-30,94000,1020,Other,Low,4,1,4,4
Wimbledon,2021,2021-07-10,94000,1021,Other,Low,9,1,7,5
ThankYouSakurai,2021,2021-10-05,94000,1022,Other,Low,15,1,10,1
KashiVishwanathDham,2021,2021-12-13,94000,1023,Politics,Low,19,1,12,0
Aguero,2021,2021-12-15,94000,1024,Other,Low,6,1,12,2
年越しそば,2021,2021-12-31,94000,1025,Other,Low,5,1,12,4
Odd_Eye,2021,2021-01-26,93000,1026,Other,Low,7,1,1,1
乃木坂1期実況中,2021,2021-02-13,93000,1027,Other,Low,8,1,2,5
แปลรักฉันด้วยใจเธอPart2,2021,2021-04-16,93000,1028,Other,Low,23,1,4,4
ShangChi,2021,2021-04-19,93000,1029,Other,Low,8,1,4,0
Roberto Carlos,2021,2021-04-20,93000,1030,Other,Low,14,2,4,1
INTOTHEFIREMV_1M,2021,2021-07-19,93000,1031,Other,Low,16,1,7,0
DebateCapital,2021,2021-10-14,93000,1032,Politics,Low,13,1,10,3
Washington,2021,2021-12-27,93000,1033,Other,Low,10,1,12,0
DevletiminYanındayım,2021,2021-03-22,92000,1034,Other,Low,20,1,3,0
カレンチャン,2021,2021-04-14,92000,1035,Other,Low,6,1,4,2
阿蘇山噴火,2021,2021-10-20,92000,1036,Other,Low,5,1,10,2
MUNMCI,2021,2021-11-06,92000,1037,Other,Low,6,1,11,5
basakcengiz,2021,2021-11-11,92000,1038,Other,Low,11,1,11,3
ÖğretmenlerGünü,2021,2021-11-24,92000,1039,Other,Low,15,1,11,2
Koeman,2021,2021-10-02,91000,1040,Other,Low,6,1,10,5
عيد_الفطر,2021,2021-05-12,91000,1041,Other,Low,9,1,5,2
Lifetime,2021,2021-05-18,91000,1042,Other,Low,8,1,5,1
AustrianGP,2021,2021-07-03,91000,1043,Other,Low,10,1,7,5
NZvAFG,2021,2021-11-07,91000,1044,Other,Low,6,1,11,6
MUNAVL,2021,2021-01-02,90000,1045,Other,Low,6,1,1,5
DeKalb,2021,2021-01-06,90000,1046,Other,Low,6,1,1,2
النصر_العين,2021,2021-03-16,90000,1047,Sports,Low,11,1,3,1
KargilVijayDiwas,2021,2021-07-26,90000,1048,Other,Low,16,1,7,0
Jada,2021,2021-08-04,90000,1049,Other,Low,4,1,8,2
David Luiz,2021,2021-09-11,90000,1050,Other,Low,10,2,9,5
iheartASAP,2021,2021-09-12,90000,1051,Other,Low,10,1,9,6
الاتحاد_الشباب,2021,2021-10-22,90000,1052,Other,Low,14,1,10,4
OLOM,2021,2021-11-21,90000,1053,Other,Low,4,1,11,6
Ayato,2021,2021-12-08,90000,1054,Other,Low,5,1,12,2
SixTONES_Rosy,2021,2021-12-08,90000,1055,Other,Low,13,1,12,2
VijayDiwas,2021,2021-12-16,90000,1056,Other,Low,10,1,12,3
無料10連,2021,2021-12-27,90000,1057,Other,Low,5,1,12,0
NJU歌謡祭2021,2021,2021-12-31,90000,1058,Other,Low,10,1,12,4
震度5強,2021,2021-05-01,89000,1059,Other,Low,4,1,5,5
キンプリ,2021,2021-05-08,89000,1060,Other,Low,4,1,5,5
WIBSpesialPromoAkhirTahun,2021,2021-12-20,89000,1061,Other,Low,25,1,12,0
MilliUzayProgramı,2021,2021-02-09,88000,1062,Other,Low,17,1,2,1
NEWSANNP,2021,2021-02-21,88000,1063,Other,Low,8,1,2,6
ビル食べWEST,2021,2021-02-26,88000,1064,Other,Low,8,1,2,4
乃木坂9thバスラ2期生ライブ,2021,2021-03-28,88000,1065,Other,Low,15,1,3,6
CNS10MLikes,2021,2021-07-20,88000,1066,Other,Low,11,1,7,1
Queendom_Teaser2,2021,2021-08-05,88000,1067,Other,Low,16,1,8,3
Andreas,2021,2021-08-29,88000,1068,Other,Low,7,1,8,6
ATTACCA_1MillionPreOrder,2021,2021-09-26,88000,1069,Other,Low,24,1,9,6
Knicks,2021,2021-10-21,88000,1070,Other,Low,6,1,10,3
Dolar12TL,2021,2021-11-23,88000,1071,Other,Low,9,1,11,1
Issa,2021,2021-12-27,88000,1072,Other,Low,4,1,12,0
PMQs,2021,2021-12-08,87000,1073,Other,Low,4,1,12,2
Amici20,2021,2021-03-20,87000,1074,Other,Low,7,1,3,5
GoodFriday,2021,2021-04-02,87000,1075,Other,Low,10,1,4,4
Fleets,2021,2021-07-14,87000,1076,Other,Low,6,1,7,2
キンプリファイターズGOGOGO,2021,2021-08-21,87000,1077,Other,Low,16,1,8,5
Bruno Viana,2021,2021-08-26,87000,1078,Other,Low,11,2,8,3
Ravens,2021,2021-11-12,87000,1079,Other,Low,6,1,11,4
Nuno,2021,2021-11-01,87000,1080,Other,Low,4,1,11,0
müslüme,2021,2021-11-26,87000,1081,Other,Low,7,1,11,4
Harry Reid,2021,2021-12-29,87000,1082,Holiday,Low,10,2,12,2
연준이에게_물어봐,2021,2021-01-23,86000,1083,Other,Low,9,1,1,5
KohLanta,2021,2021-08-31,86000,1084,Other,Low,8,1,8,1
Becky,2021,2021-08-22,86000,1085,Other,Low,5,1,8,6
ヤクルト,2021,2021-11-12,86000,1086,Other,Low,4,1,11,4
EkonomikKurtulusSavasi,2021,2021-11-23,86000,1087,Other,Low,22,1,11,1
형원이란_다정함이_내린_날,2021,2021-01-14,85000,1088,Other,Low,14,1,1,3
Mendy,2021,2021-02-24,85000,1089,Other,Low,5,1,2,2
Empathy_2ndLook,2021,2021-07-18,85000,1090,Other,Low,15,1,7,6
yks2021,2021,2021-07-28,85000,1091,Other,Low,7,1,7,2
PSGOL,2021,2021-09-19,85000,1092,Sports,Low,5,1,9,6
PakvsNz,2021,2021-10-26,85000,1093,Other,Low,7,1,10,1
HBDtoHYUNGWON,2021,2021-01-14,84000,1094,Other,Low,13,1,1,3
TheMaskedSingerBr,2021,2021-08-18,84000,1095,Entertainment,Low,17,1,8,2
PAKvNZ,2021,2021-09-17,84000,1096,Other,Low,6,1,9,4
unprofessore,2021,2021-12-10,84000,1097,Other,Low,12,1,12,4
Jhope5MSpotify,2021,2021-01-19,83000,1098,Entertainment,Low,14,1,1,1
10YearsWithBangChan,2021,2021-04-10,83000,1099,Other,Low,19,1,4,5
europeansuperleague,2021,2021-04-19,83000,1100,Other,Low,19,1,4,0
고유명사_도경수얼굴,2021,2021-07-18,83000,1101,Other,Low,10,1,7,6
BeginNo1OnBillboard,2021,2021-08-17,83000,1102,Other,Low,19,1,8,1
当選確率,2021,2021-09-12,83000,1103,Other,Low,4,1,9,6
Roger Guedes,2021,2021-09-26,83000,1104,Other,Low,12,2,9,6
السعوديه_استراليا,2021,2021-11-11,83000,1105,Other,Low,17,1,11,3
BeratKandili,2021,2021-03-27,82000,1106,Other,Low,12,1,3,5
SpanishGP,2021,2021-05-08,82000,1107,Other,Low,9,1,5,5
CHEARS,2021,2021-05-12,82000,1108,Other,Low,6,1,5,2
Chiesa,2021,2021-06-27,82000,1109,Other,Low,6,1,6,6
ProudOfJungkook,2021,2021-08-17,82000,1110,Other,Low,15,1,8,1
Kendrick,2021,2021-08-20,82000,1111,Entertainment,Low,8,1,8,4
Triell,2021,2021-09-19,82000,1112,Other,Low,6,1,9,6
Uruguay,2021,2021-10-11,82000,1113,Other,Low,7,1,10,0
Norwich,2021,2021-10-23,82000,1114,Other,Low,7,1,10,5
OurFavoriteNCT127,2021,2021-10-25,82000,1115,Other,Low,17,1,10,0
Bahia,2021,2021-11-12,82000,1116,Other,Low,5,1,11,4
Cruz,2021,2021-12-06,82000,1117,Other,Low,4,1,12,0
Elysee2022,2021,2021-12-10,82000,1118,Other,Low,10,1,12,4
BTSMTVMarathon,2021,2021-02-23,81000,1119,Sports,Low,14,1,2,1
セクゾ_ライネク革命,2021,2021-03-01,81000,1120,Other,Low,10,1,3,0
InternationalAsexualityDay,2021,2021-04-06,81000,1121,Other,Low,26,1,4,1
Enzo Pérez,2021,2021-05-20,81000,1122,Other,Low,10,2,5,3
Douglas Costa,2021,2021-05-21,81000,1123,Other,Low,13,2,5,4
EXO_LUNARECLIPSE,2021,2021-06-05,81000,1124,Other,Low,16,1,6,5
安田記念,2021,2021-06-06,81000,1125,Other,Low,4,1,6,6
Suarez,2021,2021-10-02,81000,1126,Other,Low,6,1,10,5
EasyOnMe,2021,2021-10-14,81000,1127,Other,Low,8,1,10,3
CDTV626,2021,2021-10-25,81000,1128,Other,Low,7,1,10,0
風真いろは初配信でござる,2021,2021-11-30,81000,1129,Other,Low,12,1,11,1
Barões da Pisadinha,2021,2021-02-07,80000,1130,Other,Low,19,3,2,6
Alok,2021,2021-02-14,80000,1131,Other,Low,4,1,2,6
OpeningDay,2021,2021-04-01,80000,1132,Other,Low,10,1,4,3
浦島坂田船オンラインライブ,2021,2021-04-25,80000,1133,Other,Low,13,1,4,6
ChineseRocket,2021,2021-05-09,80000,1134,Other,Low,13,1,5,6
EidMubarak,2021,2021-05-12,80000,1135,Holiday,Low,10,1,5,2
BabalarGünü,2021,2021-06-20,80000,1136,Other,Low,11,1,6,6
Modric,2021,2021-06-22,80000,1137,Other,Low,6,1,6,1
AGUSTD_5주년_축하해,2021,2021-08-15,80000,1138,Other,Low,14,1,8,6
GökyüzüneBakAyıGör,2021,2021-02-09,79000,1139,Other,Low,18,1,2,1
星街すいせい3周年LIVE,2021,2021-04-13,79000,1140,Other,Low,13,1,4,1
LineofDuty,2021,2021-04-19,79000,1141,Other,Low,10,1,4,0
Jokic,2021,2021-06-14,79000,1142,Other,Low,5,1,6,0
Dhoni,2021,2021-09-30,79000,1143,Other,Low,5,1,9,3
Maguire,2021,2021-10-24,79000,1144,Other,Low,7,1,10,6
الرياض_lلان,2021,2021-01-26,78000,1145,Other,Low,11,1,1,1
星野源ANN,2021,2021-05-25,78000,1146,Other,Low,6,1,5,1
CHELEI,2021,2021-05-18,78000,1147,Other,Low,6,1,5,1
Raiders,2021,2021-09-14,78000,1148,Other,Low,7,1,9,1
Justin Tucker,2021,2021-09-26,78000,1149,Other,Low,13,2,9,6
ルパン三世,2021,2021-10-15,78000,1150,Other,Low,5,1,10,4
TuYaheenHai,2021,2021-10-28,78000,1151,Other,Low,11,1,10,3
Dolar11TL,2021,2021-11-18,78000,1152,Other,Low,9,1,11,3
鷹嶺ルイ初配信,2021,2021-11-27,78000,1153,Other,Low,7,1,11,5
M1グランプリ敗者復活戦,2021,2021-12-19,78000,1154,Other,Low,12,1,12,6
Bailly,2021,2021-01-02,77000,1155,Other,Low,6,1,1,5
教場2,2021,2021-01-03,77000,1156,Other,Low,3,1,1,6
Murcia,2021,2021-03-10,77000,1157,Politics,Low,6,1,3,2
F4Glory,2021,2021-05-30,77000,1158,Other,Low,7,1,5,6
Pat Bev,2021,2021-07-01,77000,1159,Other,Low,7,2,7,3
Ana Marcela,2021,2021-08-04,77000,1160,Other,Low,11,2,8,2
Leigh,2021,2021-08-23,77000,1161,Other,Low,5,1,8,0
UFC266,2021,2021-09-26,77000,1162,Sports,Low,6,1,9,6
hükümetistifa,2021,2021-11-23,77000,1163,Other,Low,13,1,11,1
2021AAAxBamBam,2021,2021-12-02,77000,1164,Other,Low,14,1,12,3
DEFENDAOLIVRO,2021,2021-02-10,76000,1165,Other,Low,13,1,2,2
UFC259,2021,2021-03-07,76000,1166,Sports,Low,6,1,3,6
Vitinho,2021,2021-07-22,76000,1167,Other,Low,7,1,7,3
minarepakistan,2021,2021-08-18,76000,1168,Politics,Low,14,1,8,2
ForaBolsonaro,2021,2021-09-07,76000,1169,Politics,Low,13,1,9,1
emmanuel,2021,2021-09-21,76000,1170,Other,Low,8,1,9,1
ChampionsLeagueFinal,2021,2021-05-29,75000,1171,Other,Low,20,1,5,5
Ricardo Barros,2021,2021-06-26,75000,1172,Other,Low,14,2,6,5
ルックバック,2021,2021-07-18,75000,1173,Other,Low,6,1,7,6
Grealish,2021,2021-08-15,75000,1174,Other,Low,8,1,8,6
SecretGala4,2021,2021-10-08,75000,1175,Other,Low,11,1,10,4
田中邦衛,2021,2021-04-02,74000,1176,Other,Low,4,1,4,4
Dame,2021,2021-07-16,74000,1177,Other,Low,4,1,7,4
StrongTürkiye,2021,2021-08-02,74000,1178,Other,Low,13,1,8,0
Kirby,2021,2021-09-23,74000,1179,Other,Low,5,1,9,3
Browns,2021,2021-10-31,74000,1180,Other,Low,6,1,10,6
LestWeForget,2021,2021-11-11,74000,1181,Other,Low,12,1,11,3
HOWEXMEW,2021,2021-11-29,74000,1182,Other,Low,8,1,11,0
SPドラマ999,2021,2021-12-29,74000,1183,Other,Low,8,1,12,2
WWEFastlane,2021,2021-03-22,73000,1184,Sports,Low,11,1,3,0
MayweatherPaul,2021,2021-06-07,73000,1185,Other,Low,14,1,6,0
BUTTER BATTLE PARTY,2021,2021-06-24,73000,1186,Other,Low,19,3,6,3
EuApoioVotoAuditavel,2021,2021-07-05,73000,1187,Other,Low,20,1,7,0
samsunyanıyor,2021,2021-07-31,73000,1188,Other,Low,13,1,7,5
人気投票ガチャ,2021,2021-10-04,73000,1189,Other,Low,7,1,10,0
Shami,2021,2021-10-25,73000,1190,Other,Low,5,1,10,0
ÖğretmenedeYüzde50zam,2021,2021-12-16,73000,1191,Other,Low,21,1,12,3
njwk15,2021,2021-01-04,72000,1192,Other,Low,6,1,1,0
NationalYouthDay,2021,2021-01-12,72000,1193,Other,Low,16,1,1,1
Werner,2021,2021-05-18,72000,1194,Other,Low,6,1,5,1
TaylorSwiftOnGMA,2021,2021-02-11,72000,1195,Entertainment,Low,16,1,2,3
SB19WHATdrobeTikTok,2021,2021-03-17,72000,1196,Entertainment,Low,19,1,3,2
GoHabsGo,2021,2021-06-25,72000,1197,Other,Low,8,1,6,4
iyikivarsınEren,2021,2021-08-11,72000,1198,Other,Low,15,1,8,2
SuperCup,2021,2021-08-11,72000,1199,Other,Low,8,1,8,2
Saints,2021,2021-10-26,72000,1200,Other,Low,6,1,10,1
まほやく2周年特番,2021,2021-11-12,72000,1201,Other,Low,9,1,11,4
GivingTuesday,2021,2021-11-30,72000,1202,Other,Low,13,1,11,1
BoğaziciAblukada,2021,2021-02-01,71000,1203,Politics,Low,16,1,2,0
メイケイエール,2021,2021-04-11,71000,1204,Other,Low,7,1,4,6
Bianca,2021,2021-08-22,71000,1205,Other,Low,6,1,8,6
Rodinei,2021,2021-08-26,71000,1206,Other,Low,7,1,8,3
그해_태형이와_우리는,2021,2021-12-06,71000,1207,Other,Low,11,1,12,0
NationalChampionship,2021,2021-01-12,70000,1208,Sports,Low,20,1,1,1
商業BL,2021,2021-01-15,70000,1209,Other,Low,4,1,1,4
Mortal Kombat,2021,2021-02-18,70000,1210,Other,Low,13,2,2,3
Piqué,2021,2021-03-03,70000,1211,Other,Low,5,1,3,2
Pabllo,2021,2021-04-22,70000,1212,Other,Low,6,1,4,3
ErdoğanlaBirlikteyiz,2021,2021-05-23,70000,1213,Other,Low,20,1,5,6
EuroLeague,2021,2021-05-30,70000,1214,Other,Low,10,1,5,6
afganlariistemiyoruz,2021,2021-08-11,70000,1215,Other,Low,20,1,8,2
Eternals,2021,2021-08-19,70000,1216,Other,Low,8,1,8,3
月見バーガー,2021,2021-09-08,70000,1217,Other,Low,6,1,9,2
iOS15,2021,2021-09-21,70000,1218,Other,Low,5,1,9,1
yolanda,2021,2021-10-28,70000,1219,Other,Low,7,1,10,3
VamosFlamengo,2021,2021-11-27,70000,1220,Other,Low,13,1,11,5
lana,2021,2021-01-11,69000,1221,Other,Low,4,1,1,0
ポプマス,2021,2021-01-21,69000,1222,Other,Low,4,1,1,3
NetajiSubhasChandraBose,2021,2021-01-23,69000,1223,Other,Low,23,1,1,5
Benfica,2021,2021-02-25,69000,1224,Other,Low,7,1,2,3
うたことば,2021,2021-05-03,69000,1225,Other,Low,5,1,5,0
RocioVerdad10,2021,2021-05-12,69000,1226,Other,Low,13,1,5,2
مسابقه_ابوناصر,2021,2021-06-04,69000,1227,Other,Low,14,1,6,4
ドラクエ12,2021,2021-05-27,69000,1228,Other,Low,6,1,5,3
小林賢太郎氏,2021,2021-07-22,69000,1229,Other,Low,6,1,7,3
Carapaz,2021,2021-07-24,69000,1230,Other,Low,7,1,7,5
wds3rd,2021,2021-08-28,69000,1231,Other,Low,6,1,8,5
オールスター感謝祭21秋,2021,2021-10-09,69000,1232,Other,Low,12,1,10,5
De Paul,2021,2021-10-11,69000,1233,Other,Low,7,2,10,0
Villa,2021,2021-10-22,69000,1234,Other,Low,5,1,10,4
ForTheH,2021,2021-10-23,69000,1235,Other,Low,7,1,10,5
ImA빛MusicVideo,2021,2021-11-24,69000,1236,Entertainment,Low,14,1,11,2
FameVsClout,2021,2021-12-22,69000,1237,Other,Low,11,1,12,2
ぐるナイ,2021,2021-12-30,69000,1238,Other,Low,4,1,12,3
Garth Brooks,2021,2021-01-20,68000,1239,Other,Low,12,2,1,2
RIPVivek,2021,2021-04-17,68000,1240,Other,Low,8,1,4,5
Finland,2021,2021-05-22,68000,1241,Other,Low,7,1,5,5
8YearsWithJin,2021,2021-06-03,68000,1242,Other,Low,13,1,6,3
MIKUEXPO2021,2021,2021-06-06,68000,1243,Other,Low,12,1,6,6
Dirgahayu Republik Indonesia,2021,2021-08-17,68000,1244,Other,Low,28,3,8,1
DawnOfChromatica,2021,2021-09-03,68000,1245,Other,Low,16,1,9,4
BJKBVB,2021,2021-09-15,68000,1246,Other,Low,6,1,9,2
Newcastle,2021,2021-10-07,68000,1247,Other,Low,9,1,10,3
マカヒキ,2021,2021-10-10,68000,1248,Other,Low,4,1,10,6
Dolar15TL,2021,2021-12-16,68000,1249,Other,Low,9,1,12,3
WorldCancerDay,2021,2021-02-04,67000,1250,Other,Low,14,1,2,3
Hartlepool,2021,2021-05-07,67000,1251,Other,Low,10,1,5,4
ボヘミアンラプソディ,2021,2021-06-04,67000,1252,Other,Low,10,1,6,4
Córdoba,2021,2021-06-16,67000,1253,Other,Low,7,1,6,2
BTS PAVED THE WAY,2021,2021-07-19,67000,1254,Entertainment,Low,17,4,7,0
ADIDAS RESPECT JISOO,2021,2021-08-25,67000,1255,Other,Low,20,3,8,2
戌神ころね生誕祭2021,2021,2021-10-01,67000,1256,Other,Low,12,1,10,4
ティアマト,2021,2021-12-14,67000,1257,Other,Low,5,1,12,1
SnowDreamMaknaes,2021,2021-12-27,67000,1258,Other,Low,16,1,12,0
ブレワイ,2021,2021-12-27,67000,1259,Other,Low,4,1,12,0
ゲド戦記,2021,2021-04-09,66000,1260,Other,Low,4,1,4,4
LaVozArgentina,2021,2021-06-28,66000,1261,Other,Low,14,1,6,0
NationalDogDay,2021,2021-08-26,66000,1262,Other,Low,14,1,8,3
鬼滅の刃,2021,2021-10-17,66000,1263,Other,Low,4,1,10,6
Lebron,2021,2021-10-20,66000,1264,Sports,Low,6,1,10,2
Nunes,2021,2021-12-12,66000,1265,Other,Low,5,1,12,6
Super Bowl,2021,2021-01-25,65000,1266,Sports,Low,10,2,1,0
Bartomeu,2021,2021-03-01,65000,1267,Other,Low,8,1,3,0
LaIslaDeLasTentaciones11,2021,2021-03-18,65000,1268,Other,Low,24,1,3,3
Thug,2021,2021-04-16,65000,1269,Other,Low,4,1,4,4
LEIGH,2021,2021-05-04,65000,1270,Other,Low,5,1,5,1
InternationalNursesDay,2021,2021-05-12,65000,1271,Other,Low,22,1,5,2
Steam Deck,2021,2021-07-15,65000,1272,Other,Low,10,2,7,3
Big Time Rush,2021,2021-07-19,65000,1273,Other,Low,13,3,7,0
AfterMidnight4thWin,2021,2021-08-14,65000,1274,Other,Low,19,1,8,5
tommy,2021,2021-09-18,65000,1275,Other,Low,5,1,9,5
カービィ,2021,2021-09-23,65000,1276,Other,Low,4,1,9,3
LazadaxSB19,2021,2021-11-10,65000,1277,Other,Low,11,1,11,2
Brian Kelly,2021,2021-11-30,65000,1278,Other,Low,11,2,11,1
Urban Meyer,2021,2021-12-16,65000,1279,Other,Low,11,2,12,3
ネオコロッセオ,2021,2021-12-22,65000,1280,Other,Low,7,1,12,2
GetWellSoonJin,2021,2021-12-25,65000,1281,Other,Low,14,1,12,5
selena,2021,2021-04-23,64000,1282,Entertainment,Low,6,1,4,4
Cavani,2021,2021-05-09,64000,1283,Other,Low,6,1,5,6
15Temmuz,2021,2021-07-14,64000,1284,Other,Low,8,1,7,2
NintendoDirect,2021,2021-09-23,64000,1285,Technology,Low,14,1,9,3
Abel,2021,2021-09-29,64000,1286,Other,Low,4,1,9,2
ParqueFundadores,2021,2021-10-14,64000,1287,Other,Low,16,1,10,3
ほん怖,2021,2021-10-23,64000,1288,Other,Low,3,1,10,5
InternationalMensDay,2021,2021-11-19,64000,1289,Other,Low,20,1,11,4
TheBachelor,2021,2021-01-12,63000,1290,Other,Low,11,1,1,1
金スマ,2021,2021-12-17,63000,1291,Other,Low,3,1,12,4
桜花賞,2021,2021-04-11,63000,1292,Other,Low,3,1,4,6
CumhurbaşkanıTRTde,2021,2021-06-01,63000,1293,Other,Low,18,1,6,1
Crespo,2021,2021-08-18,63000,1294,Other,Low,6,1,8,2
5sos,2021,2021-08-20,63000,1295,Other,Low,4,1,8,4
ナイトドクター,2021,2021-09-13,63000,1296,Other,Low,7,1,9,0
VaccineCentury,2021,2021-10-21,63000,1297,Social,Low,14,1,10,3
FNS歌謡祭2021,2021,2021-12-01,63000,1298,Other,Low,10,1,12,2
WBAARS,2021,2021-01-02,62000,1299,Other,Low,6,1,1,5
FabLivespeaks,2021,2021-04-09,62000,1300,Other,Low,13,1,4,4
TURITA,2021,2021-06-11,62000,1301,Other,Low,6,1,6,4
SANANELAN,2021,2021-06-30,62000,1302,Other,Low,9,1,6,2
Cruzeiro,2021,2021-08-21,62000,1303,Other,Low,8,1,8,5
超次元音楽祭,2021,2021-08-15,62000,1304,Other,Low,6,1,8,6
My MJ,2021,2021-09-01,62000,1305,Other,Low,5,2,9,2
Gustavo,2021,2021-09-30,62000,1306,Other,Low,7,1,9,3
tina,2021,2021-10-24,62000,1307,Other,Low,4,1,10,6
生田絵梨花卒業コンサートDay2,2021,2021-12-15,62000,1308,Other,Low,16,1,12,2
Notre Dame,2021,2021-11-30,61000,1309,Other,Low,10,2,11,1
คนละครึ่งเฟส3,2021,2021-01-20,61000,1310,Other,Low,13,1,1,2
SHINeeisBack,2021,2021-02-22,61000,1311,Other,Low,12,1,2,0
SalarioRosa,2021,2021-03-12,61000,1312,Other,Low,11,1,3,4
Alaba,2021,2021-05-28,61000,1313,Other,Low,5,1,5,4
NXTTakeOver,2021,2021-06-14,61000,1314,Other,Low,11,1,6,0
Schick,2021,2021-06-14,61000,1315,Other,Low,6,1,6,0
ボイス2,2021,2021-07-10,61000,1316,Other,Low,4,1,7,5
Miranda,2021,2021-07-21,61000,1317,Politics,Low,7,1,7,2
Dawn Butler,2021,2021-07-22,61000,1318,Other,Low,11,2,7,3
Dudu,2021,2021-08-18,61000,1319,Other,Low,4,1,8,2
BackDoor200MViews,2021,2021-08-25,61000,1320,Other,Low,17,1,8,2
Lamar,2021,2021-11-29,61000,1321,Other,Low,5,1,11,0
ジャニフェス,2021,2021-11-05,61000,1322,Other,Low,6,1,11,4
IPPON,2021,2021-12-04,61000,1323,Other,Low,5,1,12,5
getwellsoonsuga,2021,2021-12-24,61000,1324,Other,Low,15,1,12,4
CITRUS,2021,2021-12-30,61000,1325,Other,Low,6,1,12,3
FESTABBB21,2021,2021-02-04,60000,1326,Other,Low,10,1,2,3
Eagles,2021,2021-02-18,60000,1327,Sports,Low,6,1,2,3
Lewandowski,2021,2021-03-06,60000,1328,Other,Low,11,1,3,5
モルカー,2021,2021-03-16,60000,1329,Other,Low,4,1,3,1
Megan,2021,2021-06-11,60000,1330,Other,Low,5,1,6,4
PolsatSuperHitFestiwal,2021,2021-06-26,60000,1331,Other,Low,22,1,6,5
Alemanha,2021,2021-07-22,60000,1332,Other,Low,8,1,7,3
HappyRakshaBandhan,2021,2021-08-22,60000,1333,Other,Low,18,1,8,6
SKZ_1stDAAAESANG,2021,2021-12-02,60000,1334,Other,Low,16,1,12,3
WhatsApp,2021,2021-01-07,59000,1335,Other,Low,8,1,1,3
Formosa,2021,2021-03-05,59000,1336,Other,Low,7,1,3,4
ダンスな会,2021,2021-03-06,59000,1337,Other,Low,5,1,3,5
魔王さま,2021,2021-03-06,59000,1338,Other,Low,4,1,3,5
SSSS_DYNAZENON,2021,2021-06-18,59000,1339,Other,Low,14,1,6,4
Amakhosi4Life,2021,2021-07-17,59000,1340,Other,Low,13,1,7,5
Hulk,2021,2021-08-19,59000,1341,Other,Low,4,1,8,3
kylie,2021,2021-08-20,59000,1342,Other,Low,5,1,8,4
Holocaust,2021,2021-10-14,59000,1343,Other,Low,9,1,10,3
성훈왕박엠씨,2021,2021-10-29,59000,1344,Other,Low,6,1,10,4
VeteransDay,2021,2021-11-11,59000,1345,Other,Low,11,1,11,3
Dolphins,2021,2021-11-12,59000,1346,Other,Low,8,1,11,4
Davido,2021,2021-11-17,59000,1347,Other,Low,6,1,11,2
THE_W,2021,2021-12-13,59000,1348,Other,Low,5,1,12,0
ProtectNayeon,2021,2021-01-27,58000,1349,Other,Low,13,1,1,2
素のまんま,2021,2021-02-11,58000,1350,Other,Low,5,1,2,3
UFC258,2021,2021-02-14,58000,1351,Sports,Low,6,1,2,6
Elgin Baylor,2021,2021-03-22,58000,1352,Other,Low,12,2,3,0
皐月賞,2021,2021-04-18,58000,1353,Other,Low,3,1,4,6
Booker,2021,2021-06-23,58000,1354,Other,Low,6,1,6,2
個性最強の狂気山脈,2021,2021-07-03,58000,1355,Other,Low,9,1,7,5
WWERaw,2021,2021-10-26,58000,1356,Sports,Low,6,1,10,1
PermissionToDance8thWin,2021,2021-08-15,58000,1357,Other,Low,23,1,8,6
AEWDynamite,2021,2021-08-19,58000,1358,Other,Low,11,1,8,3
バイクの日,2021,2021-08-19,58000,1359,Other,Low,5,1,8,3
iPhone 13,2021,2021-09-14,58000,1360,Technology,Low,9,2,9,1
Pochettino,2021,2021-09-19,58000,1361,Other,Low,10,1,9,6
Kelly Price,2021,2021-09-25,58000,1362,Other,Low,11,2,9,5
Vikings,2021,2021-11-21,58000,1363,Other,Low,7,1,11,6
HaveASafeFlightARMY,2021,2021-11-26,58000,1364,Other,Low,19,1,11,4
WorldAIDSDay,2021,2021-12-01,58000,1365,Other,Low,12,1,12,2
ActorDoyoungonAAA,2021,2021-12-02,58000,1366,Entertainment,Low,17,1,12,3
Tierney,2021,2021-01-02,57000,1367,Other,Low,7,1,1,5
ABDdarbe,2021,2021-01-07,57000,1368,Other,Low,8,1,1,3
Klopp,2021,2021-01-21,57000,1369,Other,Low,5,1,1,3
TransDayOfVisibility,2021,2021-03-31,57000,1370,Other,Low,20,1,3,2
Lulagenocida,2021,2021-06-01,57000,1371,Politics,Low,12,1,6,1
Chad,2021,2021-06-07,57000,1372,Other,Low,4,1,6,0
乃木坂工事中,2021,2021-08-15,57000,1373,Other,Low,6,1,8,6
プリコネR,2021,2021-11-03,57000,1374,Other,Low,5,1,11,2
DejaVu1stWin,2021,2021-09-22,57000,1375,Other,Low,12,1,9,2
World Series,2021,2021-10-23,57000,1376,Entertainment,Low,12,2,10,5
SmackDown,2021,2021-10-16,56000,1377,Other,Low,9,1,10,5
RollTide,2021,2021-01-12,56000,1378,Other,Low,8,1,1,1
LIVBUR,2021,2021-01-21,56000,1379,Other,Low,6,1,1,3
WHAT'S MELTING,2021,2021-04-26,56000,1380,Other,Low,14,2,4,0
Santa Fe,2021,2021-05-20,56000,1381,Holiday,Low,8,2,5,3
Iceland,2021,2021-05-22,56000,1382,Other,Low,7,1,5,5
btsdiamond,2021,2021-06-22,56000,1383,Entertainment,Low,10,1,6,1
ReadytoLove2ndwin,2021,2021-06-30,56000,1384,Other,Low,17,1,6,2
polisiminyanındayım,2021,2021-08-22,56000,1385,Other,Low,19,1,8,6
TOKYOMER,2021,2021-09-05,56000,1386,Other,Low,8,1,9,6
NationalComingOutDay,2021,2021-10-11,56000,1387,Other,Low,20,1,10,0
Amici21,2021,2021-10-17,56000,1388,Other,Low,7,1,10,6
くりぃむナンタラ,2021,2021-10-17,56000,1389,Other,Low,8,1,10,6
ジャニーズカウントダウン,2021,2021-12-30,56000,1390,Other,Low,12,1,12,3
SixTONES_oneST,2021,2021-01-07,55000,1391,Other,Low,14,1,1,3
El VAR,2021,2021-01-13,55000,1392,Other,Low,6,2,1,2
COCOA,2021,2021-02-03,55000,1393,Other,Low,5,1,2,2
CampoMexiquense,2021,2021-03-18,55000,1394,Other,Low,15,1,3,3
RocioVerdad4,2021,2021-04-07,55000,1395,Other,Low,12,1,4,2
rambouillet,2021,2021-04-23,55000,1396,Other,Low,11,1,4,4
ramazanbayramı,2021,2021-05-12,55000,1397,Sports,Low,14,1,5,2
SVGala6,2021,2021-05-13,55000,1398,Other,Low,7,1,5,3
DearMyTAEMIN,2021,2021-05-30,55000,1399,Other,Low,12,1,5,6
Gobert,2021,2021-06-19,55000,1400,Other,Low,6,1,6,5
Middleton,2021,2021-06-28,55000,1401,Other,Low,9,1,6,0
WorldMentalHealthDay,2021,2021-10-10,55000,1402,Social,Low,20,1,10,6
Pumas,2021,2021-11-28,55000,1403,Other,Low,5,1,11,6
HappyBirthdayTaylorSwift,2021,2021-12-13,55000,1404,Entertainment,Low,24,1,12,0
MYDreamsComeTrueWithAESPA,2021,2021-12-20,55000,1405,Other,Low,25,1,12,0
オジュウチョウサン,2021,2021-12-25,55000,1406,Other,Low,9,1,12,5
SorryJungin,2021,2021-01-03,54000,1407,Other,Low,11,1,1,6
olivia rodrigo,2021,2021-01-08,54000,1408,Entertainment,Low,14,2,1,4
ToBeginAgain,2021,2021-03-16,54000,1409,Other,Low,12,1,3,1
6Mayis1972,2021,2021-05-06,54000,1410,Other,Low,10,1,5,3
HONFRA,2021,2021-06-19,54000,1411,Other,Low,6,1,6,5
BlueOrigin,2021,2021-07-20,54000,1412,Other,Low,10,1,7,1
DrAbdulQadeerKhan,2021,2021-10-10,54000,1413,Other,Low,17,1,10,6
Rockwithyou4thWin,2021,2021-11-05,54000,1414,Other,Low,17,1,11,4
StrayKids1stDAESANG,2021,2021-12-02,54000,1415,Other,Low,19,1,12,3
Chansung,2021,2021-12-15,54000,1416,Other,Low,8,1,12,2
tomasito,2021,2021-02-26,53000,1417,Other,Low,8,1,2,4
TokopediaxTomorrowXTogether,2021,2021-03-11,53000,1418,Other,Low,27,1,3,3
Ceni,2021,2021-04-18,53000,1419,Other,Low,4,1,4,6
Sunak,2021,2021-07-18,53000,1420,Other,Low,5,1,7,6
Giants,2021,2021-11-23,53000,1421,Other,Low,6,1,11,1
Öğretmene3BinTLZam,2021,2021-12-01,53000,1422,Other,Low,18,1,12,2
SEVENTEEN_inAAA2021,2021,2021-12-02,53000,1423,Other,Low,19,1,12,3
AliRızaYTutuklansın,2021,2021-12-23,53000,1424,Other,Low,19,1,12,3
NationalFarmersDay,2021,2021-12-23,53000,1425,Other,Low,18,1,12,3
kabineünileretarihver,2021,2021-02-01,52000,1426,Other,Low,21,1,2,0
花咲くホロライブ,2021,2021-02-17,52000,1427,Other,Low,8,1,2,2
سلامتك_يا_ابوسلمان,2021,2021-02-24,52000,1428,Other,Low,18,1,2,2
Djonga,2021,2021-03-13,52000,1429,Other,Low,6,1,3,5
FıratDelikanlıTutuklansın,2021,2021-03-25,52000,1430,Other,Low,25,1,3,3
LILACHasBloomed,2021,2021-03-25,52000,1431,Other,Low,15,1,3,3
AskSRK,2021,2021-03-31,52000,1432,Other,Low,6,1,3,2
ゼンカイジャー,2021,2021-04-18,52000,1433,Other,Low,7,1,4,6
サカナクション,2021,2021-05-08,52000,1434,Other,Low,7,1,5,5
我ナポの夏,2021,2021-06-05,52000,1435,Other,Low,5,1,6,5
家族募集します,2021,2021-09-24,52000,1436,Other,Low,7,1,9,4
全国おひさま化計画2021FINAL,2021,2021-10-20,52000,1437,Other,Low,18,1,10,2
Martinez,2021,2021-10-22,52000,1438,Other,Low,8,1,10,4
Bengals,2021,2021-10-31,52000,1439,Other,Low,7,1,10,6
Morris,2021,2021-11-09,52000,1440,Other,Low,6,1,11,1
SezaiKarakoç,2021,2021-11-16,52000,1441,Other,Low,12,1,11,1
日本シリーズ,2021,2021-11-20,52000,1442,Other,Low,6,1,11,5
Kelce,2021,2021-12-17,52000,1443,Other,Low,5,1,12,4
Leicester,2021,2021-12-23,52000,1444,Other,Low,9,1,12,3
TimnasDay,2021,2021-12-29,52000,1445,Other,Low,9,1,12,2
RM and Jin,2021,2021-12-25,52000,1446,Other,Low,10,3,12,5
BlueMonday,2021,2021-01-18,51000,1447,Other,Low,10,1,1,0
DragRaceUK,2021,2021-03-18,51000,1448,Other,Low,10,1,3,3
GOING_JEBO,2021,2021-04-14,51000,1449,Other,Low,10,1,4,2
EstreiaPowerCouple,2021,2021-05-10,51000,1450,Politics,Low,18,1,5,0
Rafinha,2021,2021-05-23,51000,1451,Other,Low,7,1,5,6
Hungary,2021,2021-06-19,51000,1452,Other,Low,7,1,6,5
ストロベリームーン,2021,2021-06-24,51000,1453,Other,Low,9,1,6,3
おおかみこどもの雨と雪,2021,2021-07-02,51000,1454,Other,Low,11,1,7,4
CAFCLFinal,2021,2021-07-17,51000,1455,Other,Low,10,1,7,5
Richarlison,2021,2021-07-22,51000,1456,Other,Low,11,1,7,3
UFCVegas32,2021,2021-07-25,51000,1457,Sports,Low,10,1,7,6
धनतेरस,2021,2021-11-02,51000,1458,Other,Low,6,1,11,1
ひーくん,2021,2021-12-28,51000,1459,Other,Low,4,1,12,1
AUSvsIND,2021,2021-01-19,50000,1460,Other,Low,8,1,1,1
LigdeHırsızVAR,2021,2021-02-08,50000,1461,Other,Low,14,1,2,0
ImpeachmentTrial,2021,2021-02-09,50000,1462,Politics,Low,16,1,2,1
OhNoNoBein,2021,2021-02-17,50000,1463,Other,Low,10,1,2,2
TZLATESHOW,2021,2021-02-24,50000,1464,Other,Low,10,1,2,2
precure,2021,2021-03-14,50000,1465,Other,Low,7,1,3,6
BolsonaroGenocida,2021,2021-03-16,50000,1466,Politics,Low,17,1,3,1
夜を乗りこなす,2021,2021-05-08,50000,1467,Other,Low,7,1,5,5
SOUROlivia,2021,2021-05-20,50000,1468,Other,Low,10,1,5,3
BOLSONARO VAI TOMAR NO CU,2021,2021-05-21,50000,1469,Politics,Low,25,5,5,4
التعاون_الفيصلي,2021,2021-05-27,50000,1470,Other,Low,15,1,5,3
deprem,2021,2021-06-19,50000,1471,Other,Low,6,1,6,5
btsdiscography,2021,2021-06-22,50000,1472,Entertainment,Low,14,1,6,1
Everson,2021,2021-07-21,50000,1473,Other,Low,7,1,7,2
SVFinal2,2021,2021-07-23,50000,1474,Other,Low,8,1,7,4
Millie,2021,2021-08-01,50000,1475,Other,Low,6,1,8,6
ドッキリGP,2021,2021-08-07,50000,1476,Other,Low,6,1,8,5
WhatIf,2021,2021-08-11,50000,1477,Other,Low,6,1,8,2
STUDIO COAST,2021,2021-08-12,50000,1478,Other,Low,12,2,8,3
Smackdown,2021,2021-08-21,50000,1479,Other,Low,9,1,8,5
Thoma,2021,2021-08-30,50000,1480,Other,Low,5,1,8,0
シブヤノオト,2021,2021-10-09,50000,1481,Other,Low,6,1,10,5
Marília Mendonça,2021,2021-11-05,50000,1482,Other,Low,16,2,11,4
シャニ2nd_day2,2021,2021-03-21,49000,1483,Other,Low,11,1,3,6
緊急地震速報,2021,2021-05-01,49000,1484,Other,Low,6,1,5,5
Chivas,2021,2021-05-10,49000,1485,Other,Low,6,1,5,0
Ukraine,2021,2021-05-22,49000,1486,Politics,Low,7,1,5,5
BTS WORLD DOMINATION,2021,2021-07-19,49000,1487,Entertainment,Low,20,3,7,0
memurzammı,2021,2021-08-23,49000,1488,Other,Low,10,1,8,0
PAKvAUS,2021,2021-11-11,49000,1489,Other,Low,7,1,11,3
CNNNYE,2021,2021-01-01,48000,1490,Other,Low,6,1,1,4
LIKE WATER OUT NOW,2021,2021-04-05,48000,1491,Other,Low,18,4,4,0
ピンクムーン,2021,2021-04-27,48000,1492,Other,Low,6,1,4,1
FatihTerimeTamYetki,2021,2021-05-17,48000,1493,Technology,Low,19,1,5,0
ComeBackToTrabzonSörloth,2021,2021-05-25,48000,1494,Other,Low,24,1,5,1
gntm,2021,2021-05-27,48000,1495,Other,Low,4,1,5,3
それスノ,2021,2021-06-06,48000,1496,Other,Low,4,1,6,6
Witzel,2021,2021-06-16,48000,1497,Other,Low,6,1,6,2
AlcoholFree1stWin,2021,2021-06-17,48000,1498,Other,Low,17,1,6,3
僕らはまだ止まらないV6,2021,2021-07-03,48000,1499,Other,Low,12,1,7,5
サッカー,2021,2021-07-28,48000,1500,Other,Low,4,1,7,2
MeteGazoz,2021,2021-07-31,48000,1501,Other,Low,9,1,7,5
Ana Patrícia,2021,2021-08-03,48000,1502,Politics,Low,12,2,8,1
TNT5AngHulingTapatan,2021,2021-09-18,48000,1503,Other,Low,20,1,9,5
Nenê,2021,2021-09-28,48000,1504,Other,Low,4,1,9,1
MACLovesLISA,2021,2021-10-20,48000,1505,Other,Low,12,1,10,2
CashAppGifting,2021,2021-12-23,48000,1506,Other,Low,14,1,12,3
ワールドトリガー,2021,2021-01-09,47000,1507,Other,Low,8,1,1,5
オールスター感謝祭21,2021,2021-03-27,47000,1508,Other,Low,11,1,3,5
キスマイANNP,2021,2021-03-27,47000,1509,Other,Low,8,1,3,5
TheFalconAndTheWinterSoldier,2021,2021-04-02,47000,1510,Other,Low,28,1,4,4
スッキリ,2021,2021-08-25,47000,1511,Other,Low,4,1,8,2
19Mayıs1919,2021,2021-05-18,47000,1512,Other,Low,11,1,5,1
すこジャニ,2021,2021-08-21,47000,1513,Other,Low,5,1,8,5
SurvivingSophia,2021,2021-11-19,47000,1514,Other,Low,15,1,11,4
Simaria,2021,2021-04-17,46000,1515,Other,Low,7,1,4,5
音楽の日,2021,2021-07-05,46000,1516,Other,Low,4,1,7,0
有機EL,2021,2021-07-06,46000,1517,Other,Low,4,1,7,1
CreepyNuts,2021,2021-07-14,46000,1518,Other,Low,10,1,7,2
SeeYouAgainShownu,2021,2021-07-21,46000,1519,Other,Low,17,1,7,2
81921CB23227,2021,2021-08-21,46000,1520,Other,Low,12,1,8,5
ANTvBJK,2021,2021-09-18,46000,1521,Other,Low,7,1,9,5
一般女性,2021,2021-09-28,46000,1522,Other,Low,4,1,9,1
Melo,2021,2021-11-09,46000,1523,Other,Low,4,1,11,1
LatinGRAMMY,2021,2021-11-19,46000,1524,Entertainment,Low,11,1,11,4
WHUCHE,2021,2021-12-04,46000,1525,Other,Low,6,1,12,5
AşağıBakmayacağız,2021,2021-02-01,45000,1526,Other,Low,17,1,2,0
おまえらのゲームのトラウマ挙げてけ,2021,2021-03-11,45000,1527,Other,Low,17,1,3,3
ThankYouATEEZ,2021,2021-03-21,45000,1528,Other,Low,13,1,3,6
AceWheeinIsComing,2021,2021-03-28,45000,1529,Other,Low,17,1,3,6
LesbianVisibilityDay,2021,2021-04-26,45000,1530,Other,Low,20,1,4,0
メイドの日,2021,2021-05-10,45000,1531,Other,Low,5,1,5,0
VGMA22,2021,2021-06-27,45000,1532,Other,Low,6,1,6,6
Russell,2021,2021-07-03,45000,1533,Other,Low,7,1,7,5
カレーメシSUMMER,2021,2021-07-11,45000,1534,Other,Low,11,1,7,6
連休明け,2021,2021-07-26,45000,1535,Other,Low,4,1,7,0
TheBachelorette,2021,2021-08-03,45000,1536,Other,Low,15,1,8,1
リアルタイムARライブ,2021,2021-07-31,45000,1537,Other,Low,11,1,7,5
CocukBenimKararBenim,2021,2021-08-07,45000,1538,Other,Low,20,1,8,5
Neto,2021,2021-08-13,45000,1539,Other,Low,4,1,8,4
PokemonPresents,2021,2021-08-18,45000,1540,Other,Low,15,1,8,2
WELCOME BACK SHEHNAAZ,2021,2021-10-28,45000,1541,Other,Low,21,3,10,3
Mark Zuckerberg,2021,2021-10-28,45000,1542,Other,Low,15,2,10,3
ランジャタイ,2021,2021-12-02,45000,1543,Other,Low,6,1,12,3
Sialkot,2021,2021-12-03,45000,1544,Other,Low,7,1,12,4
冒険少年,2021,2021-12-13,45000,1545,Other,Low,4,1,12,0
ももいろ歌合戦,2021,2021-12-31,45000,1546,Other,Low,7,1,12,4
麻生さん一律給付は必要です,2021,2021-01-20,44000,1547,Other,Low,13,1,1,2
VS魂,2021,2021-03-11,44000,1548,Other,Low,3,1,3,3
BBB2021,2021,2021-02-16,44000,1549,Other,Low,7,1,2,1
関ジャムゴールデンSP,2021,2021-03-03,44000,1550,Other,Low,11,1,3,2
ariel,2021,2021-04-16,44000,1551,Other,Low,5,1,4,4
LiveBatomDeCereja,2021,2021-05-21,44000,1552,Other,Low,17,1,5,4
Boric,2021,2021-07-12,44000,1553,Other,Low,5,1,7,0
savetheowlhouse,2021,2021-07-16,44000,1554,Other,Low,15,1,7,4
PakistanZindabad,2021,2021-08-13,44000,1555,Politics,Low,16,1,8,4
TREASURExRuangguru,2021,2021-09-03,44000,1556,Other,Low,18,1,9,4
DOROTHY,2021,2021-10-31,44000,1557,Other,Low,7,1,10,6
エリコニ3D,2021,2021-12-03,44000,1558,Other,Low,6,1,12,4
WAITING FOR V OST,2021,2021-12-06,44000,1559,Other,Low,17,4,12,0
ねねすいトワクリスマスライブ,2021,2021-12-21,44000,1560,Holiday,Low,14,1,12,1
Cano,2021,2021-01-24,43000,1561,Other,Low,4,1,1,6
ファンモン,2021,2021-03-11,43000,1562,Other,Low,5,1,3,3
debateenchota,2021,2021-05-01,43000,1563,Politics,Low,13,1,5,5
Porsha,2021,2021-05-11,43000,1564,Other,Low,6,1,5,1
オチルナ,2021,2021-05-16,43000,1565,Other,Low,4,1,5,6
VALIANT,2021,2021-07-03,43000,1566,Other,Low,7,1,7,5
WKEYAKIFES_DAY2,2021,2021-07-10,43000,1567,Other,Low,15,1,7,5
仮面ライダーリバイス,2021,2021-07-27,43000,1568,Other,Low,10,1,7,1
RocketeerMV_祝200万回,2021,2021-09-27,43000,1569,Other,Low,18,1,9,0
すぎやまこういちさん,2021,2021-10-07,43000,1570,Other,Low,10,1,10,3
Léo Pereira,2021,2021-10-21,43000,1571,Other,Low,11,2,10,3
恋です,2021,2021-12-15,43000,1572,Other,Low,3,1,12,2
GuruNanakJayanti,2021,2021-11-19,43000,1573,Other,Low,16,1,11,4
SAVENOVIAWIDYASARI,2021,2021-12-04,43000,1574,Other,Low,18,1,12,5
Dustin,2021,2021-12-12,43000,1575,Other,Low,6,1,12,6
マックのポテト,2021,2021-12-21,43000,1576,Other,Low,7,1,12,1
マリカにじさんじ杯,2021,2021-12-26,43000,1577,Other,Low,9,1,12,6
ランクイン,2021,2021-12-27,43000,1578,Other,Low,5,1,12,0
القمه_الخليجيه_في_العلا,2021,2021-01-05,42000,1579,Other,Low,23,1,1,1
Sagasti,2021,2021-01-13,42000,1580,Other,Low,7,1,1,2
MondayMotivation,2021,2021-08-16,42000,1581,Other,Low,16,1,8,0
Bale,2021,2021-03-07,42000,1582,Other,Low,4,1,3,6
SMAP,2021,2021-03-11,42000,1583,Other,Low,4,1,3,3
FBvGB,2021,2021-03-14,42000,1584,Other,Low,5,1,3,6
Bottas,2021,2021-05-23,42000,1585,Other,Low,6,1,5,6
NoLimite,2021,2021-06-16,42000,1586,Other,Low,8,1,6,2
Liella,2021,2021-07-18,42000,1587,Other,Low,6,1,7,6
コロプラ,2021,2021-08-04,42000,1588,Other,Low,4,1,8,2
AfterMidnight2ndWin,2021,2021-08-11,42000,1589,Other,Low,19,1,8,2
OpenTheDoorToEunBi,2021,2021-08-24,42000,1590,Other,Low,18,1,8,1
大塚さん,2021,2021-09-07,42000,1591,Other,Low,4,1,9,1
BachelorInParadise,2021,2021-09-07,42000,1592,Other,Low,18,1,9,1
kenetlengalatasaraylı,2021,2021-09-21,42000,1593,Other,Low,21,1,9,1
ARSCRY,2021,2021-10-18,42000,1594,Other,Low,6,1,10,0
붉은달아래_원어스_월하미인_피우리,2021,2021-11-09,42000,1595,Other,Low,18,1,11,1
marefuori2,2021,2021-12-22,42000,1596,Other,Low,10,1,12,2
BiSH,2021,2021-12-23,42000,1597,Other,Low,4,1,12,3
ナスD無人島,2021,2021-12-29,42000,1598,Other,Low,6,1,12,2
Kemba,2021,2021-06-18,41000,1599,Other,Low,5,1,6,4
聖杯戦線,2021,2021-02-03,41000,1600,Other,Low,4,1,2,2
MyWayHomeToTXT,2021,2021-02-14,41000,1601,Other,Low,14,1,2,6
サトノレイナス,2021,2021-04-11,41000,1602,Other,Low,7,1,4,6
MaskSinger1,2021,2021-05-24,41000,1603,Entertainment,Low,11,1,5,0
Joey Jordison,2021,2021-07-27,41000,1604,Other,Low,13,2,7,1
Temptationsisland,2021,2021-07-27,41000,1605,Other,Low,17,1,7,1
CumhurbaşkanıGündemÖzel,2021,2021-08-11,41000,1606,Other,Low,23,1,8,2
WorldHumanitarianDay,2021,2021-08-19,41000,1607,Other,Low,20,1,8,3
JohnnysVillage4,2021,2021-10-01,41000,1608,Other,Low,15,1,10,4
TEPPEN,2021,2021-10-09,41000,1609,Other,Low,6,1,10,5
Fernando Santos,2021,2021-11-15,41000,1610,Other,Low,15,2,11,0
いいねかRTで気になった人フォローする,2021,2021-12-02,41000,1611,Other,Low,19,1,12,3
KAI1stConcert,2021,2021-12-12,41000,1612,Entertainment,Low,13,1,12,6
HAPPY_ETION_MAS,2021,2021-12-23,41000,1613,Other,Low,15,1,12,3
나의용기_창윤아_생일축하해,2021,2021-12-23,41000,1614,Other,Low,14,1,12,3
ネメシス,2021,2021-05-30,40000,1615,Other,Low,4,1,5,6
AぇANNP,2021,2021-06-20,40000,1616,Other,Low,6,1,6,6
LUBA,2021,2021-07-01,40000,1617,Other,Low,4,1,7,3
RaffaellaCarra,2021,2021-07-05,40000,1618,Other,Low,14,1,7,0
Suíça,2021,2021-08-03,40000,1619,Other,Low,5,1,8,1
エビライ2021,2021,2021-08-15,40000,1620,Other,Low,8,1,8,6
펜타곤막내즈_케르베로스_가자,2021,2021-08-18,40000,1621,Other,Low,15,1,8,2
홍천기_큥스트_나인가요,2021,2021-08-31,40000,1622,Other,Low,12,1,8,1
angie,2021,2021-09-07,40000,1623,Other,Low,5,1,9,1
Joe Rogan,2021,2021-11-05,40000,1624,Other,Low,9,2,11,4
最愛ドラマ,2021,2021-12-10,40000,1625,Other,Low,5,1,12,4
LaziovGS,2021,2021-12-10,40000,1626,Other,Low,8,1,12,4
SONGSOFTOKYO,2021,2021-01-03,39000,1627,Other,Low,12,1,1,6
PSGOM,2021,2021-01-13,39000,1628,Sports,Low,5,1,1,2
CuidemosTodosDeTodos,2021,2021-02-06,39000,1629,Other,Low,20,1,2,5
FCBBVB,2021,2021-03-06,39000,1630,Other,Low,6,1,3,5
cepostaperte,2021,2021-03-14,39000,1631,Other,Low,12,1,3,6
ダノンザキッド,2021,2021-04-18,39000,1632,Other,Low,7,1,4,6
LIVNEW,2021,2021-04-24,39000,1633,Other,Low,6,1,4,5
Tatum,2021,2021-05-01,39000,1634,Other,Low,5,1,5,5
قصر المصمك,2021,2021-05-21,39000,1635,Other,Low,10,2,5,4
SendenNefretEdiyoruz,2021,2021-06-01,39000,1636,Other,Low,20,1,6,1
Paul George,2021,2021-06-23,39000,1637,Other,Low,11,2,6,2
Rigoni,2021,2021-08-26,39000,1638,Other,Low,6,1,8,3
上野さん,2021,2021-07-27,39000,1639,Other,Low,4,1,7,1
Juelz,2021,2021-08-04,39000,1640,Other,Low,5,1,8,2
アニナナ,2021,2021-09-05,39000,1641,Other,Low,4,1,9,6
アグネスデジタル,2021,2021-09-19,39000,1642,Other,Low,8,1,9,6
KenetlenGalatasaraylı,2021,2021-09-21,39000,1643,Other,Low,21,1,9,1
ENHYPENxAbib,2021,2021-10-27,39000,1644,Other,Low,12,1,10,2
ENHYPEN CONNECTS WITH ABIB,2021,2021-10-27,39000,1645,Other,Low,26,4,10,2
Shaw,2021,2021-11-06,39000,1646,Other,Low,4,1,11,5
Teheiura,2021,2021-11-09,39000,1647,Other,Low,8,1,11,1
Tigres,2021,2021-12-02,39000,1648,Other,Low,6,1,12,3
MUNCRY,2021,2021-12-05,39000,1649,Other,Low,6,1,12,6
Rogério Ceni,2021,2021-01-07,38000,1650,Other,Low,12,2,1,3
CRYMUN,2021,2021-03-03,38000,1651,Other,Low,6,1,3,2
すばる結婚,2021,2021-05-08,38000,1652,Other,Low,5,1,5,5
リコカツ,2021,2021-06-18,38000,1653,Other,Low,4,1,6,4
TierraDeNadie11,2021,2021-06-22,38000,1654,Other,Low,15,1,6,1
BolsonaroVaiCair,2021,2021-06-26,38000,1655,Politics,Low,16,1,6,5
DoctorsDay,2021,2021-07-01,38000,1656,Other,Low,10,1,7,3
YOUNG ROYALS LATAM,2021,2021-07-15,38000,1657,Other,Low,18,3,7,3
Toby,2021,2021-07-20,38000,1658,Other,Low,4,1,7,1
ジェルくん誕生祭2021,2021,2021-07-27,38000,1659,Other,Low,12,1,7,1
侍JAPAN,2021,2021-08-02,38000,1660,Other,Low,6,1,8,0
BREARS,2021,2021-08-13,38000,1661,Other,Low,6,1,8,4
은비를향한내마음_오픈,2021,2021-08-24,38000,1662,Other,Low,11,1,8,1
Alcaraz,2021,2021-09-04,38000,1663,Other,Low,7,1,9,5
DDLZan,2021,2021-10-27,38000,1664,Other,Low,6,1,10,2
Dhanteras,2021,2021-11-02,38000,1665,Other,Low,9,1,11,1
10YearsOfUpAllNight,2021,2021-11-18,38000,1666,Other,Low,19,1,11,3
日本シリーズ,2021,2021-11-20,38000,1667,Other,Low,6,1,11,5
テーオーケインズ,2021,2021-12-05,38000,1668,Other,Low,8,1,12,6
TAEHYUN,2021,2021-12-11,38000,1669,Other,Low,7,1,12,5
LaIslaDeLasTentaciones7,2021,2021-12-23,38000,1670,Other,Low,23,1,12,3
原神みくじ,2021,2021-12-28,38000,1671,Other,Low,5,1,12,1
TentacionesDBT1,2021,2021-01-26,37000,1672,Other,Low,15,1,1,1
çukur,2021,2021-02-08,37000,1673,Other,Low,5,1,2,0
みんなのボタンメーカー,2021,2021-02-16,37000,1674,Other,Low,11,1,2,1
俺の家の話,2021,2021-02-26,37000,1675,Other,Low,5,1,2,4
Djokovic,2021,2021-02-21,37000,1676,Other,Low,8,1,2,6
Claypole,2021,2021-03-04,37000,1677,Other,Low,8,1,3,3
せと打って出てきたものがお前に不足,2021,2021-04-24,37000,1678,Other,Low,17,1,4,5
seninleyizsoylu,2021,2021-05-18,37000,1679,Other,Low,15,1,5,1
FRABUL,2021,2021-06-08,37000,1680,Other,Low,6,1,6,1
Wrestling,2021,2021-08-04,37000,1681,Sports,Low,9,1,8,2
phoebe,2021,2021-08-05,37000,1682,Other,Low,6,1,8,3
Volpi,2021,2021-08-26,37000,1683,Other,Low,5,1,8,3
Ziyech,2021,2021-08-11,37000,1684,Other,Low,6,1,8,2
Skyrim,2021,2021-08-20,37000,1685,Other,Low,6,1,8,4
ウルトラマントリガー,2021,2021-09-04,37000,1686,Other,Low,10,1,9,5
XF2021,2021,2021-12-10,37000,1687,Other,Low,6,1,12,4
tannie,2021,2021-11-13,37000,1688,Other,Low,6,1,11,5
EliminaçãoAFazenda,2021,2021-11-19,37000,1689,Other,Low,18,1,11,4
SecretGala13,2021,2021-12-10,37000,1690,Other,Low,12,1,12,4
YTFF,2021,2021-12-11,37000,1691,Other,Low,4,1,12,5
HarnaazSandhu,2021,2021-12-13,37000,1692,Other,Low,13,1,12,0
ドクターX,2021,2021-12-16,37000,1693,Other,Low,5,1,12,3
冬の大ユニット祭り,2021,2021-12-22,37000,1694,Other,Low,9,1,12,2
West Brom,2021,2021-01-02,36000,1695,Other,Low,9,2,1,5
Paulo Gustavo,2021,2021-04-03,36000,1696,Other,Low,13,2,4,5
UCLA,2021,2021-04-04,36000,1697,Other,Low,4,1,4,6
LIVAVL,2021,2021-04-10,36000,1698,Other,Low,6,1,4,5
West Ham,2021,2021-04-11,36000,1699,Other,Low,8,2,4,6
CRWIN,2021,2021-05-24,36000,1700,Other,Low,5,1,5,0
WALDEN,2021,2021-06-26,36000,1701,Other,Low,6,1,6,5
Barrios,2021,2021-06-27,36000,1702,Other,Low,7,1,6,6
プロ野球魂,2021,2021-07-10,36000,1703,Other,Low,5,1,7,5
めざましライブ,2021,2021-08-14,36000,1704,Other,Low,7,1,8,5
CertifiedLoverBoy,2021,2021-09-03,36000,1705,Other,Low,17,1,9,4
Dolar 9,2021,2021-10-11,36000,1706,Technology,Low,7,2,10,0
Arteta,2021,2021-10-18,36000,1707,Other,Low,6,1,10,0
Tigre,2021,2021-11-23,36000,1708,Other,Low,5,1,11,1
Cinépolis,2021,2021-11-29,36000,1709,Other,Low,9,1,11,0
あなたが今年一年推し続けた人,2021,2021-12-26,36000,1710,Other,Low,14,1,12,6
PBB8thEvictionNight,2021,2021-12-26,36000,1711,Other,Low,19,1,12,6
NOTMYHABBO,2021,2021-01-12,35000,1712,Other,Low,10,1,1,1
omtzigtdebat,2021,2021-04-01,35000,1713,Other,Low,12,1,4,3
sognoazzurro,2021,2021-07-15,35000,1714,Other,Low,12,1,7,3
CashAppExtraCredit,2021,2021-08-09,35000,1715,Other,Low,18,1,8,0
祝おうセクゾの10周年,2021,2021-09-29,35000,1716,Other,Low,11,1,9,2
すぎやま先生,2021,2021-10-07,35000,1717,Other,Low,6,1,10,3
Santoro,2021,2021-10-14,35000,1718,Other,Low,7,1,10,3
Bregman,2021,2021-10-14,35000,1719,Other,Low,7,1,10,3
Suzuki,2021,2021-10-16,35000,1720,Other,Low,6,1,10,5
PoopypantsBiden,2021,2021-10-31,35000,1721,Politics,Low,15,1,10,6
Falcons,2021,2021-11-19,35000,1722,Other,Low,7,1,11,4
ParisiKastEnBadboys,2021,2021-12-06,35000,1723,Sports,Low,19,1,12,0
asgariucret,2021,2021-12-16,35000,1724,Other,Low,11,1,12,3
PMSFANDUELFAMILY,2021,2021-12-09,35000,1725,Other,Low,16,1,12,3
Aマッソ,2021,2021-12-13,35000,1726,Other,Low,4,1,12,0
제2의링딩동_돈콜미,2021,2021-02-22,34000,1727,Other,Low,10,1,2,0
HappyBirthdayCamila,2021,2021-03-03,34000,1728,Other,Low,19,1,3,2
着飾る恋には理由があって,2021,2021-05-18,34000,1729,Other,Low,12,1,5,1
Drummond,2021,2021-05-23,34000,1730,Other,Low,8,1,5,6
しゃべくり007,2021,2021-07-05,34000,1731,Other,Low,8,1,7,0
15temmuztiyatrosu,2021,2021-07-15,34000,1732,Other,Low,17,1,7,3
Slipknot,2021,2021-07-27,34000,1733,Other,Low,8,1,7,1
グラブル配布の日,2021,2021-08-12,34000,1734,Other,Low,8,1,8,3
ハコヅメ,2021,2021-09-15,34000,1735,Other,Low,4,1,9,2
ARSAVL,2021,2021-10-22,34000,1736,Other,Low,6,1,10,4
Red Sox,2021,2021-10-23,34000,1737,Other,Low,7,2,10,5
プリコネ彼女診断,2021,2021-11-03,34000,1738,Other,Low,8,1,11,2
InsecureHBO,2021,2021-11-08,34000,1739,Other,Low,11,1,11,0
Aぇヤンタン,2021,2021-11-10,34000,1740,Other,Low,6,1,11,2
Jonathan Taylor,2021,2021-11-21,34000,1741,Entertainment,Low,15,2,11,6
justiceforkeyd,2021,2021-12-04,34000,1742,Social,Low,14,1,12,5
銀魂2,2021,2021-01-16,33000,1743,Other,Low,3,1,1,5
UFCFightIsland7,2021,2021-01-16,33000,1744,Sports,Low,15,1,1,5
R1グランプリ,2021,2021-03-07,33000,1745,Other,Low,7,1,3,6
LiveCachacaCabare,2021,2021-04-04,33000,1746,Other,Low,17,1,4,6
東大生ランキング,2021,2021-05-04,33000,1747,Other,Low,8,1,5,1
Gerson,2021,2021-05-14,33000,1748,Other,Low,6,1,5,4
Ernesto Araújo,2021,2021-05-18,33000,1749,Other,Low,14,2,5,1
HaddiniBilMustafaDemirkan,2021,2021-05-29,33000,1750,Other,Low,25,1,5,5
DünyaÇevreGünü,2021,2021-06-05,33000,1751,Other,Low,14,1,6,5
USAvMEX,2021,2021-11-13,33000,1752,Other,Low,7,1,11,5
WorldOceansDay,2021,2021-06-08,33000,1753,Other,Low,14,1,6,1
Giroud,2021,2021-06-08,33000,1754,Other,Low,6,1,6,1
SCOCZE,2021,2021-06-14,33000,1755,Other,Low,6,1,6,0
NowLove,2021,2021-07-01,33000,1756,Other,Low,7,1,7,3
ENGvPAK,2021,2021-07-13,33000,1757,Other,Low,7,1,7,1
TemptationIsland,2021,2021-07-26,33000,1758,Other,Low,16,1,7,0
RushersWorldWide,2021,2021-08-03,33000,1759,Other,Low,16,1,8,1
Nebraska,2021,2021-09-18,33000,1760,Other,Low,8,1,9,5
Alexandre Garcia,2021,2021-09-25,33000,1761,Politics,Low,16,2,9,5
Mason Mount,2021,2021-10-23,33000,1762,Other,Low,11,2,10,5
Lawrence,2021,2021-11-08,33000,1763,Other,Low,8,1,11,0
Pulisic,2021,2021-11-13,33000,1764,Other,Low,7,1,11,5
にじスプラ大会,2021,2021-11-20,33000,1765,Other,Low,7,1,11,5
Duke,2021,2021-11-27,33000,1766,Other,Low,4,1,11,5
oneST,2021,2021-01-05,32000,1767,Other,Low,5,1,1,1
oneST配信オーラス,2021,2021-01-07,32000,1768,Other,Low,11,1,1,3
AlayınızaMesutÖzil,2021,2021-01-23,32000,1769,Other,Low,18,1,1,5
Happybirthdayharry,2021,2021-02-01,32000,1770,Other,Low,18,1,2,0
ayuptwt,2021,2021-02-07,32000,1771,Other,Low,7,1,2,6
ハイチュウプレミアムレモン,2021,2021-03-31,32000,1772,Other,Low,13,1,3,2
買うよ,2021,2021-03-31,32000,1773,Other,Low,3,1,3,2
Gonzaga,2021,2021-04-04,32000,1774,Other,Low,7,1,4,6
藤牧京介くん_22歳ダブルピース,2021,2021-08-09,32000,1775,Other,Low,16,1,8,0
TOTMCI,2021,2021-08-15,32000,1776,Other,Low,6,1,8,6
デジたん,2021,2021-09-19,32000,1777,Other,Low,4,1,9,6
Budget2021,2021,2021-10-27,32000,1778,Other,Low,10,1,10,2
レコメンSexyZoneSP_DAY2,2021,2021-11-16,32000,1779,Other,Low,19,1,11,1
Roddy,2021,2021-12-17,32000,1780,Other,Low,5,1,12,4
WhatsAppSiliyoruz,2021,2021-01-09,31000,1781,Other,Low,17,1,1,5
Springer,2021,2021-01-20,31000,1782,Other,Low,8,1,1,2
虹ヶ咲,2021,2021-02-03,31000,1783,Other,Low,3,1,2,2
ネコチャンが来るかもしれないボタン,2021,2021-02-16,31000,1784,Other,Low,17,1,2,1
TWICEinWonderland,2021,2021-03-06,31000,1785,Other,Low,17,1,3,5
DontCallMe6thWin,2021,2021-03-11,31000,1786,Other,Low,16,1,3,3
ジャングル,2021,2021-04-12,31000,1787,Other,Low,5,1,4,0
恋はDeepに,2021,2021-04-14,31000,1788,Other,Low,7,1,4,2
louieslikelouis,2021,2021-05-28,31000,1789,Other,Low,15,1,5,4
佐久間大介誕生祭,2021,2021-07-04,31000,1790,Other,Low,8,1,7,6
AtoZ,2021,2021-07-18,31000,1791,Other,Low,4,1,7,6
BBNajia,2021,2021-07-31,31000,1792,Other,Low,7,1,7,5
17Agustos1999,2021,2021-08-17,31000,1793,Other,Low,13,1,8,1
Zaracho,2021,2021-08-19,31000,1794,Other,Low,7,1,8,3
OpeningNightLive,2021,2021-08-25,31000,1795,Other,Low,16,1,8,2
IRMÃOS UAI NA LOUD,2021,2021-09-11,31000,1796,Technology,Low,18,4,9,5
京都大賞典,2021,2021-10-10,31000,1797,Other,Low,5,1,10,6
Dos a Cero,2021,2021-11-13,31000,1798,Other,Low,10,3,11,5
faizkararı,2021,2021-11-18,31000,1799,Other,Low,10,1,11,3
AnAudienceWithAdele,2021,2021-11-21,31000,1800,Entertainment,Low,19,1,11,6
RushHour2ndWin,2021,2021-11-24,31000,1801,Other,Low,14,1,11,2
またまたさかまた,2021,2021-11-29,31000,1802,Other,Low,8,1,11,0
NXTWarGames,2021,2021-12-06,31000,1803,Politics,Low,11,1,12,0
aiko結婚,2021,2021-12-14,31000,1804,Other,Low,6,1,12,1
輸入遅延,2021,2021-12-21,31000,1805,Other,Low,4,1,12,1
マツケンサンバ,2021,2021-12-24,31000,1806,Other,Low,7,1,12,4
FridayWithMCSoobin,2021,2021-01-08,30000,1807,Other,Low,18,1,1,4
知ってるワイフ,2021,2021-01-28,30000,1808,Other,Low,7,1,1,3
VTuberFes,2021,2021-01-30,30000,1809,Other,Low,9,1,1,5
survivorGR,2021,2021-02-08,30000,1810,Social,Low,10,1,2,0
İyikiDoğdunMilletinAdamı,2021,2021-02-25,30000,1811,Other,Low,24,1,2,3
AmorDeMae,2021,2021-04-07,30000,1812,Other,Low,9,1,4,2
コタローは1人暮らし,2021,2021-04-24,30000,1813,Other,Low,10,1,4,5
AmazonTricolor,2021,2021-05-25,30000,1814,Technology,Low,14,1,5,1
MaskSinger2,2021,2021-06-01,30000,1815,Entertainment,Low,11,1,6,1
Tulane,2021,2021-09-04,30000,1816,Other,Low,6,1,9,5
ATEEZ6thWin,2021,2021-09-22,30000,1817,Other,Low,11,1,9,2
kaymakam,2021,2021-09-30,30000,1818,Other,Low,8,1,9,3
TheMaskedSingerbr,2021,2021-10-06,30000,1819,Entertainment,Low,17,1,10,2
CashAppTreats,2021,2021-10-29,30000,1820,Other,Low,13,1,10,4
ClubBoohoo,2021,2021-11-26,30000,1821,Other,Low,10,1,11,4
ASSEPSG,2021,2021-11-28,30000,1822,Sports,Low,7,1,11,6
Russ,2021,2021-12-29,30000,1823,Other,Low,4,1,12,2
なにわと何する生Xmas,2021,2021-12-25,30000,1824,Other,Low,12,1,12,5
Willian,2021,2021-02-28,29000,1825,Other,Low,7,1,2,6
死体撃ち,2021,2021-01-21,29000,1826,Other,Low,4,1,1,3
山口百恵,2021,2021-01-30,29000,1827,Other,Low,4,1,1,5
GroundhogDay,2021,2021-02-02,29000,1828,Other,Low,12,1,2,1
Embiid,2021,2021-03-04,29000,1829,Other,Low,6,1,3,3
kabinetoplantısı,2021,2021-05-31,29000,1830,Other,Low,16,1,5,0
AustriaGP,2021,2021-07-04,29000,1831,Other,Low,9,1,7,6
Dead Space,2021,2021-07-22,29000,1832,Other,Low,10,2,7,3
銀メダル,2021,2021-07-24,29000,1833,Other,Low,4,1,7,5
AtesinCocukları,2021,2021-07-29,29000,1834,Other,Low,15,1,7,3
Faye,2021,2021-08-01,29000,1835,Other,Low,4,1,8,6
CMPunk,2021,2021-08-21,29000,1836,Other,Low,6,1,8,5
REDWIN,2021,2021-10-08,29000,1837,Other,Low,6,1,10,4
السودان,2021,2021-10-25,29000,1838,Other,Low,7,1,10,0
ShamiKiFarziTrolling,2021,2021-10-26,29000,1839,Other,Low,20,1,10,1
3AralıkDünyaEngellilerGünü,2021,2021-12-03,29000,1840,Other,Low,26,1,12,4
櫻坂1stアニラ_Day2,2021,2021-12-10,29000,1841,Other,Low,13,1,12,4
封神演義,2021,2021-12-18,29000,1842,Other,Low,4,1,12,5
キラーアビリティ,2021,2021-12-28,29000,1843,Other,Low,8,1,12,1
田中将大,2021,2021-01-28,28000,1844,Other,Low,4,1,1,3
有吉の壁,2021,2021-03-03,28000,1845,Other,Low,4,1,3,2
スクラッチ,2021,2021-03-09,28000,1846,Other,Low,5,1,3,1
YMSvFB,2021,2021-04-08,28000,1847,Other,Low,6,1,4,3
モニタリング,2021,2021-04-15,28000,1848,Other,Low,6,1,4,3
Arão,2021,2021-05-20,28000,1849,Other,Low,4,1,5,3
ConexionHonduras8,2021,2021-06-01,28000,1850,Other,Low,17,1,6,1
panelaço,2021,2021-06-02,28000,1851,Other,Low,8,1,6,2
WorldDayAgainstChildLabour,2021,2021-06-12,28000,1852,Other,Low,26,1,6,5
パライソ,2021,2021-06-21,28000,1853,Other,Low,4,1,6,0
PlanetHer,2021,2021-06-25,28000,1854,Other,Low,9,1,6,4
hakkımıhelaletmiyorum,2021,2021-06-25,28000,1855,Other,Low,21,1,6,4
ACABOU BOLSONARO,2021,2021-06-26,28000,1856,Politics,Low,16,2,6,5
Doncic,2021,2021-07-26,28000,1857,Sports,Low,6,1,7,0
祝ダンカグリリース,2021,2021-08-04,28000,1858,Other,Low,9,1,8,2
Ibai,2021,2021-08-07,28000,1859,Other,Low,4,1,8,5
Gordon,2021,2021-08-08,28000,1860,Other,Low,6,1,8,6
UFC265,2021,2021-08-08,28000,1861,Sports,Low,6,1,8,6
Dinger,2021,2021-08-09,28000,1862,Other,Low,6,1,8,0
CerberusIsOut,2021,2021-08-18,28000,1863,Other,Low,13,1,8,2
WorldPhotographyDay,2021,2021-08-19,28000,1864,Other,Low,19,1,8,3
PacquiaoUgas,2021,2021-08-22,28000,1865,Other,Low,12,1,8,6
ChampionsLeague,2021,2021-08-26,28000,1866,Other,Low,15,1,8,3
大塚明夫さん,2021,2021-09-07,28000,1867,Other,Low,6,1,9,1
dolar10,2021,2021-10-22,28000,1868,Other,Low,7,1,10,4
アバランチ,2021,2021-12-20,28000,1869,Other,Low,5,1,12,0
ラブひな,2021,2021-12-16,28000,1870,Other,Low,4,1,12,3
บอลไทย,2021,2021-12-23,28000,1871,Other,Low,6,1,12,3
JWST,2021,2021-12-25,28000,1872,Other,Low,4,1,12,5
スカッとジャパン,2021,2021-01-18,27000,1873,Other,Low,8,1,1,0
一番思い出に残っているアニメ,2021,2021-02-16,27000,1874,Other,Low,14,1,2,1
Ana Clara,2021,2021-04-14,27000,1875,Other,Low,9,2,4,2
プリティ5,2021,2021-04-28,27000,1876,Other,Low,5,1,4,2
SVGala7,2021,2021-05-20,27000,1877,Other,Low,7,1,5,3
デュース・スペード誕生祭2021,2021,2021-06-02,27000,1878,Other,Low,16,1,6,2
Salma,2021,2021-07-26,27000,1879,Other,Low,5,1,7,0
GitmeVaktinizGeldi,2021,2021-07-27,27000,1880,Other,Low,18,1,7,1
AkpDevletDeğildir,2021,2021-08-04,27000,1881,Other,Low,17,1,8,2
さとみ遅刻,2021,2021-08-16,27000,1882,Other,Low,5,1,8,0
italiaserbia,2021,2021-09-04,27000,1883,Other,Low,12,1,9,5
震度5弱,2021,2021-09-16,27000,1884,Other,Low,4,1,9,3
チャンピオンズカップ,2021,2021-12-05,27000,1885,Other,Low,10,1,12,6
金属バット,2021,2021-12-19,27000,1886,Other,Low,5,1,12,6
羽生くん,2021,2021-12-26,27000,1887,Other,Low,4,1,12,6
スーポコ,2021,2021-01-04,26000,1888,Other,Low,4,1,1,0
DragRace,2021,2021-03-13,26000,1889,Other,Low,8,1,3,5
CHIvsNO,2021,2021-01-11,26000,1890,Other,Low,7,1,1,0
حظر_كلي,2021,2021-02-04,26000,1891,Other,Low,7,1,2,3
UFCVegas18,2021,2021-02-07,26000,1892,Sports,Low,10,1,2,6
LEIARS,2021,2021-02-28,26000,1893,Other,Low,6,1,2,6
Rutte,2021,2021-04-01,26000,1894,Other,Low,5,1,4,3
João Guilherme,2021,2021-04-04,26000,1895,Other,Low,14,2,4,6
Isabelle,2021,2021-04-06,26000,1896,Other,Low,8,1,4,1
WWEHOF,2021,2021-04-07,26000,1897,Sports,Low,6,1,4,2
大豆田とわ子と三人の元夫,2021,2021-04-13,26000,1898,Other,Low,12,1,4,1
bananamoon,2021,2021-05-14,26000,1899,Other,Low,10,1,5,4
CuentaPública2021,2021,2021-06-01,26000,1900,Other,Low,17,1,6,1
cheol,2021,2021-07-01,26000,1901,Other,Low,5,1,7,3
Lando,2021,2021-07-03,26000,1902,Other,Low,5,1,7,5
HIPAA,2021,2021-07-23,26000,1903,Other,Low,5,1,7,4
FieldOfDreamsGame,2021,2021-08-13,26000,1904,Other,Low,17,1,8,4
SB29PSG,2021,2021-08-20,26000,1905,Sports,Low,7,1,8,4
USMNT,2021,2021-09-09,26000,1906,Other,Low,5,1,9,3
ItaliaSlovenia,2021,2021-09-19,26000,1907,Other,Low,14,1,9,6
CSKvsSRH,2021,2021-09-30,26000,1908,Other,Low,8,1,9,3
サイスタ,2021,2021-10-04,26000,1909,Other,Low,4,1,10,0
Stanton,2021,2021-10-06,26000,1910,Other,Low,7,1,10,2
TeamIndia,2021,2021-11-07,26000,1911,Other,Low,9,1,11,6
نوفمبر_المجيد,2021,2021-11-18,26000,1912,Other,Low,13,1,11,3
btsoninstagram,2021,2021-12-06,26000,1913,Entertainment,Low,14,1,12,0
WeverseCon_with_TXT,2021,2021-12-31,26000,1914,Other,Low,19,1,12,4
シンジくん,2021,2021-01-15,25000,1915,Other,Low,5,1,1,4
EdomexEnSemaforoRojo,2021,2021-01-16,25000,1916,Other,Low,20,1,1,5
CRFCOM,2021,2021-03-07,25000,1917,Other,Low,6,1,3,6
128MilyarDolarNerede,2021,2021-05-05,25000,1918,Other,Low,20,1,5,2
clifford,2021,2021-05-25,25000,1919,Other,Low,8,1,5,1
FortniteSeason7,2021,2021-06-08,25000,1920,Entertainment,Low,15,1,6,1
UTYOASOBIライブ,2021,2021-07-04,25000,1921,Other,Low,12,1,7,6
JavelinThrow,2021,2021-08-07,25000,1922,Other,Low,12,1,8,5
gamescom2021,2021,2021-08-25,25000,1923,Other,Low,12,1,8,2
UKRFRA,2021,2021-09-04,25000,1924,Other,Low,6,1,9,5
LMD4,2021,2021-10-27,25000,1925,Other,Low,4,1,10,2
RHOP,2021,2021-10-04,25000,1926,Other,Low,4,1,10,0
ドラマティカ,2021,2021-10-13,25000,1927,Other,Low,6,1,10,2
faiz,2021,2021-10-21,25000,1928,Other,Low,4,1,10,3
総合演出,2021,2021-11-05,25000,1929,Other,Low,4,1,11,4
Renato Augusto,2021,2021-11-14,25000,1930,Politics,Low,14,2,11,6
SergenYalçın,2021,2021-12-09,25000,1931,Other,Low,12,1,12,3
コネクト,2021,2021-12-22,25000,1932,Other,Low,4,1,12,2
Da-iCE,2021,2021-12-30,25000,1933,Other,Low,6,1,12,3
SOUCHE,2021,2021-02-20,24000,1934,Other,Low,6,1,2,5
ENGEIグランドスラム,2021,2021-02-20,24000,1935,Other,Low,12,1,2,5
恋ぷに,2021,2021-04-14,24000,1936,Other,Low,3,1,4,2
Preta Gil,2021,2021-04-22,24000,1937,Other,Low,9,2,4,3
aşılıyım,2021,2021-05-13,24000,1938,Other,Low,8,1,5,3
HDPhalktır,2021,2021-06-17,24000,1939,Other,Low,10,1,6,3
MAHAL KO KAYO,2021,2021-06-29,24000,1940,Other,Low,13,3,6,1
APJAbdulKalam,2021,2021-07-27,24000,1941,Other,Low,13,1,7,1
elektrikkesintisi,2021,2021-08-02,24000,1942,Other,Low,17,1,8,0
そこ曲がったら櫻坂,2021,2021-08-08,24000,1943,Other,Low,9,1,8,6
日向坂で会いましょう,2021,2021-08-08,24000,1944,Other,Low,10,1,8,6
新しいカギ,2021,2021-08-27,24000,1945,Other,Low,5,1,8,4
あちこちオードリー,2021,2021-09-01,24000,1946,Other,Low,9,1,9,2
Qさま,2021,2021-09-06,24000,1947,Other,Low,3,1,9,0
Taehyung4MSpotify,2021,2021-09-08,24000,1948,Entertainment,Low,17,1,9,2
DALS,2021,2021-10-01,24000,1949,Other,Low,4,1,10,4
AtletiBarca,2021,2021-10-02,24000,1950,Sports,Low,11,1,10,5
メンテの日なのでssを貼る,2021,2021-10-26,24000,1951,Other,Low,13,1,10,1
Barracas,2021,2021-11-23,24000,1952,Other,Low,8,1,11,1
devalüasyon,2021,2021-11-23,24000,1953,Other,Low,11,1,11,1
KisanDiwas,2021,2021-12-23,24000,1954,Other,Low,10,1,12,3
MehmetAkifErsoy,2021,2021-12-27,24000,1955,Technology,Low,15,1,12,0
ドラクエ5,2021,2021-12-27,24000,1956,Other,Low,5,1,12,0
VemVacina,2021,2021-01-17,23000,1957,Other,Low,9,1,1,6
SaltNPepaMovie,2021,2021-01-24,23000,1958,Entertainment,Low,14,1,1,6
HATvFB,2021,2021-02-02,23000,1959,Other,Low,6,1,2,1
calum,2021,2021-03-03,23000,1960,Other,Low,5,1,3,2
MarriedAtFirstSight,2021,2021-03-04,23000,1961,Other,Low,19,1,3,3
MAFS,2021,2021-03-04,23000,1962,Other,Low,4,1,3,3
1YearOfHBW,2021,2021-03-13,23000,1963,Other,Low,10,1,3,5
BesokWIBTVSHOW,2021,2021-03-24,23000,1964,Other,Low,14,1,3,2
earthquake,2021,2021-09-18,23000,1965,Social,Low,10,1,9,5
SkolComPericao,2021,2021-04-18,23000,1966,Other,Low,14,1,4,6
Sergi Roberto,2021,2021-05-11,23000,1967,Other,Low,13,2,5,1
NBAnoGaules,2021,2021-05-31,23000,1968,Sports,Low,11,1,5,0
VoleiNoSportTV,2021,2021-06-25,23000,1969,Sports,Low,14,1,6,4
ALLAH BELANIZI VERSİN,2021,2021-06-29,23000,1970,Other,Low,21,3,6,1
OLED,2021,2021-07-06,23000,1971,Other,Low,4,1,7,1
georgespace,2021,2021-07-09,23000,1972,Other,Low,11,1,7,4
Strictly,2021,2021-09-25,23000,1973,Other,Low,8,1,9,5
SpacesGotTalent,2021,2021-10-16,23000,1974,Other,Low,15,1,10,5
超熱いぜプロスピ,2021,2021-10-29,23000,1975,Other,Low,8,1,10,4
MakeSomeNoise_forTXT,2021,2021-12-11,23000,1976,Other,Low,20,1,12,5
Goldberg,2021,2021-02-01,22000,1977,Other,Low,8,1,2,0
メロスは激怒したから予測変換で生還しろ,2021,2021-02-20,22000,1978,Other,Low,19,1,2,5
Purdue,2021,2021-03-20,22000,1979,Other,Low,6,1,3,5
嘘か本当かわからないことを言う,2021,2021-04-01,22000,1980,Other,Low,15,1,4,3
すばるくん,2021,2021-05-08,22000,1981,Other,Low,5,1,5,5
27Mayıs,2021,2021-05-27,22000,1982,Other,Low,7,1,5,3
Keikino,2021,2021-06-11,22000,1983,Other,Low,7,1,6,4
次にくるマンガ大賞,2021,2021-06-18,22000,1984,Other,Low,9,1,6,4
Terrance Mann,2021,2021-06-19,22000,1985,Other,Low,13,2,6,5
ItaliaAustria,2021,2021-06-26,22000,1986,Other,Low,13,1,6,5
RIPShonaFerguson,2021,2021-07-30,22000,1987,Other,Low,16,1,7,4
GetWellSoonSky,2021,2021-09-22,22000,1988,Other,Low,14,1,9,2
กินกันกับเตนิวxPEPSI,2021,2021-10-18,22000,1989,Other,Low,20,1,10,0
手取り13万,2021,2021-10-27,22000,1990,Other,Low,6,1,10,2
Lightyear,2021,2021-10-27,22000,1991,Other,Low,9,1,10,2
NIJIROCK_NB,2021,2021-10-30,22000,1992,Other,Low,11,1,10,5
njpst,2021,2021-11-06,22000,1993,Other,Low,5,1,11,5
NCT2021_Beautiful,2021,2021-12-14,22000,1994,Other,Low,17,1,12,1
小野町春香3D,2021,2021-12-17,22000,1995,Other,Low,7,1,12,4
SUPERRICH,2021,2021-12-23,22000,1996,Other,Low,9,1,12,3
askdream,2021,2021-01-12,21000,1997,Other,Low,8,1,1,1
DilekAğacı,2021,2021-01-16,21000,1998,Other,Low,10,1,1,5
百恵ちゃん,2021,2021-01-30,21000,1999,Other,Low,5,1,1,5
Bamford,2021,2021-01-31,21000,2000,Other,Low,7,1,1,6
JO1へ届け_1000万回の愛と感謝,2021,2021-02-17,21000,2001,Other,Low,18,1,2,2
一番為になったアニメから学んだこと,2021,2021-02-17,21000,2002,Other,Low,17,1,2,2
あなたを遊戯王カード化,2021,2021-02-28,21000,2003,Other,Low,11,1,2,6
LoDeIbai,2021,2021-03-07,21000,2004,Other,Low,8,1,3,6
ひって打って出てきた言葉が10年後の姿,2021,2021-04-03,21000,2005,Other,Low,19,1,4,5
水曜日のダウンタウン,2021,2021-03-10,21000,2006,Other,Low,10,1,3,2
kokain,2021,2021-03-26,21000,2007,Other,Low,6,1,3,4
クイズTHE違和感,2021,2021-04-05,21000,2008,Other,Low,9,1,4,0
عبيد_الوسمي,2021,2021-04-23,21000,2009,Other,Low,11,1,4,4
VCT,2021,2021-05-24,21000,2010,Other,Low,3,1,5,0
V6とWAになってマジカペに乗ろう,2021,2021-07-17,21000,2011,Other,Low,17,1,7,5
FreeDOMINOSday,2021,2021-07-19,21000,2012,Politics,Low,14,1,7,0
طارق عبدالحكيم,2021,2021-08-27,21000,2013,Other,Low,14,2,8,4
Sarah Harding,2021,2021-09-05,21000,2014,Other,Low,13,2,9,6
ヒルナンデス,2021,2021-09-23,21000,2015,Other,Low,6,1,9,3
TilDeath,2021,2021-10-31,21000,2016,Other,Low,8,1,10,6
Titans,2021,2021-11-08,21000,2017,Other,Low,6,1,11,0
RemembranceDay2021,2021,2021-11-11,21000,2018,Other,Low,18,1,11,3
いただきハイジャンプ,2021,2021-11-15,21000,2019,Other,Low,10,1,11,0
RushHour3rdWin,2021,2021-11-26,21000,2020,Other,Low,14,1,11,4
中村吉右衛門,2021,2021-12-01,21000,2021,Other,Low,6,1,12,2
ハライチ,2021,2021-12-19,21000,2022,Other,Low,4,1,12,6
ものまねグランプリ,2021,2021-12-21,21000,2023,Other,Low,9,1,12,1
カラフェス,2021,2021-12-30,21000,2024,Other,Low,5,1,12,3
一緒にWHITEISLAND,2021,2021-01-04,20000,2025,Other,Low,14,1,1,0
マリン航海記,2021,2021-01-18,20000,2026,Other,Low,6,1,1,0
TheCrew,2021,2021-02-15,20000,2027,Other,Low,7,1,2,0
펜트하우스,2021,2021-02-19,20000,2028,Other,Low,5,1,2,4
DutertePalpak,2021,2021-03-27,20000,2029,Other,Low,13,1,3,5
istifanıkabuletmiyoruz,2021,2021-04-08,20000,2030,Other,Low,22,1,4,3
Bernie Madoff,2021,2021-04-14,20000,2031,Other,Low,13,2,4,2
WELCOMEBACKSOKEN,2021,2021-05-16,20000,2032,Other,Low,16,1,5,6
Esnafa Müjde,2021,2021-05-17,20000,2033,Other,Low,12,2,5,0
HorizonForbiddenWest,2021,2021-05-27,20000,2034,Other,Low,20,1,5,3
yasaklar,2021,2021-05-31,20000,2035,Other,Low,8,1,5,0
MasumlarApartmanı,2021,2021-06-08,20000,2036,Other,Low,17,1,6,1
ミステリ,2021,2021-06-02,20000,2037,Other,Low,4,1,6,2
Isak,2021,2021-06-18,20000,2038,Other,Low,4,1,6,4
ConvencionConstituyente,2021,2021-07-04,20000,2039,Other,Low,23,1,7,6
かるてっと爆誕2021,2021,2021-07-08,20000,2040,Other,Low,11,1,7,3
OremPeloPresidente,2021,2021-07-14,20000,2041,Politics,Low,18,1,7,2
Paulinho,2021,2021-07-22,20000,2042,Other,Low,8,1,7,3
兄ちゃん,2021,2021-07-25,20000,2043,Other,Low,4,1,7,6
Orlando Drummond,2021,2021-07-27,20000,2044,Other,Low,16,2,7,1
Geno,2021,2021-10-26,20000,2045,Other,Low,4,1,10,1
Liella_群馬_1star,2021,2021-10-30,20000,2046,Other,Low,15,1,10,5
Glover,2021,2021-10-30,20000,2047,Other,Low,6,1,10,5
Staples Center,2021,2021-11-17,20000,2048,Other,Low,14,2,11,2
Anthony Brown,2021,2021-11-26,20000,2049,Other,Low,13,2,11,4
武内くん,2021,2021-12-21,20000,2050,Other,Low,4,1,12,1
ネオ登場,2021,2021-12-28,20000,2051,Other,Low,4,1,12,1
Rockets,2021,2021-12-29,20000,2052,Other,Low,7,1,12,2
Hingeisghetto,2021,2021-01-10,19000,2053,Other,Low,13,1,1,6
音楽が聞こえて来たら負け,2021,2021-01-23,19000,2054,Other,Low,12,1,1,5
麒麟がくる総集編,2021,2021-02-23,19000,2055,Other,Low,8,1,2,1
リィンカネ生,2021,2021-03-17,19000,2056,Other,Low,6,1,3,2
Vittoria,2021,2021-03-23,19000,2057,Other,Low,8,1,3,1
Snowfallfx,2021,2021-04-01,19000,2058,Other,Low,10,1,4,3
WHULEI,2021,2021-04-11,19000,2059,Other,Low,6,1,4,6
角巻わため新衣装,2021,2021-05-03,19000,2060,Other,Low,8,1,5,0
BATTLEFIELD2042,2021,2021-06-09,19000,2061,Other,Low,15,1,6,2
Juventude,2021,2021-06-27,19000,2062,Other,Low,9,1,6,6
SixTONES_出演しマスカラ,2021,2021-07-17,19000,2063,Other,Low,16,1,7,5
CyclingTrack,2021,2021-08-04,19000,2064,Other,Low,12,1,8,2
Sidney Magal,2021,2021-08-11,19000,2065,Politics,Low,12,2,8,2
レコメン,2021,2021-08-23,19000,2066,Other,Low,4,1,8,0
ゴリエちゃん,2021,2021-08-27,19000,2067,Other,Low,6,1,8,4
ProvaNaIlha,2021,2021-08-31,19000,2068,Other,Low,11,1,8,1
Dalot,2021,2021-09-29,19000,2069,Other,Low,5,1,9,2
SecretGala7,2021,2021-10-28,19000,2070,Other,Low,11,1,10,3
PSGLOSC,2021,2021-10-29,19000,2071,Sports,Low,7,1,10,4
ポケモンタイプ診断,2021,2021-11-15,19000,2072,Other,Low,9,1,11,0
今夜くらべてみました,2021,2021-11-24,19000,2073,Other,Low,10,1,11,2
ARSNEW,2021,2021-11-27,19000,2074,Other,Low,6,1,11,5
少クラ,2021,2021-03-05,18000,2075,Other,Low,3,1,3,4
PancakeDay,2021,2021-02-16,18000,2076,Other,Low,10,1,2,1
FBJKninTATLIsıDEFOL,2021,2021-03-05,18000,2077,Other,Low,19,1,3,4
NevruzBayramı,2021,2021-03-21,18000,2078,Other,Low,13,1,3,6
DaBaby,2021,2021-03-22,18000,2079,Other,Low,6,1,3,0
Montecitorio,2021,2021-04-06,18000,2080,Other,Low,12,1,4,1
Danilo,2021,2021-04-07,18000,2081,Other,Low,6,1,4,2
UFCVegas24,2021,2021-04-18,18000,2082,Sports,Low,10,1,4,6
まめ夫,2021,2021-06-15,18000,2083,Other,Low,3,1,6,1
マツコの知らない世界,2021,2021-07-06,18000,2084,Other,Low,10,1,7,1
Chris Chan,2021,2021-07-30,18000,2085,Other,Low,10,2,7,4
LovlinaBorgohain,2021,2021-08-04,18000,2086,Other,Low,16,1,8,2
男子400mリレー,2021,2021-08-06,18000,2087,Other,Low,9,1,8,4
Sending SO MUCH,2021,2021-09-11,18000,2088,Other,Low,15,3,9,5
見た人もアカウント名の由来を話す,2021,2021-09-27,18000,2089,Other,Low,16,1,9,0
FBvOLY,2021,2021-09-30,18000,2090,Other,Low,6,1,9,3
2ndOctober,2021,2021-10-02,18000,2091,Other,Low,10,1,10,5
NRLGF,2021,2021-10-03,18000,2092,Other,Low,5,1,10,6
ülkeiflasediyor,2021,2021-10-25,18000,2093,Other,Low,15,1,10,0
HaloInfinite,2021,2021-10-25,18000,2094,Other,Low,12,1,10,0
PBB3rdEvictionNight,2021,2021-11-20,18000,2095,Other,Low,19,1,11,5
LopezKambososJr,2021,2021-11-28,18000,2096,Other,Low,15,1,11,6
細かすぎて伝わらないモノマネ,2021,2021-12-11,18000,2097,Other,Low,14,1,12,5
심장이겨내_최민호Heartbreak,2021,2021-12-21,18000,2098,Other,Low,19,1,12,1
LINEMUSICSHOW2021,2021,2021-12-29,18000,2099,Entertainment,Low,17,1,12,2
ESPNPlus,2021,2021-01-24,17000,2100,Other,Low,8,1,1,6
BuschContest,2021,2021-02-15,17000,2101,Other,Low,12,1,2,0
YasakElma,2021,2021-03-22,17000,2102,Other,Low,9,1,3,0
名前の最初をぽにすると超絶可愛い,2021,2021-03-28,17000,2103,Other,Low,16,1,3,6
特捜9,2021,2021-05-05,17000,2104,Other,Low,3,1,5,2
Nate Diaz,2021,2021-06-13,17000,2105,Other,Low,9,2,6,6
ホイミー,2021,2021-06-15,17000,2106,Other,Low,4,1,6,1
アイプラ名刺交換,2021,2021-06-24,17000,2107,Other,Low,8,1,6,3
İhsanŞenocakYalnızDeğildir,2021,2021-07-26,17000,2108,Other,Low,26,1,7,0
齋藤飛鳥生誕祭,2021,2021-08-09,17000,2109,Other,Low,7,1,8,0
SCP財団,2021,2021-08-12,17000,2110,Other,Low,5,1,8,3
イデ隊員,2021,2021-08-24,17000,2111,Other,Low,4,1,8,1
Hatton,2021,2021-09-25,17000,2112,Other,Low,6,1,9,5
Burak,2021,2021-10-08,17000,2113,Other,Low,5,1,10,4
LeGrandDebatLCI,2021,2021-11-08,17000,2114,Other,Low,15,1,11,0
TOKIOカケル,2021,2021-11-10,17000,2115,Other,Low,8,1,11,2
能見さん,2021,2021-11-27,17000,2116,Other,Low,4,1,11,5
アステルレダ3D,2021,2021-12-07,17000,2117,Other,Low,8,1,12,1
F1Finale,2021,2021-12-12,17000,2118,Other,Low,8,1,12,6
LoteriaRTVE,2021,2021-12-22,17000,2119,Other,Low,11,1,12,2
シンデレラ10周年_愛知day1,2021,2021-12-25,17000,2120,Other,Low,16,1,12,5
七草がゆ10連ガチャ,2021,2021-01-07,16000,2121,Other,Low,10,1,1,3
sadakatsiz,2021,2021-01-13,16000,2122,Other,Low,10,1,1,2
正直出産ってどうだったか教えて,2021,2021-01-16,16000,2123,Other,Low,15,1,1,5
SilhoutteChallenge,2021,2021-01-28,16000,2124,Technology,Low,18,1,1,3
Robinhood,2021,2021-01-28,16000,2125,Other,Low,9,1,1,3
ولي_العهد_في_مستقبل_الاستثمار,2021,2021-01-28,16000,2126,Other,Low,29,1,1,3
TPMP,2021,2021-03-22,16000,2127,Other,Low,4,1,3,0
教えてもらう前と後,2021,2021-04-05,16000,2128,Other,Low,9,1,4,0
SnowfallFX,2021,2021-04-22,16000,2129,Other,Low,10,1,4,3
concertone,2021,2021-05-01,16000,2130,Entertainment,Low,10,1,5,5
WeStandWithGaza,2021,2021-05-12,16000,2131,Politics,Low,15,1,5,2
ドラマ化,2021,2021-06-02,16000,2132,Other,Low,4,1,6,2
Rangel,2021,2021-06-14,16000,2133,Other,Low,6,1,6,0
DAZN,2021,2021-06-18,16000,2134,Other,Low,4,1,6,4
AVidaDaGente,2021,2021-07-20,16000,2135,Other,Low,12,1,7,1
EdomexASemaforoNaranja,2021,2021-07-23,16000,2136,Other,Low,22,1,7,4
バズリズム02,2021,2021-07-30,16000,2137,Other,Low,7,1,7,4
あんスタSSスタンプラリー,2021,2021-07-31,16000,2138,Other,Low,13,1,7,5
フェイクバスターズ,2021,2021-08-10,16000,2139,Other,Low,9,1,8,1
流れ弾,2021,2021-08-23,16000,2140,Other,Low,3,1,8,0
Saints Row,2021,2021-08-25,16000,2141,Other,Low,10,2,8,2
9Eylül,2021,2021-09-09,16000,2142,Other,Low,6,1,9,3
お笑いの日2021,2021,2021-10-02,16000,2143,Other,Low,9,1,10,5
クラロワ復帰,2021,2021-10-18,16000,2144,Other,Low,6,1,10,0
Efendiler,2021,2021-10-28,16000,2145,Other,Low,9,1,10,3
DünyaÇocukHaklarıGünü,2021,2021-11-20,16000,2146,Other,Low,21,1,11,5
マルタさん,2021,2021-12-07,16000,2147,Other,Low,5,1,12,1
Advincula,2021,2021-12-09,16000,2148,Other,Low,9,1,12,3
か行でXmasの過ごし方がわかる,2021,2021-12-14,16000,2149,Other,Low,16,1,12,1
坂本くん,2021,2021-12-30,16000,2150,Other,Low,4,1,12,3
MISIA,2021,2021-12-30,16000,2151,Other,Low,5,1,12,3
MaskedSingerUK,2021,2021-01-16,15000,2152,Entertainment,Low,14,1,1,5
Osterlockdown,2021,2021-03-23,15000,2153,Social,Low,13,1,3,1
Kuzma,2021,2021-05-08,15000,2154,Other,Low,5,1,5,5
로즈데이,2021,2021-05-13,15000,2155,Other,Low,4,1,5,3
THE SHOW WITH TXT,2021,2021-06-08,15000,2156,Other,Low,17,4,6,1
モナーク,2021,2021-06-10,15000,2157,Other,Low,4,1,6,3
イマソラ,2021,2021-06-21,15000,2158,Other,Low,4,1,6,0
Pandemic P,2021,2021-06-23,15000,2159,Social,Low,10,2,6,2
ドレミファドン,2021,2021-06-28,15000,2160,Other,Low,7,1,6,0
BartyParty,2021,2021-07-10,15000,2161,Other,Low,10,1,7,5
Matheus Cunha,2021,2021-07-22,15000,2162,Other,Low,13,2,7,3
Bledsoe,2021,2021-07-26,15000,2163,Other,Low,7,1,7,0
六番目の小夜子,2021,2021-07-30,15000,2164,Other,Low,7,1,7,4
INDvsAUS,2021,2021-08-02,15000,2165,Other,Low,8,1,8,0
Kipchoge,2021,2021-08-08,15000,2166,Other,Low,8,1,8,6
JO1_REAL_MV300万回突破,2021,2021-08-16,15000,2167,Other,Low,18,1,8,0
リモーネ先生誕生祭2021,2021,2021-08-18,15000,2168,Other,Low,13,1,8,2
RECEP TAYYİP ERDOĞAN,2021,2021-08-20,15000,2169,Other,Low,20,3,8,4
jade picon,2021,2021-09-07,15000,2170,Other,Low,10,2,9,1
Antonio Caballero,2021,2021-09-11,15000,2171,Other,Low,17,2,9,5
あなたを東京女子化,2021,2021-09-16,15000,2172,Other,Low,9,1,9,3
ラブライブANN,2021,2021-09-24,15000,2173,Other,Low,8,1,9,4
セクゾと神サイの絶対領域,2021,2021-10-09,15000,2174,Other,Low,12,1,10,5
OneDaywithHYUNGWON,2021,2021-10-26,15000,2175,Other,Low,18,1,10,1
一番呟いた名前が推しだったら合格,2021,2021-11-03,15000,2176,Other,Low,16,1,11,2
Borja,2021,2021-11-04,15000,2177,Other,Low,5,1,11,3
RHOBH,2021,2021-11-04,15000,2178,Other,Low,5,1,11,3
白銀ノエル誕生日凸待ち,2021,2021-11-24,15000,2179,Other,Low,11,1,11,2
インティ,2021,2021-12-05,15000,2180,Other,Low,4,1,12,6
神里綾人,2021,2021-12-08,15000,2181,Other,Low,4,1,12,2
Jimenez,2021,2021-12-11,15000,2182,Other,Low,7,1,12,5
男性ブランコ,2021,2021-12-19,15000,2183,Other,Low,6,1,12,6
TALESFROMTHESMP,2021,2021-01-10,14000,2184,Other,Low,15,1,1,6
テニチャ,2021,2021-01-18,14000,2185,Other,Low,4,1,1,0
青のSP,2021,2021-01-26,14000,2186,Other,Low,4,1,1,1
咲ちゃん,2021,2021-01-29,14000,2187,Other,Low,4,1,1,4
さ行でお前の純粋さを教えてやれ,2021,2021-03-07,14000,2188,Other,Low,15,1,3,6
は行でなぜモテないのか分かる,2021,2021-03-24,14000,2189,Other,Low,14,1,3,2
あんスタMV衣装お試し,2021,2021-03-25,14000,2190,Other,Low,11,1,3,3
照ノ富士,2021,2021-03-28,14000,2191,Other,Low,4,1,3,6
鉄腕DASH,2021,2021-03-28,14000,2192,Other,Low,6,1,3,6
jadeja,2021,2021-04-25,14000,2193,Other,Low,6,1,4,6
koningsdag,2021,2021-04-27,14000,2194,Other,Low,10,1,4,1
Hurd,2021,2021-06-07,14000,2195,Other,Low,4,1,6,0
Berardi,2021,2021-06-26,14000,2196,Other,Low,7,1,6,5
まんが王国はお得感No1,2021,2021-07-02,14000,2197,Other,Low,12,1,7,4
まんが王国お得爆発DAY,2021,2021-07-02,14000,2198,Other,Low,12,1,7,4
EAPlayLive,2021,2021-07-22,14000,2199,Other,Low,10,1,7,3
Bray Wyatt,2021,2021-07-31,14000,2200,Other,Low,10,2,7,5
コースト,2021,2021-08-12,14000,2201,Other,Low,4,1,8,3
NEWWHU,2021,2021-08-15,14000,2202,Other,Low,6,1,8,6
uominiedonne,2021,2021-09-13,14000,2203,Other,Low,12,1,9,0
リーパー,2021,2021-09-18,14000,2204,Other,Low,4,1,9,5
ヨカヨカ,2021,2021-09-22,14000,2205,Other,Low,4,1,9,2
De Gea,2021,2021-09-29,14000,2206,Other,Low,6,2,9,2
MUNVIL,2021,2021-09-29,14000,2207,Other,Low,6,1,9,2
ナムコホロライブキャンペーン,2021,2021-10-13,14000,2208,Other,Low,14,1,10,2
サイン入りオリジナルグッズ,2021,2021-10-13,14000,2209,Other,Low,13,1,10,2
おかゆのスペース,2021,2021-10-20,14000,2210,Other,Low,8,1,10,2
Soler,2021,2021-10-27,14000,2211,Other,Low,5,1,10,2
AyusoEH,2021,2021-11-09,14000,2212,Other,Low,7,1,11,1
歌舞伎俳優,2021,2021-12-01,14000,2213,Other,Low,5,1,12,2
アナザートゥルース,2021,2021-12-05,14000,2214,Other,Low,9,1,12,6
ブイシッウレシッタノシッ,2021,2021-12-10,14000,2215,Other,Low,12,1,12,4
FF10,2021,2021-12-27,14000,2216,Other,Low,4,1,12,0
Sイシュタル,2021,2021-01-04,13000,2217,Other,Low,6,1,1,0
オーイシ1000円,2021,2021-01-05,13000,2218,Other,Low,9,1,1,1
GabbaTest,2021,2021-01-19,13000,2219,Other,Low,9,1,1,1
Ramiro,2021,2021-01-26,13000,2220,Other,Low,6,1,1,1
DEFANTENOBBB,2021,2021-01-26,13000,2221,Other,Low,12,1,1,1
第五人格チョコ大作戦,2021,2021-02-14,13000,2222,Other,Low,10,1,2,6
MaestrosDeLaCostura,2021,2021-03-16,13000,2223,Other,Low,19,1,3,1
Muniz,2021,2021-03-20,13000,2224,Other,Low,5,1,3,5
GönülDağı,2021,2021-03-20,13000,2225,Other,Low,9,1,3,5
橋田壽賀子さん,2021,2021-04-05,13000,2226,Other,Low,7,1,4,0
Souness,2021,2021-05-02,13000,2227,Other,Low,7,1,5,6
飲酒運転,2021,2021-06-28,13000,2228,Other,Low,4,1,6,0
GSvPSV,2021,2021-07-28,13000,2229,Other,Low,6,1,7,2
ストレンジャーなJO1,2021,2021-07-31,13000,2230,Other,Low,11,1,7,5
プロミスシンデレラ,2021,2021-08-10,13000,2231,Other,Low,9,1,8,1
Sandra de Sá,2021,2021-08-11,13000,2232,Other,Low,12,3,8,2
CHEVIL,2021,2021-08-11,13000,2233,Other,Low,6,1,8,2
AskSonic,2021,2021-09-15,13000,2234,Other,Low,8,1,9,2
ゴッホちゃん,2021,2021-09-29,13000,2235,Other,Low,6,1,9,2
私はスマホ依存性ですと目をつぶって打つ,2021,2021-10-02,13000,2236,Other,Low,19,1,10,5
白上フブキ,2021,2021-10-13,13000,2237,Other,Low,5,1,10,2
100CroreVaccination,2021,2021-10-21,13000,2238,Other,Low,19,1,10,3
مبادره_الشرق_الاوسط_الاخضر,2021,2021-10-25,13000,2239,Other,Low,26,1,10,0
ぺこらいぶ,2021,2021-12-15,13000,2240,Other,Low,5,1,12,2
Montiel,2021,2021-01-13,12000,2241,Other,Low,7,1,1,2
lufc,2021,2021-02-08,12000,2242,Sports,Low,4,1,2,0
lebaleb,2021,2021-03-24,12000,2243,Other,Low,7,1,3,2
Black Gold,2021,2021-03-24,12000,2244,Other,Low,10,2,3,2
DevletAna,2021,2021-04-06,12000,2245,Other,Low,9,1,4,1
FalasDaTerra,2021,2021-04-20,12000,2246,Other,Low,12,1,4,1
alkolümedokunma,2021,2021-04-27,12000,2247,Other,Low,15,1,4,1
ウマ娘になってしまいました,2021,2021-04-28,12000,2248,Other,Low,13,1,4,2
DuterteDuwag,2021,2021-05-07,12000,2249,Other,Low,12,1,5,4
Camacho,2021,2021-05-30,12000,2250,Other,Low,7,1,5,6
欲求の強さ,2021,2021-06-10,12000,2251,Other,Low,5,1,6,3
あなたのエゴタイプ,2021,2021-06-10,12000,2252,Other,Low,9,1,6,3
エゴ診断,2021,2021-06-10,12000,2253,Other,Low,4,1,6,3
謎ときヒーロー,2021,2021-06-12,12000,2254,Other,Low,7,1,6,5
魔法学校の専攻適性診断,2021,2021-06-15,12000,2255,Other,Low,11,1,6,1
FinalYoSoy,2021,2021-06-28,12000,2256,Other,Low,10,1,6,0
BuNasılVizyonAliBaşkan,2021,2021-07-01,12000,2257,Other,Low,22,1,7,3
كشخه_العيد,2021,2021-07-20,12000,2258,Other,Low,10,1,7,1
evdekaltürkiye,2021,2021-07-24,12000,2259,Other,Low,14,1,7,5
ÖzürDileBöcek,2021,2021-08-02,12000,2260,Other,Low,13,1,8,0
ConnieFerguson,2021,2021-08-04,12000,2261,Other,Low,14,1,8,2
Post Malone,2021,2021-08-25,12000,2262,Other,Low,11,2,8,2
葛葉100万人,2021,2021-09-02,12000,2263,Other,Low,7,1,9,3
キスマイ色気ダダ漏れで_Fear,2021,2021-09-17,12000,2264,Other,Low,16,1,9,4
北山宏光誕生祭今夜は皆の手が_Fear,2021,2021-09-17,12000,2265,Other,Low,19,1,9,4
Matzek,2021,2021-10-24,12000,2266,Other,Low,6,1,10,6
目を閉じればV6がそばいるよ,2021,2021-10-25,12000,2267,Other,Low,14,1,10,0
山本由伸,2021,2021-11-20,12000,2268,Other,Low,4,1,11,5
ImACeleb,2021,2021-11-21,12000,2269,Other,Low,8,1,11,6
DWTS,2021,2021-11-23,12000,2270,Other,Low,4,1,11,1
ジャニフェス当落,2021,2021-11-25,12000,2271,Other,Low,8,1,11,3
sigarazammı,2021,2021-12-06,12000,2272,Other,Low,11,1,12,0
大ちゃん,2021,2021-12-10,12000,2273,Other,Low,4,1,12,4
nhk_life,2021,2021-12-21,12000,2274,Other,Low,8,1,12,1
ネオが欲しい,2021,2021-12-28,12000,2275,Other,Low,6,1,12,1
TatildeOkuyoruz,2021,2021-01-23,11000,2276,Other,Low,15,1,1,5
せいしで変換して静止だったら健全,2021,2021-02-11,11000,2277,Other,Low,16,1,2,3
HainlerTemizlenecek,2021,2021-02-17,11000,2278,Other,Low,19,1,2,2
Lucas Lima,2021,2021-03-03,11000,2279,Other,Low,10,2,3,2
GökhanÖzbolatTutuklansın,2021,2021-03-09,11000,2280,Other,Low,24,1,3,1
pazartesi,2021,2021-03-15,11000,2281,Other,Low,9,1,3,0
DuterteResign,2021,2021-03-27,11000,2282,Politics,Low,13,1,3,5
AvukatlarGünü,2021,2021-04-05,11000,2283,Other,Low,13,1,4,0
Ana Furtado,2021,2021-04-22,11000,2284,Other,Low,11,2,4,3
Carrascal,2021,2021-05-25,11000,2285,Other,Low,9,1,5,1
renkligözchallenge,2021,2021-05-27,11000,2286,Other,Low,18,1,5,3
シャッフル,2021,2021-06-10,11000,2287,Other,Low,5,1,6,3
Reggie Jackson,2021,2021-06-11,11000,2288,Other,Low,14,2,6,4
二宮和也誕生祭,2021,2021-06-16,11000,2289,Other,Low,7,1,6,2
推しを一発で出せたらあなたの愛は本物,2021,2021-06-20,11000,2290,Other,Low,18,1,6,6
クセスゴ,2021,2021-07-08,11000,2291,Other,Low,4,1,7,3
HelloFuture3rdWin,2021,2021-07-10,11000,2292,Other,Low,17,1,7,5
Dillashaw,2021,2021-07-25,11000,2293,Other,Low,9,1,7,6
阿部兄弟,2021,2021-07-25,11000,2294,Other,Low,4,1,7,6
Triathlon,2021,2021-07-26,11000,2295,Other,Low,9,1,7,0
ポケカ25周年,2021,2021-08-28,11000,2296,Other,Low,7,1,8,5
ブラインドサッカー,2021,2021-08-29,11000,2297,Other,Low,9,1,8,6
FFXIV400kSweepstakes,2021,2021-09-08,11000,2298,Other,Low,20,1,9,2
CALUM,2021,2021-09-26,11000,2299,Other,Low,5,1,9,6
サイコパス,2021,2021-10-06,11000,2300,Other,Low,5,1,10,2
Clemson,2021,2021-10-16,11000,2301,Other,Low,7,1,10,5
PuneethRajkumar,2021,2021-10-29,11000,2302,Other,Low,15,1,10,4
ミューチャリー,2021,2021-11-03,11000,2303,Other,Low,7,1,11,2
カウコン,2021,2021-11-05,11000,2304,Other,Low,4,1,11,4
なにわ男子ANNP,2021,2021-11-20,11000,2305,Other,Low,9,1,11,5
Auba,2021,2021-11-27,11000,2306,Other,Low,4,1,11,5
Tavares,2021,2021-11-27,11000,2307,Other,Low,7,1,11,5
ログイン戦争,2021,2021-12-03,11000,2308,Other,Low,6,1,12,4
真犯人フラグ,2021,2021-12-05,11000,2309,Other,Low,6,1,12,6
鬼滅の刃遊郭編,2021,2021-12-05,11000,2310,Other,Low,7,1,12,6
ハンオシ,2021,2021-12-07,11000,2311,Other,Low,4,1,12,1
kiisパーティー,2021,2021-12-14,11000,2312,Other,Low,9,1,12,1
ヒラメック25,2021,2021-12-28,11000,2313,Other,Low,7,1,12,1
一番お世話になったゲームの技,2021,2021-01-20,10000,2314,Other,Low,14,1,1,2
YeniNormalleşmedenAnladığım,2021,2021-03-02,10000,2315,Other,Low,27,1,3,1
İstanbulSözleşmesi,2021,2021-03-20,10000,2316,Other,Low,18,1,3,5
hepimizboynukalınız,2021,2021-03-22,10000,2317,Other,Low,19,1,3,0
Fast & Furious,2021,2021-04-07,10000,2318,Other,Low,14,3,4,2
もう一度遊びたいゲーム,2021,2021-04-20,10000,2319,Other,Low,11,1,4,1
新型Switch,2021,2021-07-06,10000,2320,Technology,Low,8,1,7,1
KurbanCinayettir,2021,2021-07-20,10000,2321,Other,Low,16,1,7,1
MasterChefBR,2021,2021-08-11,10000,2322,Other,Low,12,1,8,2
みんなでAZALEA1st_Day1,2021,2021-08-14,10000,2323,Other,Low,18,1,8,5
ポケマス2周年,2021,2021-08-28,10000,2324,Other,Low,7,1,8,5
Mirtha,2021,2021-08-29,10000,2325,Other,Low,6,1,8,6
恋降る月夜に君想ふ,2021,2021-08-30,10000,2326,Other,Low,9,1,8,0
SoccerAid,2021,2021-09-04,10000,2327,Sports,Low,9,1,9,5
Origi,2021,2021-09-15,10000,2328,Other,Low,5,1,9,2
sigara,2021,2021-10-04,10000,2329,Other,Low,6,1,10,0
4EkimHayvanlarıKorumaGünü,2021,2021-10-04,10000,2330,Other,Low,25,1,10,0
あなたを剣化,2021,2021-10-06,10000,2331,Other,Low,6,1,10,2
お前らたまにはアイコンらしいこと言えよ,2021,2021-10-07,10000,2332,Other,Low,19,1,10,3
MCCelebrity,2021,2021-10-18,10000,2333,Entertainment,Low,11,1,10,0
MHASpoilers,2021,2021-11-25,10000,2334,Other,Low,11,1,11,3
PinkFridayWithPLT,2021,2021-11-26,10000,2335,Other,Low,17,1,11,4
Survivor,2021,2021-12-02,10000,2336,Social,Low,8,1,12,3
スバルーナ,2021,2021-12-09,10000,2337,Other,Low,5,1,12,3
配信テスト,2021,2021-12-22,10000,2338,Other,Low,5,1,12,2
ひなくり2021_Day2,2021,2021-12-25,10000,2339,Other,Low,13,1,12,5
Kobe,2020,2020-01-27,9396000,1,Other,High,4,1,1,0
Trump,2020,2020-09-30,8597000,2,Politics,High,5,1,9,2
เยาวชนปลดแอก,2020,2020-07-18,8018000,3,Other,High,12,1,7,5
PawanKalyanBirthdayCDP,2020,2020-08-15,7562000,4,Other,High,22,1,8,5
ขีดเส้นตายไล่เผด็จการ,2020,2020-08-16,6777000,5,Other,High,21,1,8,6
Halloween,2020,2020-10-31,5459000,6,Holiday,High,9,1,10,5
ExaBFF,2020,2020-07-28,4994000,7,Other,High,6,1,7,1
HBDTHALAPATHYVijay,2020,2020-06-21,4531000,8,Other,High,18,1,6,6
COVID,2020,2020-10-02,4264000,9,Social,High,5,1,10,4
Biden,2020,2020-11-04,3861000,10,Politics,High,5,1,11,2
16ตุลาไปแยกปทุมวัน,2020,2020-10-16,3816000,11,Other,High,18,1,10,4
RRBExamDates,2020,2020-09-05,3728000,12,Other,High,12,1,9,5
10YearsOfOneDirection,2020,2020-07-23,3634000,13,Other,High,21,1,7,3
ม็อบ18ตุลา,2020,2020-10-18,3374000,14,Other,High,10,1,10,6
Christmas,2020,2020-12-25,3244000,15,Holiday,High,9,1,12,4
15ตุลาไปราชประสงค์,2020,2020-10-15,3172000,16,Other,High,18,1,10,3
SARSMUSTEND,2020,2020-10-12,3147000,17,Other,High,11,1,10,0
ハロウィン,2020,2020-10-31,3142000,18,Other,High,5,1,10,5
ม็อบ16ตุลา,2020,2020-10-16,3049000,19,Other,High,10,1,10,4
Debates2020,2020,2020-09-30,3027000,20,Politics,High,11,1,9,2
MTVHottest,2020,2020-07-19,2998000,21,Other,High,10,1,7,6
คั่นกูตอนจบ,2020,2020-05-15,2907000,22,Other,High,11,1,5,4
KickIt1stwin,2020,2020-03-27,2880000,23,Other,High,12,1,3,4
AMAs,2020,2020-11-23,2778000,24,Other,High,4,1,11,0
whatishappeninginthailand,2020,2020-10-16,2552000,25,Other,High,25,1,10,4
Spotify,2020,2020-12-02,2515000,26,Entertainment,High,7,1,12,2
Father's Day,2020,2020-06-21,2486000,27,Holiday,High,12,2,6,6
ม็อบ8พฤศจิกา,2020,2020-11-08,2442000,28,Other,High,12,1,11,6
speakupforSSCRaliwaystudents,2020,2020-09-01,2423000,29,Social,High,28,1,9,1
ม็อบ21ตุลา,2020,2020-10-21,2362000,30,Other,High,10,1,10,2
Kamala,2020,2020-11-08,2315000,31,Politics,High,6,1,11,6
Antifa,2020,2020-05-31,2195000,32,Other,High,6,1,5,6
BlackLivesMatter,2020,2020-05-28,2171000,33,Social,High,16,1,5,3
John Lewis,2020,2020-07-18,2168000,34,Other,High,10,2,7,5
ObamaGate,2020,2020-05-11,2166000,35,Politics,High,9,1,5,0
NCT2020,2020,2020-10-12,2147000,36,Other,High,7,1,10,0
BANGBANGCON_D2,2020,2020-04-19,2146000,37,Other,High,14,1,4,6
Moro,2020,2020-04-24,2127000,38,Other,High,4,1,4,4
好き,2020,2020-05-05,2034000,39,Other,High,2,1,5,1
IUxSUGA,2020,2020-05-06,2025000,40,Other,High,7,1,5,2
MapOfTheSoulOne,2020,2020-10-10,1974000,41,Other,High,15,1,10,5
EndSARS,2020,2020-10-09,1964000,42,Other,High,7,1,10,4
Happy Halloween,2020,2020-10-31,1887000,43,Holiday,High,15,2,10,5
Bernie,2020,2020-04-08,1832000,44,Other,High,6,1,4,2
DeathOfDemocracy,2020,2020-09-09,1754000,45,Other,High,16,1,9,2
คั่นกูEP10,2020,2020-04-24,1743000,46,Other,High,10,1,4,4
クリスマス,2020,2020-12-24,1723000,47,Holiday,High,5,1,12,3
EndSWAT,2020,2020-10-14,1707000,48,Other,High,7,1,10,2
Thanksgiving,2020,2020-11-26,1693000,49,Holiday,High,12,1,11,3
China,2020,2020-04-15,1628000,50,Politics,High,5,1,4,2
BlackOutTuesday,2020,2020-06-02,1622000,51,Other,High,15,1,6,1
Ruth Bader Ginsburg,2020,2020-09-19,1622000,52,Other,High,19,3,9,5
Marcela,2020,2020-04-06,1604000,53,Other,High,7,1,4,0
Happy Easter,2020,2020-04-12,1604000,54,Holiday,High,12,2,4,6
คั่นกูEP8,2020,2020-04-10,1543000,55,Other,High,9,1,4,4
Pennsylvania,2020,2020-11-06,1540000,56,Other,High,12,1,11,4
PCAs,2020,2020-10-24,1535000,57,Other,High,4,1,10,5
Anonymous,2020,2020-05-31,1528000,58,Other,High,9,1,5,6
Nevada,2020,2020-11-05,1527000,59,Other,High,6,1,11,3
ThalaAJITHBdayGalaCDP,2020,2020-04-26,1494000,60,Other,High,21,1,4,6
前澤ナンバーズ,2020,2020-09-11,1493000,61,Other,High,7,1,9,4
Barça,2020,2020-08-14,1488000,62,Other,High,5,1,8,4
GRAMMYs,2020,2020-01-27,1465000,63,Entertainment,High,7,1,1,0
อภิปรายไม่ไว้วางใจรัฐบาล,2020,2020-02-25,1426000,64,Other,High,24,1,2,1
Beirut,2020,2020-08-04,1399000,65,Other,High,6,1,8,1
CagayanNeedsHelp,2020,2020-11-13,1399000,66,Social,High,16,1,11,4
DynamiteVideoTeaser,2020,2020-08-18,1398000,67,Entertainment,High,19,1,8,1
Supreme Court,2020,2020-09-19,1396000,68,Other,High,13,2,9,5
BTSxRockinEve,2020,2020-01-01,1392000,69,Entertainment,High,13,1,1,2
Barcelona,2020,2020-08-14,1386000,70,Politics,High,9,1,8,4
Kanye,2020,2020-07-05,1376000,71,Entertainment,High,5,1,7,6
justicapormariferrer,2020,2020-11-03,1363000,72,Other,High,20,1,11,1
X1_new_beginning,2020,2020-01-07,1349000,73,Other,High,16,1,1,1
Covid_19,2020,2020-03-13,1331000,74,Social,High,8,1,3,4
ONVIDEOPARTY,2020,2020-02-27,1329000,75,Entertainment,High,12,1,2,3
MMA2020,2020,2020-12-05,1325000,76,Other,High,7,1,12,5
DearClassOf2020,2020,2020-06-08,1318000,77,Other,High,15,1,6,0
BLACK_LIVES_MATTER,2020,2020-05-31,1302000,78,Other,High,18,1,5,6
Barr,2020,2020-07-28,1269000,79,Other,High,4,1,7,1
BTS_Dynamite,2020,2020-08-02,1253000,80,Entertainment,High,12,1,8,6
AsimForTheWin,2020,2020-02-01,1240000,81,Other,High,13,1,2,5
1DOnlineConcertStayAtHome,2020,2020-04-14,1228000,82,Entertainment,High,25,1,4,1
ViewersChoiceAsim,2020,2020-01-04,1213000,83,Other,High,17,1,1,5
ShadowisComing,2020,2020-01-09,1211000,84,Other,High,14,1,1,3
BolsonaroDay,2020,2020-03-15,1209000,85,Politics,High,12,1,3,6
VMAs2020,2020,2020-07-30,1193000,86,Other,High,8,1,7,3
TREASURE_DEBUT_DDAY,2020,2020-08-07,1176000,87,Other,High,19,1,8,4
Feliz Natal,2020,2020-12-25,1173000,88,Other,High,11,2,12,4
ยังคั่นกูEP2,2020,2020-08-21,1152000,89,Other,High,12,1,8,4
Michigan,2020,2020-11-04,1151000,90,Other,High,8,1,11,2
TikTok,2020,2020-08-01,1132000,91,Entertainment,High,6,1,8,5
tolakomnisbuslaw,2020,2020-10-05,1130000,92,Other,High,16,1,10,0
Texas,2020,2020-12-12,1130000,93,Other,High,5,1,12,5
America,2020,2020-06-18,1125000,94,Politics,High,7,1,6,3
LINETVAWARDS2020,2020,2020-02-19,1076000,95,Politics,High,16,1,2,2
blackpink,2020,2020-07-28,1075000,96,Entertainment,High,9,1,7,1
Monica,2020,2020-09-01,1073000,97,Other,High,6,1,9,1
ConGULFtulations,2020,2020-11-12,1072000,98,Other,High,16,1,11,3
waiting_for_NEWX1,2020,2020-01-12,1061000,99,Other,High,17,1,1,6
FechadoComBolsonaro,2020,2020-04-25,1060000,100,Politics,High,19,1,4,5
Neymar,2020,2020-08-12,1055000,101,Other,High,6,1,8,2
Oneit_chartin_wantit,2020,2020-04-07,1045000,102,Other,High,20,1,4,1
FicaPrior,2020,2020-03-28,1043000,103,Other,High,9,1,3,5
ARMY,2020,2020-11-23,1039000,104,Other,High,4,1,11,0
HappyBirthdayTaehyung,2020,2020-12-29,1038000,105,Other,High,21,1,12,1
Dodgers,2020,2020-10-28,1035000,106,Other,High,7,1,10,2
ยังคั่นกูตอนจบ,2020,2020-09-11,1027000,107,Other,High,14,1,9,4
HappyBaekhyunDay,2020,2020-05-05,1020000,108,Other,High,16,1,5,1
Luka,2020,2020-08-24,1013000,109,Sports,High,4,1,8,0
4yearswithnctdream,2020,2020-08-25,1010000,110,Other,High,18,1,8,1
Feliz Navidad,2020,2020-12-25,1010000,111,Other,High,13,2,12,4
Merry Christmas,2020,2020-12-24,1008000,112,Holiday,High,15,2,12,3
kcamexico,2020,2020-08-25,993000,113,Other,Medium,9,1,8,1
1stDynamiteTeaser,2020,2020-08-10,992000,114,Other,Medium,17,1,8,0
Atlanta,2020,2020-05-30,991000,115,Other,Medium,7,1,5,5
GetWellSoonYoongi,2020,2020-11-06,990000,116,Other,Medium,17,1,11,4
WWIII,2020,2020-01-03,985000,117,Other,Medium,5,1,1,4
Babu,2020,2020-04-15,980000,118,Other,Medium,4,1,4,2
Arsenal,2020,2020-08-01,968000,119,Sports,Medium,7,1,8,5
Jada,2020,2020-07-11,968000,120,Other,Medium,4,1,7,5
DemDebate,2020,2020-02-20,960000,121,Politics,Medium,9,1,2,3
RAISETHEDEGREE,2020,2020-05-30,955000,122,Other,Medium,14,1,5,5
VidasNegrasImportam,2020,2020-06-01,945000,123,Other,Medium,19,1,6,0
ブルーインパルス,2020,2020-05-29,943000,124,Other,Medium,8,1,5,4
X1_New_Flight,2020,2020-01-10,937000,125,Other,Medium,13,1,1,4
Thelma,2020,2020-04-24,933000,126,Other,Medium,6,1,4,4
Arizona,2020,2020-11-04,926000,127,Other,Medium,7,1,11,2
THEALBUM,2020,2020-10-02,914000,128,Entertainment,Medium,8,1,10,4
Beyoncé,2020,2020-04-30,910000,129,Other,Medium,7,1,4,3
LiveJeM,2020,2020-04-05,908000,130,Other,Medium,7,1,4,6
HowYouLikeThatLisa,2020,2020-06-19,896000,131,Other,Medium,18,1,6,4
AppleEvent,2020,2020-10-13,888000,132,Technology,Medium,10,1,10,1
Bible,2020,2020-06-02,887000,133,Other,Medium,5,1,6,1
WakandaForever,2020,2020-08-29,883000,134,Other,Medium,14,1,8,5
요드림_4주년_쩗쭓짧,2020,2020-08-25,876000,135,Other,Medium,11,1,8,1
MAMA's Fan Choice Awards,2020,2020-10-29,872000,136,Politics,Medium,24,4,10,3
StopPrivatisation_SaveGovtJob,2020,2020-09-02,867000,137,Other,Medium,29,1,9,2
Elazığ,2020,2020-01-25,864000,138,Other,Medium,6,1,1,5
ykstarihinedokunma,2020,2020-05-01,864000,139,Other,Medium,18,1,5,4
TharnTypeSS2FirstWS,2020,2020-05-16,856000,140,Other,Medium,19,1,5,5
Clippers,2020,2020-09-16,855000,141,Other,Medium,8,1,9,2
Warren,2020,2020-02-20,850000,142,Politics,Medium,6,1,2,3
BhulaDungaFirstLook,2020,2020-03-17,844000,143,Other,Medium,19,1,3,1
Boris,2020,2020-04-07,843000,144,Other,Medium,5,1,4,1
الشيخ_صباح_الاحمد_الصباح,2020,2020-09-29,829000,145,Other,Medium,24,1,9,1
Happy New Year,2020,2020-12-31,823000,146,Holiday,Medium,14,3,12,3
WeTrustX1,2020,2020-01-06,822000,147,Other,Medium,9,1,1,0
MissUniverseThailand2020,2020,2020-10-10,821000,148,Other,Medium,24,1,10,5
Manu,2020,2020-04-20,814000,149,Other,Medium,4,1,4,0
우리_정국이_사랑해,2020,2020-01-06,811000,150,Other,Medium,10,1,1,0
OurMusicianRoséDay,2020,2020-02-10,811000,151,Politics,Medium,18,1,2,0
Disney,2020,2020-11-18,810000,152,Entertainment,Medium,6,1,11,2
ZamanDaralıyor AcilTahliye,2020,2020-03-29,808000,153,Other,Medium,26,2,3,6
BTSxGDA,2020,2020-01-05,807000,154,Entertainment,Medium,7,1,1,6
Candle4SSR,2020,2020-07-22,803000,155,Other,Medium,10,1,7,2
StillWithYou,2020,2020-06-04,799000,156,Other,Medium,12,1,6,3
श्री राम,2020,2020-08-05,792000,157,Other,Medium,8,2,8,2
LTLivestream,2020,2020-12-13,771000,158,Entertainment,Medium,12,1,12,6
Newborn_X1,2020,2020-01-15,767000,159,Other,Medium,10,1,1,2
TharnTypeSS2EP1,2020,2020-11-06,765000,160,Other,Medium,15,1,11,4
Islamophobia_In_India,2020,2020-04-21,762000,161,Other,Medium,21,1,4,1
Queiroz,2020,2020-08-24,759000,162,Other,Medium,7,1,8,0
Gusttavo Lima,2020,2020-04-12,758000,163,Other,Medium,13,2,4,6
DYNAMITE,2020,2020-11-23,749000,164,Other,Medium,8,1,11,0
pinargultekin,2020,2020-07-21,743000,165,Other,Medium,13,1,7,1
緊急事態宣言,2020,2020-04-06,742000,166,Other,Medium,6,1,4,0
RepublicFightsBack,2020,2020-10-08,733000,167,Other,Medium,18,1,10,3
TH_IGOT7TEAM,2020,2020-08-08,731000,168,Other,Medium,12,1,8,5
TarihYazdı BarışMuratYağcı,2020,2020-07-17,723000,169,Other,Medium,26,2,7,4
Madrid,2020,2020-08-07,721000,170,Sports,Medium,6,1,8,4
BlackIsKing,2020,2020-07-31,719000,171,Other,Medium,11,1,7,4
ArnabGoswami,2020,2020-11-04,718000,172,Other,Medium,12,1,11,2
PeruvianLivesMatter,2020,2020-11-15,701000,173,Other,Medium,19,1,11,6
Liverpool,2020,2020-03-12,698000,174,Sports,Medium,9,1,3,3
FNS歌謡祭,2020,2020-12-02,689000,175,Other,Medium,6,1,12,2
Batman,2020,2020-08-23,688000,176,Entertainment,Medium,6,1,8,6
Elections2020,2020,2020-11-04,688000,177,Politics,Medium,13,1,11,2
Lyon,2020,2020-08-16,678000,178,Other,Medium,4,1,8,6
WatermelonSugar,2020,2020-05-18,670000,179,Politics,Medium,15,1,5,0
ARMYSelcaDay,2020,2020-04-06,668000,180,Other,Medium,12,1,4,0
CONNECT_BTS,2020,2020-01-13,667000,181,Entertainment,Medium,11,1,1,0
ベストアーティスト2020,2020,2020-11-25,663000,182,Other,Medium,13,1,11,2
WhatsApp,2020,2020-07-14,662000,183,Other,Medium,8,1,7,1
JUNKTERRORBILLNOW,2020,2020-06-03,656000,184,Other,Medium,17,1,6,2
IsupportArnabGoswami,2020,2020-04-22,655000,185,Social,Medium,20,1,4,2
Pfizer,2020,2020-11-09,652000,186,Other,Medium,6,1,11,0
DilSeSidNaaz,2020,2020-04-13,651000,187,Other,Medium,12,1,4,0
NeverForget,2020,2020-09-11,650000,188,Other,Medium,11,1,9,4
SorrisoAMAasAntigas,2020,2020-04-26,649000,189,Other,Medium,19,1,4,6
BTSonFallon_D5,2020,2020-10-03,647000,190,Entertainment,Medium,14,1,10,5
StrayKidsComeback,2020,2020-06-17,646000,191,Other,Medium,17,1,6,2
HowYouLikeThat,2020,2020-06-16,641000,192,Other,Medium,14,1,6,1
nctdreamday825,2020,2020-08-25,639000,193,Other,Medium,14,1,8,1
Argentina,2020,2020-12-30,637000,194,Other,Medium,9,1,12,2
Uribe,2020,2020-08-04,630000,195,Other,Medium,5,1,8,1
LETSLOVESUHO,2020,2020-03-30,621000,196,Other,Medium,12,1,3,0
PrayForLebanon,2020,2020-08-05,616000,197,Other,Medium,14,1,8,2
AGUSTD2ISCOMING,2020,2020-05-22,615000,198,Other,Medium,15,1,5,4
BolsonaroTemRazao,2020,2020-03-25,613000,199,Politics,Medium,17,1,3,2
DemConvention,2020,2020-08-19,605000,200,Other,Medium,13,1,8,2
EarthDay,2020,2020-04-22,604000,201,Other,Medium,8,1,4,2
Hadson,2020,2020-02-03,602000,202,Other,Medium,6,1,2,0
SweetNightOST,2020,2020-03-13,601000,203,Other,Medium,13,1,3,4
Oscars,2020,2020-02-10,600000,204,Entertainment,Medium,6,1,2,0
SaveBelParaMeninas,2020,2020-05-19,600000,205,Other,Medium,18,1,5,1
Happy Diwali,2020,2020-11-14,599000,206,Holiday,Medium,12,2,11,5
WINTERFLOWER,2020,2020-01-06,598000,207,Entertainment,Medium,12,1,1,0
Flamengo,2020,2020-07-16,597000,208,Other,Medium,8,1,7,3
Zendaya,2020,2020-09-21,596000,209,Entertainment,Medium,7,1,9,0
โควิดสมุทรสาคร,2020,2020-12-20,596000,210,Other,Medium,14,1,12,6
NCTDREAMDAY825,2020,2020-08-25,590000,211,Other,Medium,14,1,8,1
Proud Boys,2020,2020-09-30,590000,212,Other,Medium,10,2,9,2
Joe Biden,2020,2020-12-15,589000,213,Politics,Medium,9,2,12,1
WhoCanSave_The_World,2020,2020-03-22,585000,214,Other,Medium,20,1,3,6
イソジン,2020,2020-08-04,584000,215,Other,Medium,4,1,8,1
Golden,2020,2020-11-23,584000,216,Other,Medium,6,1,11,0
deprem,2020,2020-10-30,577000,217,Other,Medium,6,1,10,4
YourEyesTell,2020,2020-07-13,574000,218,Other,Medium,12,1,7,0
EliminacaoAFazenda,2020,2020-10-23,574000,219,Other,Medium,18,1,10,4
WorldMentalHealthDay,2020,2020-10-10,573000,220,Social,Medium,20,1,10,5
ElectionNight,2020,2020-11-04,567000,221,Politics,Medium,13,1,11,2
NAVER,2020,2020-07-01,565000,222,Other,Medium,5,1,7,2
jungkook,2020,2020-07-02,562000,223,Other,Medium,8,1,7,3
NCT127_BeyondLIVE,2020,2020-05-17,558000,224,Other,Medium,17,1,5,6
GQxPECKxCoachFW20,2020,2020-02-11,557000,225,Other,Medium,17,1,2,1
こえていくホロライブSTAGE1,2020,2020-12-21,556000,226,Other,Medium,16,1,12,0
Gigi,2020,2020-04-29,552000,227,Other,Medium,4,1,4,2
ExaONCE,2020,2020-08-11,552000,228,Other,Medium,7,1,8,1
Rússia,2020,2020-08-11,550000,229,Other,Medium,6,1,8,1
Flay,2020,2020-03-24,547000,230,Other,Medium,4,1,3,1
HappyBirthdayAlluArjun,2020,2020-04-07,544000,231,Other,Medium,22,1,4,1
AyasofyaCamii,2020,2020-07-24,544000,232,Other,Medium,13,1,7,4
TheBachelor,2020,2020-03-11,543000,233,Other,Medium,11,1,3,2
Boca,2020,2020-03-08,543000,234,Other,Medium,4,1,3,6
BTSxCorden,2020,2020-11-24,543000,235,Entertainment,Medium,10,1,11,1
BackDoor1stWin,2020,2020-09-23,542000,236,Other,Medium,14,1,9,2
SalvemBelParaMeninas,2020,2020-05-19,539000,237,Other,Medium,20,1,5,1
MilliHesaplarBurada,2020,2020-05-12,535000,238,Other,Medium,19,1,5,1
dynamitebsidemv,2020,2020-08-25,535000,239,Other,Medium,15,1,8,1
BTS WORLD DOMINATION,2020,2020-07-06,532000,240,Entertainment,Medium,20,3,7,0
TogetherAtHome,2020,2020-04-18,531000,241,Other,Medium,14,1,4,5
go_for_NEWX1,2020,2020-01-14,530000,242,Other,Medium,12,1,1,1
Chance,2020,2020-07-13,526000,243,Other,Medium,6,1,7,0
Canada,2020,2020-07-01,524000,244,Politics,Medium,6,1,7,2
EndPoliceBrutalityinNigera,2020,2020-10-18,521000,245,Other,Medium,26,1,10,6
WrestleMania,2020,2020-04-05,520000,246,Sports,Medium,12,1,4,6
NamjoonDay,2020,2020-09-11,520000,247,Other,Medium,10,1,9,4
BETAwards,2020,2020-06-29,518000,248,Politics,Medium,9,1,6,0
Pop Smoke,2020,2020-02-19,517000,249,Other,Medium,9,2,2,2
MüjdelerOlsun,2020,2020-08-21,515000,250,Other,Medium,13,1,8,4
gigi,2020,2020-04-29,511000,251,Other,Medium,4,1,4,2
WELOVEJAEHYUN,2020,2020-05-18,510000,252,Other,Medium,13,1,5,0
DACA,2020,2020-06-18,510000,253,Other,Medium,4,1,6,3
Happy New Years,2020,2020-01-01,507000,254,Holiday,Medium,15,3,1,2
USPS,2020,2020-08-13,502000,255,Other,Medium,4,1,8,3
BLACKPINK_GlobalPressCon,2020,2020-06-26,500000,256,Entertainment,Medium,24,1,6,4
Messi,2020,2020-12-09,497000,257,Sports,Medium,5,1,12,2
HelloDearCHEN,2020,2020-10-15,496000,258,Other,Medium,13,1,10,3
คนละทีเดียวกันEP1,2020,2020-09-18,495000,259,Other,Medium,17,1,9,4
NFLDraft,2020,2020-04-24,494000,260,Sports,Medium,8,1,4,4
BidenHarris2020,2020,2020-11-08,494000,261,Politics,Medium,15,1,11,6
ariana,2020,2020-10-23,491000,262,Entertainment,Medium,6,1,10,4
Shame_on_CJ,2020,2020-01-22,490000,263,Other,Medium,11,1,1,2
따뜻한_봄에_와줘서_고마워_제노야,2020,2020-04-22,490000,264,Other,Medium,18,1,4,2
Electoral College,2020,2020-12-15,487000,265,Other,Medium,17,2,12,1
Will Smith,2020,2020-07-11,485000,266,Other,Medium,10,2,7,5
KohLanta2020,2020,2020-06-06,484000,267,Other,Medium,12,1,6,5
Bolivia,2020,2020-10-19,484000,268,Other,Medium,7,1,10,0
Bad Bunny,2020,2020-11-27,483000,269,Entertainment,Medium,9,2,11,4
母の日,2020,2020-05-10,481000,270,Other,Medium,3,1,5,6
Punch2ndwin,2020,2020-05-29,478000,271,Other,Medium,11,1,5,4
ONchallenge,2020,2020-02-21,477000,272,Other,Medium,11,1,2,4
RUN_for_7,2020,2020-01-15,476000,273,Other,Medium,9,1,1,2
BTSONHomeFest,2020,2020-03-31,476000,274,Entertainment,Medium,13,1,3,1
PLTPINKMONDAY,2020,2020-11-30,476000,275,Other,Medium,13,1,11,0
UFC249,2020,2020-05-10,475000,276,Sports,Medium,6,1,5,6
アベマでヒプマイライブ,2020,2020-03-29,470000,277,Other,Medium,11,1,3,6
Anonymuos,2020,2020-06-01,469000,278,Other,Medium,9,1,6,0
OTGala4,2020,2020-02-10,468000,279,Other,Medium,7,1,2,0
WelcomEXOPrincess,2020,2020-04-29,468000,280,Other,Medium,17,1,4,2
NASCAR,2020,2020-06-11,466000,281,Sports,Medium,6,1,6,3
Naya,2020,2020-07-13,466000,282,Other,Medium,4,1,7,0
بيروت,2020,2020-08-04,465000,283,Other,Medium,5,1,8,1
YG_RESPECT_BLACKPINK,2020,2020-05-21,462000,284,Entertainment,Medium,20,1,5,3
NAMJOON,2020,2020-08-10,462000,285,Other,Medium,7,1,8,0
OTGala5,2020,2020-02-17,461000,286,Other,Medium,7,1,2,0
Lysol,2020,2020-04-24,458000,287,Other,Medium,5,1,4,4
doyoung,2020,2020-10-16,458000,288,Other,Medium,7,1,10,4
2020BTSFESTA,2020,2020-05-27,456000,289,Entertainment,Medium,12,1,5,2
ワニくん,2020,2020-03-20,452000,290,Other,Medium,4,1,3,4
안녕_종대의_다정한_인사,2020,2020-10-15,449000,291,Other,Medium,13,1,10,3
SpaceX,2020,2020-05-31,448000,292,Technology,Medium,6,1,5,6
OurHappinessKAI,2020,2020-01-13,444000,293,Other,Medium,15,1,1,0
RM챌린지,2020,2020-09-12,444000,294,Other,Medium,5,1,9,5
テレ東音楽祭,2020,2020-09-30,444000,295,Other,Medium,6,1,9,2
Whindersson,2020,2020-04-29,443000,296,Other,Medium,11,1,4,2
Mandetta,2020,2020-04-07,442000,297,Other,Medium,8,1,4,1
GoodLuckSoldierChen,2020,2020-10-25,440000,298,Other,Medium,19,1,10,6
ForaMaia,2020,2020-04-17,437000,299,Other,Medium,8,1,4,4
NCTDREAM_BeyondLIVE,2020,2020-05-10,435000,300,Other,Medium,19,1,5,6
POSITIONS,2020,2020-10-30,435000,301,Other,Medium,9,1,10,4
Lipe,2020,2020-10-30,434000,302,Other,Medium,4,1,10,4
猫の日,2020,2020-02-22,433000,303,Other,Medium,3,1,2,5
Nelly,2020,2020-05-17,431000,304,Other,Medium,5,1,5,6
90sLove1stwin,2020,2020-12-08,431000,305,Other,Medium,13,1,12,1
BETTER BY ZAYN,2020,2020-09-25,429000,306,Other,Medium,14,3,9,4
CHENHelloSingle,2020,2020-10-15,428000,307,Other,Medium,15,1,10,3
6ix9ine,2020,2020-05-09,427000,308,Other,Medium,7,1,5,5
BenvenutaLalisa,2020,2020-02-18,426000,309,Other,Medium,15,1,2,1
KohLanta,2020,2020-05-01,425000,310,Other,Medium,8,1,5,4
Israel,2020,2020-08-13,424000,311,Politics,Medium,6,1,8,3
Beloved_Spring_Xiumin,2020,2020-03-25,423000,312,Other,Medium,21,1,3,2
yks2020,2020,2020-05-05,418000,313,Other,Medium,7,1,5,1
ProvaDoFazendeiro,2020,2020-10-22,417000,314,Other,Medium,17,1,10,3
sehidimizvar,2020,2020-02-28,415000,315,Other,Medium,12,1,2,4
ليله_27,2020,2020-05-19,415000,316,Other,Medium,7,1,5,1
CDTVライブライブ,2020,2020-12-21,414000,317,Other,Medium,10,1,12,0
あなたのあなた,2020,2020-02-04,412000,318,Other,Medium,7,1,2,1
Candy3rdWin,2020,2020-06-07,412000,319,Other,Medium,11,1,6,6
SuperM_TigerInside,2020,2020-09-01,412000,320,Other,Medium,18,1,9,1
OTGala2,2020,2020-01-27,410000,321,Other,Medium,7,1,1,0
BarcaBayern,2020,2020-08-14,409000,322,Sports,Medium,11,1,8,4
TharnTypeXMewGulf,2020,2020-04-29,408000,323,Other,Medium,17,1,4,2
Walls,2020,2020-01-31,407000,324,Other,Medium,5,1,1,4
WeAreBulletproofTheEternal,2020,2020-06-11,407000,325,Other,Medium,26,1,6,3
Juan Carlos,2020,2020-08-04,406000,326,Other,Medium,11,2,8,1
İnfazda Adaletİstiyoruz,2020,2020-04-02,405000,327,Other,Medium,23,2,4,3
KIMJONGUNDEAD,2020,2020-04-26,405000,328,Other,Medium,13,1,4,6
TheLastDance,2020,2020-04-20,401000,329,Other,Medium,12,1,4,0
bighit,2020,2020-11-10,401000,330,Other,Medium,6,1,11,1
Haaland,2020,2020-02-19,399000,331,Sports,Medium,7,1,2,2
Marília,2020,2020-04-08,398000,332,Other,Medium,7,1,4,2
DCFanDome,2020,2020-08-22,398000,333,Other,Medium,9,1,8,5
SerOParecer2020,2020,2020-12-27,398000,334,Other,Medium,15,1,12,6
Notoracism,2020,2020-12-09,397000,335,Other,Medium,10,1,12,2
Aaron Gordon,2020,2020-02-16,396000,336,Other,Medium,12,2,2,6
picpaynobbb,2020,2020-03-08,396000,337,Other,Medium,11,1,3,6
Guilherme,2020,2020-03-02,395000,338,Other,Medium,9,1,3,0
คั่นกูEP4,2020,2020-03-13,392000,339,Other,Medium,9,1,3,4
BETODAY,2020,2020-11-19,392000,340,Other,Medium,7,1,11,3
いい推しの日,2020,2020-11-04,391000,341,Other,Medium,6,1,11,2
RainOnMe,2020,2020-05-22,390000,342,Other,Medium,8,1,5,4
KaiHotDebutDay,2020,2020-11-30,388000,343,Other,Medium,14,1,11,0
Somos57MILHOES,2020,2020-05-31,385000,344,Other,Medium,14,1,5,6
yoongi,2020,2020-04-15,383000,345,Other,Medium,6,1,4,2
AylinSözer,2020,2020-12-29,383000,346,Other,Medium,10,1,12,1
Mitch McConnell,2020,2020-12-29,382000,347,Other,Medium,15,2,12,1
Jesus,2020,2020-04-15,378000,348,Other,Medium,5,1,4,2
OTGala12,2020,2020-06-03,374000,349,Other,Medium,8,1,6,2
อนุทิน,2020,2020-03-26,373000,350,Other,Medium,6,1,3,3
SecondLookAt7,2020,2020-02-10,372000,351,Other,Medium,13,1,2,0
センター試験,2020,2020-01-18,371000,352,Other,Medium,6,1,1,5
Boris Johnson,2020,2020-03-27,370000,353,Other,Medium,13,2,3,4
Elliot,2020,2020-12-02,370000,354,Other,Medium,6,1,12,2
Adele,2020,2020-05-06,368000,355,Entertainment,Medium,5,1,5,2
chanyeol,2020,2020-10-29,368000,356,Other,Medium,8,1,10,3
Erica,2020,2020-09-06,367000,357,Other,Medium,5,1,9,6
İzmir,2020,2020-10-30,367000,358,Other,Medium,5,1,10,4
7isComing,2020,2020-01-07,365000,359,Other,Medium,9,1,1,1
BLACKPINKISCOMING,2020,2020-06-10,365000,360,Entertainment,Medium,17,1,6,2
DynamiteToday,2020,2020-08-21,365000,361,Other,Medium,13,1,8,4
DAYTONA500,2020,2020-02-17,361000,362,Other,Medium,10,1,2,0
石原さとみ,2020,2020-10-01,361000,363,Other,Medium,5,1,10,3
MementoMori,2020,2020-11-14,361000,364,Other,Medium,11,1,11,5
태용이의_사랑은_툥프들이_알아,2020,2020-06-17,360000,365,Other,Medium,16,1,6,2
Biden - 264,2020,2020-11-06,360000,366,Politics,Medium,11,3,11,4
STFVergonhaNacional,2020,2020-05-27,359000,367,Other,Medium,19,1,5,2
PRIDE2020,2020,2020-06-01,359000,368,Social,Medium,9,1,6,0
skyforyoongi,2020,2020-11-07,358000,369,Other,Medium,12,1,11,5
hobi,2020,2020-06-24,354000,370,Other,Medium,4,1,6,2
ShehnaazKaurGill,2020,2020-06-14,353000,371,Other,Medium,16,1,6,6
RIPMamba,2020,2020-01-27,352000,372,Other,Medium,8,1,1,0
EndPoliceBrutalitynow,2020,2020-10-09,352000,373,Other,Medium,21,1,10,4
WelcomeBackHanbin,2020,2020-01-02,350000,374,Other,Medium,17,1,1,3
BLACK_LIVES_MATTERS,2020,2020-05-31,350000,375,Other,Medium,19,1,5,6
OnMeBySEHUN,2020,2020-07-09,350000,376,Other,Medium,11,1,7,3
InternationalWomensDay,2020,2020-03-08,348000,377,Other,Medium,22,1,3,6
Teich,2020,2020-05-15,348000,378,Other,Medium,5,1,5,4
IThinkILoveJBDay,2020,2020-01-05,346000,379,Other,Medium,16,1,1,6
Abner,2020,2020-04-01,346000,380,Other,Medium,5,1,4,2
MothersDay,2020,2020-05-10,346000,381,Holiday,Medium,10,1,5,6
Chelsea,2020,2020-07-11,345000,382,Sports,Medium,7,1,7,5
Varane,2020,2020-08-07,345000,383,Other,Medium,6,1,8,4
UnusAnnus,2020,2020-11-14,345000,384,Other,Medium,9,1,11,5
DireitaRaizÉBolsonaro,2020,2020-04-30,344000,385,Politics,Medium,21,1,4,3
15Temmuz,2020,2020-07-15,344000,386,Other,Medium,8,1,7,2
CHANYEOL,2020,2020-07-12,343000,387,Other,Medium,8,1,7,6
chan,2020,2020-11-08,340000,388,Other,Medium,4,1,11,6
Rudy,2020,2020-11-19,340000,389,Other,Medium,4,1,11,3
evermorealbum,2020,2020-12-11,338000,390,Entertainment,Medium,13,1,12,4
BTSdiTokopediaWIB,2020,2020-07-29,336000,391,Entertainment,Medium,17,1,7,2
ThirdLookAt7,2020,2020-02-11,335000,392,Other,Medium,12,1,2,1
GeorgeFloyd,2020,2020-05-27,334000,393,Other,Medium,11,1,5,2
X1Flash_1억뷰를축하해,2020,2020-07-26,333000,394,Other,Medium,15,1,7,6
Goodyear,2020,2020-08-19,333000,395,Other,Medium,8,1,8,2
OKgenerationparty,2020,2020-12-08,333000,396,Other,Medium,17,1,12,1
BolsonaroFicaCalado,2020,2020-01-03,332000,397,Politics,Medium,19,1,1,4
Sandy,2020,2020-04-22,332000,398,Other,Medium,5,1,4,2
BTS PAVED THE WAY,2020,2020-09-13,331000,399,Entertainment,Medium,17,4,9,6
Labor Day,2020,2020-09-07,330000,400,Holiday,Medium,9,2,9,0
NOTBYTHEMOON3rdWin,2020,2020-05-01,329000,401,Other,Medium,18,1,5,4
OscarNoms,2020,2020-01-13,328000,402,Entertainment,Medium,9,1,1,0
Raissa,2020,2020-11-27,328000,403,Other,Medium,6,1,11,4
GFVIP,2020,2020-12-29,328000,404,Other,Medium,5,1,12,1
Corinthians,2020,2020-08-09,327000,405,Other,Medium,11,1,8,6
FairTreatmentForGOT7,2020,2020-07-06,327000,406,Other,Medium,20,1,7,0
StrayKids_Beyond_LIVE,2020,2020-11-22,327000,407,Other,Medium,21,1,11,6
Lakers,2020,2020-07-31,326000,408,Sports,Medium,6,1,7,4
HOLDWINNER,2020,2020-03-26,325000,409,Other,Medium,10,1,3,3
Bogotá,2020,2020-09-10,325000,410,Other,Medium,6,1,9,3
ポケモン,2020,2020-09-29,325000,411,Other,Medium,4,1,9,1
Sterling,2020,2020-08-16,324000,412,Other,Medium,8,1,8,6
SuperBowl,2020,2020-02-02,323000,413,Sports,Medium,9,1,2,6
犬夜叉,2020,2020-05-09,323000,414,Other,Medium,3,1,5,5
LuanLoveEmCasa,2020,2020-06-14,323000,415,Other,Medium,14,1,6,6
jennie,2020,2020-09-29,323000,416,Entertainment,Medium,6,1,9,1
半沢直樹,2020,2020-09-27,322000,417,Other,Medium,4,1,9,6
Unlock_GOLIVEINLIFE,2020,2020-11-22,322000,418,Other,Medium,19,1,11,6
Sara Winter,2020,2020-08-17,320000,419,Other,Medium,11,2,8,0
Michael,2020,2020-07-16,319000,420,Other,Medium,7,1,7,3
Marco,2020,2020-07-25,319000,421,Other,Medium,5,1,7,5
KobeFarewell,2020,2020-02-24,317000,422,Other,Medium,12,1,2,0
マスク2枚,2020,2020-04-01,317000,423,Other,Medium,5,1,4,2
岡江さん,2020,2020-04-23,317000,424,Other,Medium,4,1,4,3
BirakmamSeni,2020,2020-08-10,317000,425,Other,Medium,12,1,8,0
CoronavirusLockdown,2020,2020-03-24,316000,426,Social,Medium,19,1,3,1
GivingTuesday,2020,2020-12-02,316000,427,Other,Medium,13,1,12,2
HAPPYDOYOUNGDAY,2020,2020-01-31,315000,428,Other,Medium,15,1,1,4
Verzuz,2020,2020-09-14,315000,429,Other,Medium,6,1,9,0
Packers,2020,2020-01-13,312000,430,Other,Medium,7,1,1,0
รัฐบาลส้นตีนคนเชียร์ก็ส้นตีน,2020,2020-07-14,312000,431,Other,Medium,28,1,7,1
Michelle Obama,2020,2020-08-18,312000,432,Politics,Medium,14,2,8,1
BBB20,2020,2020-01-19,310000,433,Other,Medium,5,1,1,6
Anomymousbrasil,2020,2020-06-03,310000,434,Other,Medium,15,1,6,2
IowaCaucuses,2020,2020-02-04,308000,435,Other,Medium,12,1,2,1
อกเกือบหักEP11,2020,2020-05-26,308000,436,Other,Medium,14,1,5,1
SosyalMedyamaDOKUNMA,2020,2020-07-01,308000,437,Other,Medium,20,1,7,2
BTSWORLDDOMINATION,2020,2020-03-03,307000,438,Entertainment,Medium,18,1,3,1
UFC248,2020,2020-03-08,307000,439,Sports,Medium,6,1,3,6
Fantopia2020,2020,2020-11-21,307000,440,Other,Medium,12,1,11,5
格付けチェック,2020,2020-01-01,306000,441,Other,Medium,7,1,1,2
続お年玉,2020,2020-01-19,306000,442,Other,Medium,4,1,1,6
Nobel,2020,2020-09-09,305000,443,Politics,Medium,5,1,9,2
Cristiano,2020,2020-08-07,304000,444,Other,Medium,9,1,8,4
OTGala6,2020,2020-02-24,303000,445,Other,Medium,7,1,2,0
الهلال_النصر,2020,2020-08-05,303000,446,Sports,Medium,12,1,8,2
Manchester,2020,2020-10-20,303000,447,Sports,Medium,10,1,10,1
Henrique,2020,2020-04-20,301000,448,Other,Medium,8,1,4,0
検察庁法改正案の強行採決に反対します,2020,2020-05-15,301000,449,Other,Medium,18,1,5,4
BTSxMMA,2020,2020-12-05,299000,450,Entertainment,Medium,7,1,12,5
Caroline Flack,2020,2020-02-16,298000,451,Other,Medium,14,2,2,6
OTGala8,2020,2020-03-09,298000,452,Other,Medium,7,1,3,0
JusticePourAdama,2020,2020-06-02,298000,453,Social,Medium,16,1,6,1
VMAs,2020,2020-07-30,298000,454,Other,Medium,4,1,7,3
hatayyaniyor,2020,2020-10-10,298000,455,Other,Medium,12,1,10,5
ห้องข่าวบันเทิงxMEW,2020,2020-06-25,297000,456,Other,Medium,19,1,6,3
YG_TreatJisooBetter,2020,2020-07-26,297000,457,Other,Medium,19,1,7,6
23NisanKutluOlsun,2020,2020-04-23,296000,458,Other,Medium,17,1,4,3
Biel,2020,2020-10-16,296000,459,Other,Medium,4,1,10,4
GabineteDaPeppa,2020,2020-04-28,295000,460,Other,Medium,15,1,4,1
贈金10万円を203名に,2020,2020-09-04,293000,461,Other,Medium,12,1,9,4
Chris Evans,2020,2020-09-13,292000,462,Other,Medium,11,2,9,6
อินสาริน,2020,2020-04-30,291000,463,Other,Medium,8,1,4,3
ShameOnMumbaiPolice,2020,2020-07-30,291000,464,Other,Medium,19,1,7,3
PremiumMusic2020,2020,2020-03-25,290000,465,Entertainment,Medium,16,1,3,2
FreePalestine,2020,2020-01-29,289000,466,Politics,Medium,13,1,1,2
ProudOfLouis,2020,2020-07-11,288000,467,Other,Medium,12,1,7,5
SanchezVeteYa,2020,2020-04-18,287000,468,Other,Medium,13,1,4,5
BTS IS 7,2020,2020-08-13,287000,469,Entertainment,Medium,8,3,8,3
Vina2020,2020,2020-02-24,286000,470,Other,Medium,8,1,2,0
HinduUnitedAgainstTerror,2020,2020-06-14,286000,471,Other,Medium,24,1,6,6
BackDoor2ndWin,2020,2020-09-24,285000,472,Other,Medium,14,1,9,3
Mステ,2020,2020-07-24,284000,473,Other,Medium,3,1,7,4
OTYoMeQuedoEnCasa,2020,2020-03-16,284000,474,Other,Medium,17,1,3,0
コナン,2020,2020-04-10,283000,475,Other,Medium,3,1,4,4
Mahomes,2020,2020-07-07,283000,476,Sports,Medium,7,1,7,1
BTSonGMA,2020,2020-11-23,283000,477,Entertainment,Medium,8,1,11,0
Brits2020,2020,2020-02-19,282000,478,Other,Medium,9,1,2,2
OurLightChangbinDay,2020,2020-08-10,282000,479,Other,Medium,19,1,8,0
스무살_이희승_반짝일순간,2020,2020-10-14,282000,480,Other,Medium,13,1,10,2
MaiaTemQueSair,2020,2020-04-26,281000,481,Other,Medium,14,1,4,6
NCT 2020,2020,2020-09-15,281000,482,Other,Medium,8,2,9,1
MewGulfxGojekThailand,2020,2020-09-16,281000,483,Other,Medium,21,1,9,2
日本レコード大賞,2020,2020-12-30,281000,484,Other,Medium,8,1,12,2
I NEED U,2020,2020-12-18,279000,485,Other,Medium,8,3,12,4
Scott,2020,2020-04-02,277000,486,Other,Medium,5,1,4,3
とまらないホロライブ,2020,2020-01-24,274000,487,Other,Medium,10,1,1,4
macron20h,2020,2020-03-12,274000,488,Politics,Medium,9,1,3,3
샤이니는_12년째_빛나는중,2020,2020-05-24,273000,489,Other,Medium,14,1,5,6
AFazanda12,2020,2020-10-30,273000,490,Other,Medium,10,1,10,4
Lazada99THxWin,2020,2020-09-02,272000,491,Other,Medium,14,1,9,2
911video,2020,2020-09-18,272000,492,Entertainment,Medium,8,1,9,4
पधारो_राम_अयोध्या_धाम,2020,2020-08-05,271000,493,Other,Medium,21,1,8,2
나훈아,2020,2020-09-30,271000,494,Other,Medium,3,1,9,2
RIPTwitter,2020,2020-03-05,269000,495,Technology,Medium,10,1,3,3
恋つづ,2020,2020-03-17,268000,496,Other,Medium,3,1,3,1
JantaCurfew,2020,2020-03-22,268000,497,Other,Medium,11,1,3,6
にじさんじ甲子園,2020,2020-08-16,268000,498,Other,Medium,8,1,8,6
安倍やめろ,2020,2020-02-29,267000,499,Other,Medium,5,1,2,5
都知事選を史上最大の投票率にしよう,2020,2020-07-05,267000,500,Other,Medium,17,1,7,6
Heat,2020,2020-09-28,267000,501,Other,Medium,4,1,9,0
いいおしりの日,2020,2020-11-04,267000,502,Other,Medium,7,1,11,2
LaCasaDePapel4,2020,2020-04-03,266000,503,Other,Medium,14,1,4,4
Jerry Stiller,2020,2020-05-11,266000,504,Other,Medium,13,2,5,0
WE LOVE YOU LISA,2020,2020-10-22,266000,505,Other,Medium,16,4,10,3
ProvaDeResistencia,2020,2020-03-21,265000,506,Politics,Medium,18,1,3,5
Drew Brees,2020,2020-06-03,265000,507,Other,Medium,10,2,6,2
Veterans Day,2020,2020-11-11,265000,508,Other,Medium,12,2,11,2
GolpeDeEstadoK,2020,2020-09-02,264000,509,Other,Medium,14,1,9,2
AngelJennieDay,2020,2020-01-15,263000,510,Entertainment,Medium,14,1,1,2
quartobranco,2020,2020-03-07,263000,511,Other,Medium,12,1,3,5
FreeFireHotShotParty,2020,2020-08-29,263000,512,Other,Medium,20,1,8,5
Colombia,2020,2020-11-18,263000,513,Politics,Medium,8,1,11,2
ButecoBohemiaEmCasa,2020,2020-04-12,260000,514,Other,Medium,19,1,4,6
Eid Mubarak,2020,2020-05-23,260000,515,Holiday,Medium,11,2,5,5
Leeds,2020,2020-09-12,260000,516,Other,Medium,5,1,9,5
KaiAtGucciFW,2020,2020-01-14,258000,517,Other,Medium,12,1,1,1
OurShiningHyukaDay,2020,2020-08-13,258000,518,Other,Medium,18,1,8,3
WE LOVE YOU LOUIS,2020,2020-05-20,257000,519,Other,Medium,17,4,5,2
CantYouSeeMe1stWin,2020,2020-05-26,257000,520,Other,Medium,18,1,5,1
JYPE_ManageGOT7Properly,2020,2020-07-08,257000,521,Other,Medium,23,1,7,2
AllahDoesNotNeedQurbani,2020,2020-07-29,257000,522,Other,Medium,23,1,7,2
Mateus,2020,2020-10-23,257000,523,Other,Medium,6,1,10,4
Oaxaca,2020,2020-06-23,255000,524,Other,Medium,6,1,6,1
FourthLookAt7,2020,2020-02-12,254000,525,Other,Medium,13,1,2,2
Vanessa Bryant,2020,2020-02-24,254000,526,Other,Medium,14,2,2,0
Marcha8M,2020,2020-03-09,254000,527,Other,Medium,8,1,3,0
Easter,2020,2020-03-25,254000,528,Holiday,Medium,6,1,3,2
SM_이태용_지켜,2020,2020-04-29,254000,529,Other,Medium,9,1,4,2
STUCKWITHU,2020,2020-05-08,254000,530,Other,Medium,10,1,5,4
TrumpDictatorship,2020,2020-06-02,254000,531,Politics,Medium,17,1,6,1
ForaDaniel,2020,2020-03-23,253000,532,Other,Medium,10,1,3,0
DalitLivesMatter,2020,2020-10-02,253000,533,Other,Medium,16,1,10,4
ArnabIsBack,2020,2020-11-11,253000,534,Other,Medium,11,1,11,2
Regina Duarte,2020,2020-05-08,252000,535,Other,Medium,13,2,5,4
Sean Connery,2020,2020-10-31,252000,536,Other,Medium,12,2,10,5
Prince Charles,2020,2020-03-25,251000,537,Other,Medium,14,2,3,2
Lonely,2020,2020-10-16,250000,538,Other,Medium,6,1,10,4
BTS_OF_THE_DAY,2020,2020-04-13,247000,539,Entertainment,Medium,14,1,4,0
Rashford,2020,2020-10-29,247000,540,Other,Medium,8,1,10,3
リスト,2020,2020-02-06,246000,541,Other,Medium,3,1,2,3
Thiaguinho,2020,2020-04-24,246000,542,Other,Medium,10,1,4,4
HistoryMakerV,2020,2020-05-25,246000,543,Other,Medium,13,1,5,0
TREASURE_ON_INKIGAYO,2020,2020-08-09,246000,544,Other,Medium,20,1,8,6
RamarajuForBheem,2020,2020-10-22,246000,545,Other,Medium,16,1,10,3
Ryan Newman,2020,2020-02-18,245000,546,Other,Medium,11,2,2,1
中秋の名月,2020,2020-10-01,245000,547,Other,Medium,5,1,10,3
África,2020,2020-03-17,244000,548,Other,Medium,6,1,3,1
SOUR CANDY IS COMING,2020,2020-05-28,244000,549,Other,Medium,20,4,5,3
サーターンサーターン,2020,2020-09-17,243000,550,Other,Medium,10,1,9,3
WorldHealthDay,2020,2020-04-07,242000,551,Social,Medium,14,1,4,1
岡江久美子さん,2020,2020-04-23,242000,552,Other,Medium,7,1,4,3
UFC250,2020,2020-06-07,242000,553,Sports,Medium,6,1,6,6
BTSISCOMING,2020,2020-07-26,242000,554,Entertainment,Medium,11,1,7,6
Corona,2020,2020-03-11,241000,555,Other,Medium,6,1,3,2
ITZY_WANNABE,2020,2020-03-09,240000,556,Other,Medium,12,1,3,0
MemorialDay,2020,2020-05-25,240000,557,Social,Medium,11,1,5,0
chatwithmark,2020,2020-07-26,240000,558,Other,Medium,12,1,7,6
BrightWinInboxEP5,2020,2020-09-29,240000,559,Other,Medium,17,1,9,1
KEXOL_DONT_REPRESENT_ME,2020,2020-01-16,239000,560,Other,Medium,23,1,1,3
DEFENDAOLIVRO,2020,2020-08-11,239000,561,Other,Medium,13,1,8,1
竹内結子さん,2020,2020-09-27,239000,562,Other,Medium,6,1,9,6
ไม่รักไม่ลงMV,2020,2020-10-01,239000,563,Other,Medium,13,1,10,3
กราดยิงปล้นร้านทอง,2020,2020-01-09,238000,564,Other,Medium,18,1,1,3
คั่นกูEP3,2020,2020-03-06,238000,565,Other,Medium,9,1,3,4
GOLDEN IS COMING,2020,2020-10-20,237000,566,Other,Medium,16,3,10,1
Friday the 13th,2020,2020-11-13,237000,567,Other,Medium,15,3,11,4
COVID2019,2020,2020-03-09,236000,568,Social,Medium,9,1,3,0
キンスパ,2020,2020-05-30,235000,569,Other,Medium,4,1,5,5
RishiKapoor,2020,2020-04-30,234000,570,Other,Medium,11,1,4,3
Anfield,2020,2020-03-12,233000,571,Other,Medium,7,1,3,3
March Madness,2020,2020-03-12,232000,572,Other,Medium,13,2,3,3
InsecureHBO,2020,2020-06-15,232000,573,Other,Medium,11,1,6,0
Mattis,2020,2020-06-03,232000,574,Other,Medium,6,1,6,2
OurAngelJEONGHANday,2020,2020-10-03,232000,575,Other,Medium,19,1,10,5
MステウルトラSUPERLIVE,2020,2020-12-25,232000,576,Other,Medium,16,1,12,4
Tear,2020,2020-05-26,231000,577,Other,Medium,4,1,5,1
Neil Peart,2020,2020-01-11,230000,578,Other,Medium,10,2,1,5
Megan,2020,2020-07-15,230000,579,Other,Medium,5,1,7,2
Lebron,2020,2020-07-31,230000,580,Sports,Medium,6,1,7,4
CantBlockRepublic,2020,2020-09-11,230000,581,Other,Medium,17,1,9,4
Luiza,2020,2020-09-23,230000,582,Other,Medium,5,1,9,2
BNK48GeneralElection,2020,2020-04-19,229000,583,Politics,Medium,20,1,4,6
Samanta,2020,2020-07-06,229000,584,Other,Medium,7,1,7,0
SixTONESANN,2020,2020-12-20,229000,585,Other,Medium,11,1,12,6
STAY2getherWithSKZ,2020,2020-07-31,229000,586,Other,Medium,18,1,7,4
BTS_Dynamite_ONEword,2020,2020-08-19,229000,587,Entertainment,Medium,20,1,8,2
FicaManu,2020,2020-04-22,228000,588,Other,Medium,8,1,4,2
clapforNHS,2020,2020-03-26,227000,589,Other,Medium,10,1,3,3
純黒の悪夢,2020,2020-04-10,227000,590,Other,Medium,5,1,4,4
OurShiningLightDahyun,2020,2020-05-27,227000,591,Other,Medium,21,1,5,2
Roger Stone,2020,2020-07-11,227000,592,Other,Medium,11,2,7,5
Cristiano Ronaldo,2020,2020-09-08,227000,593,Sports,Medium,17,2,9,1
AWKJSJFKSJFLA,2020,2020-02-01,226000,594,Other,Medium,13,1,2,5
HeartbreakWeather,2020,2020-03-13,226000,595,Other,Medium,17,1,3,4
JEON JUNGKOOK,2020,2020-05-02,226000,596,Other,Medium,13,2,5,5
الاخبار_الحلوه,2020,2020-05-26,226000,597,Other,Medium,14,1,5,1
Juneteenth,2020,2020-06-19,226000,598,Other,Medium,10,1,6,4
Emmy,2020,2020-07-28,226000,599,Entertainment,Medium,4,1,7,1
lightsforlouis,2020,2020-12-23,226000,600,Other,Medium,14,1,12,2
KBSGayoDaechukje,2020,2020-12-18,225000,601,Other,Medium,16,1,12,4
SASUKE,2020,2020-12-29,225000,602,Other,Medium,6,1,12,1
Chinese Virus,2020,2020-03-17,223000,603,Social,Medium,13,2,3,1
SummerSlam,2020,2020-08-24,222000,604,Other,Medium,10,1,8,0
MUNTOT,2020,2020-10-04,222000,605,Other,Medium,6,1,10,6
DAISIES,2020,2020-05-15,221000,606,Other,Medium,7,1,5,4
Tati,2020,2020-06-30,221000,607,Other,Medium,4,1,6,1
Ghislaine Maxwell,2020,2020-07-02,221000,608,Other,Medium,17,2,7,3
レディ・プレイヤー1,2020,2020-07-03,221000,609,Other,Medium,10,1,7,4
外出自粛要請,2020,2020-03-26,220000,610,Other,Medium,6,1,3,3
東京都,2020,2020-07-02,220000,611,Other,Medium,3,1,7,3
Bitcoin,2020,2020-07-15,220000,612,Technology,Medium,7,1,7,2
Usman,2020,2020-07-12,219000,613,Other,Medium,5,1,7,6
jaehyun,2020,2020-08-04,219000,614,Other,Medium,7,1,8,1
DynaNite,2020,2020-09-26,219000,615,Other,Medium,8,1,9,5
Sismo,2020,2020-06-23,218000,616,Other,Medium,5,1,6,1
nhkらじらー,2020,2020-08-22,217000,617,Other,Medium,7,1,8,5
coronapocalypse,2020,2020-03-14,217000,618,Other,Medium,15,1,3,5
cemalcancanseven,2020,2020-07-14,217000,619,Other,Medium,16,1,7,1
MinimalWarmByLOEY,2020,2020-11-01,217000,620,Politics,Medium,17,1,11,6
İnfazdaEşitlikİstiyoruz,2020,2020-03-25,216000,621,Other,Medium,23,1,3,2
YKSErteleVirüsüYayma,2020,2020-05-07,216000,622,Other,Medium,20,1,5,3
東京100人,2020,2020-07-02,216000,623,Other,Medium,6,1,7,3
Maguire,2020,2020-10-04,215000,624,Other,Medium,7,1,10,6
Everton,2020,2020-10-17,214000,625,Other,Medium,7,1,10,5
ARMYMissesBTS,2020,2020-03-17,213000,626,Entertainment,Medium,13,1,3,1
Cinco de Mayo,2020,2020-05-05,213000,627,Other,Medium,13,3,5,1
عيد_الفطر_المبارك,2020,2020-05-23,213000,628,Other,Medium,17,1,5,5
AmericaOrTrump,2020,2020-06-02,213000,629,Politics,Medium,14,1,6,1
Laycon,2020,2020-08-09,212000,630,Other,Medium,6,1,8,6
에리랑_같이걷자_종대야,2020,2020-01-15,211000,631,Other,Medium,12,1,1,2
justicapormiguel,2020,2020-06-04,211000,632,Other,Medium,16,1,6,3
ポケモンスナップ,2020,2020-06-17,211000,633,Other,Medium,8,1,6,2
Snoop,2020,2020-07-23,211000,634,Other,Medium,5,1,7,3
PlayStation5,2020,2020-09-17,210000,635,Technology,Medium,12,1,9,3
MyMy,2020,2020-06-11,210000,636,Other,Medium,4,1,6,3
BTSCarpoolKaraoke,2020,2020-02-26,209000,637,Entertainment,Medium,17,1,2,2
VizagGasLeak,2020,2020-05-07,209000,638,Other,Medium,12,1,5,3
GetWellSoonTaeyong,2020,2020-06-26,209000,639,Other,Medium,18,1,6,4
Nick Cannon,2020,2020-07-15,209000,640,Other,Medium,11,2,7,2
Tom Brady,2020,2020-03-17,208000,641,Other,Medium,9,2,3,1
LalisaMaNoBang,2020,2020-01-20,207000,642,Other,Medium,14,1,1,0
虹ヶ咲,2020,2020-10-03,207000,643,Other,Medium,3,1,10,5
Bond,2020,2020-10-31,206000,644,Other,Medium,4,1,10,5
Seahawks,2020,2020-01-13,205000,645,Other,Medium,8,1,1,0
COVID19Pandemic,2020,2020-04-02,205000,646,Social,Medium,15,1,4,3
HelenoJaTaNaHora,2020,2020-05-22,205000,647,Other,Medium,16,1,5,4
Brady,2020,2020-09-14,205000,648,Other,Medium,5,1,9,0
BellLetsTalk,2020,2020-01-29,204000,649,Other,Medium,12,1,1,2
Celtics,2020,2020-09-12,204000,650,Other,Medium,7,1,9,5
ディズニー,2020,2020-02-28,204000,651,Other,Medium,5,1,2,4
dirgahayuindonesia,2020,2020-08-17,204000,652,Other,Medium,18,1,8,0
HBDtoHYUNGWON,2020,2020-01-14,203000,653,Other,Medium,13,1,1,1
AmericaNeedsYang,2020,2020-01-15,203000,654,Politics,Medium,16,1,1,2
MerinoAsesino,2020,2020-11-15,203000,655,Other,Medium,13,1,11,6
namjoon,2020,2020-11-28,203000,656,Other,Medium,7,1,11,5
basic,2020,2020-03-15,201000,657,Other,Medium,5,1,3,6
Feliz Páscoa,2020,2020-04-12,201000,658,Other,Medium,12,2,4,6
Happy19thJunhoDay,2020,2020-07-08,200000,659,Other,Medium,17,1,7,2
OurTreasureJunkyuDay,2020,2020-09-08,200000,660,Other,Medium,20,1,9,1
スーパームーン,2020,2020-04-07,199000,661,Other,Medium,7,1,4,1
Emman,2020,2020-08-16,199000,662,Other,Medium,5,1,8,6
MTVMIAW2020,2020,2020-09-25,199000,663,Other,Medium,11,1,9,4
MMKYouCHEERMeUp,2020,2020-02-22,197000,664,Other,Medium,15,1,2,5
TROPA DO PRIOR,2020,2020-03-26,196000,665,Other,Medium,14,3,3,3
1MAYIS,2020,2020-05-01,196000,666,Other,Medium,6,1,5,4
リアルToy2_Day1,2020,2020-10-03,196000,667,Other,Medium,12,1,10,5
BrightWinInboxEP6,2020,2020-10-12,196000,668,Other,Medium,17,1,10,0
BTSTOUR2020,2020,2020-01-21,195000,669,Entertainment,Medium,11,1,1,1
DIVEwithiKON,2020,2020-02-06,195000,670,Other,Medium,12,1,2,3
ミリオンLIVE一挙放送day11,2020,2020-06-14,195000,671,Other,Medium,17,1,6,6
Tocame,2020,2020-07-10,195000,672,Other,Medium,6,1,7,4
MONSTAX,2020,2020-02-11,194000,673,Other,Medium,7,1,2,1
CHEMUN,2020,2020-02-17,194000,674,Other,Medium,6,1,2,0
臨時休校,2020,2020-02-27,194000,675,Other,Medium,4,1,2,3
SPBalasubrahmanyam,2020,2020-09-25,194000,676,Other,Medium,18,1,9,4
BLACKPINKatKYOCERADOME_D1,2020,2020-01-04,193000,677,Entertainment,Medium,25,1,1,5
Marí,2020,2020-01-25,193000,678,Other,Medium,4,1,1,5
Amici19,2020,2020-03-14,193000,679,Other,Medium,7,1,3,5
RahatIndori,2020,2020-08-11,193000,680,Other,Medium,11,1,8,1
Desmond Elliot,2020,2020-10-29,193000,681,Other,Medium,14,2,10,3
BVBPSG,2020,2020-02-19,192000,682,Sports,Medium,6,1,2,2
salvemabelparameninas,2020,2020-05-20,192000,683,Other,Medium,21,1,5,2
arrestamishdevgan,2020,2020-06-16,192000,684,Other,Medium,17,1,6,1
Wendy,2020,2020-08-18,192000,685,Other,Medium,5,1,8,1
Fenerbahçe,2020,2020-12-23,192000,686,Other,Medium,10,1,12,2
WonhoIsAlmostHome,2020,2020-03-14,190000,687,Other,Medium,17,1,3,5
DisneyFamilySingalong,2020,2020-04-17,190000,688,Entertainment,Medium,21,1,4,4
OurLiuYangyangDay,2020,2020-10-09,190000,689,Other,Medium,17,1,10,4
刘扬扬1010生日快乐,2020,2020-10-09,190000,690,Other,Medium,11,1,10,4
OurAceHeeseung,2020,2020-10-14,190000,691,Other,Medium,14,1,10,2
風神雷神お出迎え,2020,2020-03-06,189000,692,Other,Medium,8,1,3,4
IrfanKhan,2020,2020-04-29,189000,693,Other,Medium,9,1,4,2
Johnny,2020,2020-07-30,189000,694,Other,Medium,6,1,7,3
Vote2020,2020,2020-11-03,189000,695,Politics,Medium,8,1,11,1
SakuraBlossomDay,2020,2020-03-18,188000,696,Other,Medium,16,1,3,2
TrumpIsNotWell,2020,2020-06-14,188000,697,Politics,Medium,14,1,6,6
Sony,2020,2020-09-17,188000,698,Other,Medium,4,1,9,3
LIVATL,2020,2020-03-12,187000,699,Other,Medium,6,1,3,3
RoçaAFazenda,2020,2020-10-14,187000,700,Other,Medium,12,1,10,2
HAPPY_for_TAEYEON,2020,2020-05-04,186000,701,Other,Medium,17,1,5,0
JusticeForUwa,2020,2020-05-31,186000,702,Social,Medium,13,1,5,6
John Cena,2020,2020-09-30,186000,703,Other,Medium,9,2,9,2
Always_With_TWICE,2020,2020-01-06,185000,704,Other,Medium,17,1,1,0
PromisebyJimin200M,2020,2020-01-27,185000,705,Other,Medium,18,1,1,0
卒業式,2020,2020-02-27,185000,706,Other,Medium,3,1,2,3
ALittleThing,2020,2020-05-20,185000,707,Other,Medium,12,1,5,2
RespectMAMAMOO,2020,2020-07-11,185000,708,Other,Medium,14,1,7,5
Tyler Herro,2020,2020-09-24,184000,709,Other,Medium,11,2,9,3
OTGala11,2020,2020-05-27,183000,710,Other,Medium,8,1,5,2
ThankYouHaikyuu,2020,2020-07-19,183000,711,Other,Medium,15,1,7,6
14YearsWithBIGBANG,2020,2020-08-18,183000,712,Other,Medium,18,1,8,1
ripchadwickboseman,2020,2020-08-29,183000,713,Other,Medium,18,1,8,5
OTGala3,2020,2020-02-02,182000,714,Other,Medium,7,1,2,6
ประยุทธ์ออกไป,2020,2020-03-16,182000,715,Other,Medium,13,1,3,0
ALDUBTamangPanahonRewind,2020,2020-05-30,182000,716,Other,Medium,24,1,5,5
Steve King,2020,2020-06-03,182000,717,Other,Medium,10,2,6,2
GlobalLiveFMxOffGun,2020,2020-06-06,182000,718,Other,Medium,19,1,6,5
BrightWinInboxEP4,2020,2020-09-15,181000,719,Other,Medium,17,1,9,1
LaIslaDeLasTentaciones7,2020,2020-01-31,180000,720,Other,Medium,23,1,1,4
風ちゃんおみくじ,2020,2020-03-06,180000,721,Other,Medium,8,1,3,4
GreysAnatomy,2020,2020-11-13,180000,722,Politics,Medium,12,1,11,4
만우절,2020,2020-03-31,180000,723,Other,Medium,3,1,3,1
Harden,2020,2020-09-03,180000,724,Other,Medium,6,1,9,3
Raptors,2020,2020-09-10,180000,725,Other,Medium,7,1,9,3
Toobin,2020,2020-10-20,180000,726,Other,Medium,6,1,10,1
Vikings,2020,2020-01-12,179000,727,Other,Medium,7,1,1,6
テセウスの船,2020,2020-03-22,179000,728,Other,Medium,6,1,3,6
Chen,2020,2020-04-29,179000,729,Other,Medium,4,1,4,2
CountdownToMars,2020,2020-07-30,179000,730,Other,Medium,15,1,7,3
ThankYouJimin,2020,2020-01-23,178000,731,Other,Medium,13,1,1,3
BBBB20,2020,2020-03-11,178000,732,Other,Medium,6,1,3,2
Happy Holi,2020,2020-03-10,178000,733,Other,Medium,10,2,3,1
Anitta,2020,2020-04-22,178000,734,Other,Medium,6,1,4,2
KejutanTokopediaWIB,2020,2020-09-09,178000,735,Other,Medium,19,1,9,2
StandWithUmarKhalid,2020,2020-09-14,178000,736,Other,Medium,19,1,9,0
成人式,2020,2020-01-12,177000,737,Other,Medium,3,1,1,6
LaIslaDeLasTentaciones3,2020,2020-01-17,177000,738,Other,Medium,23,1,1,4
ซ่อนเงารักep9,2020,2020-01-26,177000,739,Other,Medium,13,1,1,6
一般男性,2020,2020-10-01,177000,740,Other,Medium,4,1,10,3
Braves,2020,2020-10-19,177000,741,Other,Medium,6,1,10,0
coronaravirus,2020,2020-01-30,176000,742,Social,Medium,13,1,1,3
Midnight,2020,2020-04-08,176000,743,Other,Medium,8,1,4,2
IrrfanKhan,2020,2020-04-29,176000,744,Other,Medium,10,1,4,2
grimes,2020,2020-05-05,176000,745,Other,Medium,6,1,5,1
鬼滅の刃,2020,2020-10-10,176000,746,Other,Medium,4,1,10,5
シャニマスMUSICDAWNday2,2020,2020-11-01,176000,747,Entertainment,Medium,18,1,11,6
OurHappinessJISOODay,2020,2020-01-02,175000,748,Other,Medium,20,1,1,3
RTXOn,2020,2020-02-17,175000,749,Other,Medium,5,1,2,0
드림에게도_소중한_꿈,2020,2020-03-10,175000,750,Other,Medium,11,1,3,1
Jorge e Mateus,2020,2020-04-04,175000,751,Other,Medium,14,3,4,5
Macron20h02,2020,2020-04-13,175000,752,Politics,Medium,11,1,4,0
BB22,2020,2020-08-06,175000,753,Other,Medium,4,1,8,3
iPhone 12,2020,2020-10-13,175000,754,Technology,Medium,9,2,10,1
G Eazy,2020,2020-02-03,174000,755,Other,Medium,6,2,2,0
打首生配信,2020,2020-02-29,174000,756,Other,Medium,5,1,2,5
AfterHours,2020,2020-03-20,174000,757,Other,Medium,10,1,3,4
calminkirkland,2020,2020-06-02,174000,758,Other,Medium,14,1,6,1
ValentinesDay2020,2020,2020-02-14,173000,759,Holiday,Medium,17,1,2,4
WhiteLivesMatter,2020,2020-06-03,173000,760,Other,Medium,16,1,6,2
อกเกือบหักEP14,2020,2020-06-08,173000,761,Other,Medium,14,1,6,0
HappyDussehra,2020,2020-10-25,173000,762,Other,Medium,13,1,10,6
Ravens,2020,2020-01-12,172000,763,Other,Medium,6,1,1,6
Even_of_Day,2020,2020-08-31,172000,764,Other,Medium,11,1,8,0
BBBB2O20,2020,2020-02-07,171000,765,Other,Medium,8,1,2,4
Daniel Radcliffe,2020,2020-06-09,171000,766,Other,Medium,16,2,6,1
MusaOrhanTutuklansın,2020,2020-08-18,171000,767,Other,Medium,20,1,8,1
UCLfinal,2020,2020-08-23,171000,768,Other,Medium,8,1,8,6
나비와고양이_호아이팅,2020,2020-05-07,170000,769,Other,Medium,11,1,5,3
アーモンドアイ,2020,2020-11-29,170000,770,Other,Medium,7,1,11,6
RIPRBG,2020,2020-09-19,170000,771,Other,Medium,6,1,9,5
127Day,2020,2020-01-26,169000,772,Other,Medium,6,1,1,6
EvindeKalTürkiye,2020,2020-03-16,169000,773,Other,Medium,16,1,3,0
DerreteMBL,2020,2020-04-27,169000,774,Other,Medium,10,1,4,0
RUN ARMY ON SOBA,2020,2020-06-28,169000,775,Politics,Medium,16,4,6,6
Murray,2020,2020-09-25,169000,776,Other,Medium,6,1,9,4
KAI_MmmhOutNow,2020,2020-11-30,169000,777,Other,Medium,14,1,11,0
LockdownHouseParty,2020,2020-04-04,168000,778,Social,Medium,18,1,4,5
Pixote,2020,2020-04-21,168000,779,Other,Medium,6,1,4,1
PatriotasComBolsonaro,2020,2020-05-18,168000,780,Politics,Medium,21,1,5,0
JUSTICEFORJAE,2020,2020-06-30,168000,781,Social,Medium,13,1,6,1
8yearsofFifthHarmony,2020,2020-07-27,168000,782,Other,Medium,20,1,7,0
Bills,2020,2020-10-20,168000,783,Other,Medium,5,1,10,1
MissAmericana,2020,2020-01-31,167000,784,Politics,Medium,13,1,1,4
ProtectNayeon,2020,2020-07-02,167000,785,Other,Medium,13,1,7,3
BTSxUNGA,2020,2020-09-23,167000,786,Entertainment,Medium,8,1,9,2
ジェルくん誕生祭2020,2020,2020-07-27,166000,787,Other,Medium,12,1,7,0
OurTreasureAsahiDay,2020,2020-08-19,166000,788,Other,Medium,19,1,8,2
ILAND_EP8,2020,2020-08-21,166000,789,Other,Medium,9,1,8,4
Spurs,2020,2020-10-04,166000,790,Other,Medium,5,1,10,6
Carrefour,2020,2020-11-20,166000,791,Other,Medium,9,1,11,4
ハッピーハロウィン,2020,2020-10-31,165000,792,Other,Medium,9,1,10,5
Lidi,2020,2020-11-25,165000,793,Other,Medium,4,1,11,2
PLASTICHEARTS,2020,2020-11-27,165000,794,Other,Medium,13,1,11,4
The Weeknd,2020,2020-03-20,164000,795,Entertainment,Medium,10,2,3,4
EveryDateWithMark,2020,2020-04-13,164000,796,Other,Medium,17,1,4,0
Azerbaycan,2020,2020-09-27,164000,797,Other,Medium,10,1,9,6
2YearsWithSOLOistJNK,2020,2020-11-11,164000,798,Other,Medium,20,1,11,2
Moderna,2020,2020-11-16,164000,799,Other,Medium,7,1,11,0
Adrian,2020,2020-03-12,163000,800,Other,Medium,6,1,3,3
ドリームマッチ2020,2020,2020-04-11,163000,801,Other,Medium,11,1,4,5
Nicki,2020,2020-04-29,163000,802,Other,Medium,5,1,4,2
AnnelerGünü,2020,2020-05-10,163000,803,Other,Medium,11,1,5,6
2020Vision,2020,2020-07-05,163000,804,Other,Medium,10,1,7,6
Pam Bondi,2020,2020-01-28,162000,805,Other,Medium,9,2,1,1
QuarantineLife,2020,2020-03-16,162000,806,Social,Medium,14,1,3,0
CuarentenaNacional,2020,2020-03-18,162000,807,Other,Medium,18,1,3,2
Frozen,2020,2020-04-30,162000,808,Entertainment,Medium,6,1,4,3
NationalVoterRegistrationDay,2020,2020-09-22,162000,809,Politics,Medium,28,1,9,1
EifelGP,2020,2020-10-11,162000,810,Other,Medium,7,1,10,6
YTFF2020,2020,2020-10-11,162000,811,Other,Medium,8,1,10,6
無観客,2020,2020-02-26,161000,812,Other,Medium,3,1,2,2
Tiago Iorc,2020,2020-07-15,161000,813,Other,Medium,10,2,7,2
1YearWithScenery,2020,2020-01-30,160000,814,Other,Medium,16,1,1,3
AtinySelcaDay,2020,2020-04-21,160000,815,Other,Medium,13,1,4,1
THANKYOUBTS,2020,2020-06-08,160000,816,Entertainment,Medium,11,1,6,0
JaiShreeRam,2020,2020-08-05,160000,817,Other,Medium,11,1,8,2
Investidura,2020,2020-01-07,159000,818,Other,Medium,11,1,1,1
BBBB2000,2020,2020-02-08,159000,819,Other,Medium,8,1,2,5
Klobuchar,2020,2020-02-12,159000,820,Other,Medium,9,1,2,2
OurDreamTHE8day,2020,2020-11-06,159000,821,Other,Medium,15,1,11,4
TXT_EternityConceptTrailer,2020,2020-04-28,158000,822,Entertainment,Medium,26,1,4,1
برشلونه_ميونخ,2020,2020-08-14,158000,823,Other,Medium,13,1,8,4
IAmSushant,2020,2020-08-30,158000,824,Other,Medium,10,1,8,6
ASTRO_Knock1stWin,2020,2020-05-13,157000,825,Other,Medium,17,1,5,2
GoodFriday,2020,2020-04-10,156000,826,Other,Medium,10,1,4,4
BolsonaroTrabalhaPeloPovo,2020,2020-05-24,156000,827,Politics,Medium,25,1,5,6
24_365_WITH_BLACKPINK,2020,2020-06-13,156000,828,Entertainment,Medium,21,1,6,5
X Æ A-12,2020,2020-05-05,155000,829,Other,Medium,8,3,5,1
DireitaComBolsonaro,2020,2020-05-09,155000,830,Politics,Medium,19,1,5,5
ARMY_apologize,2020,2020-08-04,155000,831,Other,Medium,14,1,8,1
CHENxDynamicDuo_You,2020,2020-01-23,154000,832,Other,Medium,19,1,1,3
Budget2020,2020,2020-02-01,154000,833,Other,Medium,10,1,2,5
BrightestMinaDay,2020,2020-03-23,154000,834,Other,Medium,16,1,3,0
jongdae,2020,2020-04-29,154000,835,Other,Medium,7,1,4,2
JusticeForGeorgeFlyod,2020,2020-05-30,154000,836,Social,Medium,21,1,5,5
MyYouthWONWOOday,2020,2020-07-16,154000,837,Other,Medium,16,1,7,3
OurAuroraHongjoongDay,2020,2020-11-06,154000,838,Other,Medium,21,1,11,4
ARSD,2020,2020-11-30,154000,839,Other,Medium,4,1,11,0
SBLIV,2020,2020-02-02,153000,840,Other,Medium,5,1,2,6
21daylockdown,2020,2020-03-25,153000,841,Social,Medium,13,1,3,2
佐々木希,2020,2020-06-10,153000,842,Other,Medium,4,1,6,2
الغاء_الاختبارات,2020,2020-04-16,152000,843,Other,Medium,16,1,4,3
Goya,2020,2020-07-10,152000,844,Other,Medium,4,1,7,4
7DREAMisCOMING,2020,2020-09-22,152000,845,Other,Medium,14,1,9,1
Tyson,2020,2020-11-29,152000,846,Other,Medium,5,1,11,6
私を構成する5つのマンガ,2020,2020-03-24,151000,847,Other,Medium,12,1,3,1
プロトマーリン,2020,2020-09-23,151000,848,Other,Medium,7,1,9,2
sesimizekulakverborsaistanbul,2020,2020-03-15,150000,849,Other,Medium,29,1,3,6
Carti,2020,2020-12-25,150000,850,Other,Medium,5,1,12,4
こえていくホロライブSTAGE2,2020,2020-12-22,150000,851,Other,Medium,16,1,12,1
アニナナ,2020,2020-04-05,149000,852,Other,Medium,4,1,4,6
Eric,2020,2020-08-02,149000,853,Other,Medium,4,1,8,6
Rafael Portugal,2020,2020-04-08,148000,854,Other,Medium,15,2,4,2
MayThe4thBeWithYou,2020,2020-05-04,148000,855,Other,Medium,18,1,5,0
ApologizeToJennie,2020,2020-08-23,148000,856,Entertainment,Medium,17,1,8,6
카이_음_뮤비공개,2020,2020-11-30,148000,857,Other,Medium,9,1,11,0
SB19onMYXLive,2020,2020-01-23,147000,858,Other,Medium,13,1,1,3
25aprile,2020,2020-04-25,147000,859,Other,Medium,8,1,4,5
BTSARMY SOBA DOMINATION,2020,2020-06-30,147000,860,Entertainment,Medium,23,3,6,1
KappaNoVasco,2020,2020-08-04,147000,861,Other,Medium,12,1,8,1
戸田恵梨香,2020,2020-12-10,147000,862,Other,Medium,5,1,12,3
ChenWeLoveYou,2020,2020-02-19,146000,863,Other,Medium,13,1,2,2
Idris Elba,2020,2020-03-16,146000,864,Other,Medium,10,2,3,0
JENNIE,2020,2020-06-25,146000,865,Entertainment,Medium,6,1,6,3
AmericasGreatestMistake,2020,2020-07-25,146000,866,Politics,Medium,23,1,7,5
HappyBirthdayNiall,2020,2020-09-13,146000,867,Other,Medium,18,1,9,6
النصر_الاهلي,2020,2020-09-30,145000,868,Sports,Medium,12,1,9,2
coronapocolypse,2020,2020-03-16,145000,869,Other,Medium,15,1,3,0
EuApoioBolsonaro,2020,2020-04-27,145000,870,Politics,Medium,16,1,4,0
Ömer Döngeloğlu,2020,2020-05-03,145000,871,Other,Medium,15,2,5,6
IndiaChinaFaceOff,2020,2020-06-16,145000,872,Politics,Medium,17,1,6,1
世界猫の日,2020,2020-08-08,145000,873,Other,Medium,5,1,8,5
MayDay,2020,2020-05-01,144000,874,Other,Medium,6,1,5,4
عيد_مبارك,2020,2020-05-24,144000,875,Other,Medium,9,1,5,6
SB19STELL_MENPA,2020,2020-08-16,144000,876,Other,Medium,15,1,8,6
Happy818KwonJiyong,2020,2020-08-17,144000,877,Other,Medium,18,1,8,0
TuscanGP,2020,2020-09-13,144000,878,Other,Medium,8,1,9,6
ToyotaDriveEconomy,2020,2020-09-24,144000,879,Other,Medium,18,1,9,3
Jorge,2020,2020-05-02,143000,880,Other,Medium,5,1,5,5
MustKnow_RealAgeOfGods,2020,2020-07-19,143000,881,Other,Medium,22,1,7,6
SalarioRosa,2020,2020-10-03,143000,882,Other,Medium,11,1,10,5
Semedo,2020,2020-08-14,143000,883,Other,Medium,6,1,8,4
manu,2020,2020-08-21,143000,884,Other,Medium,4,1,8,4
MakeAWish100M,2020,2020-11-11,143000,885,Other,Medium,13,1,11,2
방탄_골디음원대상_축하해,2020,2020-01-04,142000,886,Other,Medium,13,1,1,5
NeoZoneOUTNOW,2020,2020-03-06,142000,887,Other,Medium,13,1,3,4
100WaysWithJackson,2020,2020-03-20,142000,888,Other,Medium,18,1,3,4
Klay,2020,2020-11-19,142000,889,Other,Medium,4,1,11,3
CHANGES,2020,2020-02-14,141000,890,Other,Medium,7,1,2,4
春休み,2020,2020-02-27,141000,891,Other,Medium,3,1,2,3
COVIDIOTS,2020,2020-03-23,141000,892,Social,Medium,9,1,3,0
LetsLove2ndWin,2020,2020-04-11,141000,893,Other,Medium,14,1,4,5
Aqours4th上映会,2020,2020-06-06,141000,894,Other,Medium,12,1,6,5
Dame,2020,2020-08-14,140000,895,Other,Medium,4,1,8,4
30AgustosZaferBayrami,2020,2020-08-30,140000,896,Entertainment,Medium,21,1,8,6
DiaperDon,2020,2020-11-27,140000,897,Other,Medium,9,1,11,4
큰성공_콘서트_취소말고_연기해,2020,2020-02-28,139000,898,Other,Medium,16,1,2,4
Rusia,2020,2020-08-11,139000,899,Other,Medium,5,1,8,1
Susan B. Anthony,2020,2020-08-18,139000,900,Other,Medium,16,3,8,1
HatayiPkkYakti,2020,2020-10-10,139000,901,Other,Medium,14,1,10,5
8martdunyakadinlargunu,2020,2020-03-08,138000,902,Other,Medium,22,1,3,6
화이트데이,2020,2020-03-13,138000,903,Other,Medium,5,1,3,4
ForaBolsonaro,2020,2020-03-19,138000,904,Politics,Medium,13,1,3,3
外出自粛,2020,2020-03-25,138000,905,Other,Medium,4,1,3,2
ProtectVico,2020,2020-04-01,138000,906,Other,Medium,11,1,4,2
ليله_٢٩,2020,2020-05-22,138000,907,Other,Medium,7,1,5,4
Aunt Jemima,2020,2020-06-17,138000,908,Other,Medium,11,2,6,2
花澤香菜,2020,2020-07-08,138000,909,Other,Medium,4,1,7,2
River,2020,2020-10-01,138000,910,Other,Medium,5,1,10,3
Hugo,2020,2020-10-29,138000,911,Other,Medium,4,1,10,3
RoyalRumble,2020,2020-01-27,137000,912,Other,Medium,11,1,1,0
ابها_الهلال,2020,2020-01-31,137000,913,Sports,Medium,11,1,1,4
恵方巻き,2020,2020-02-03,137000,914,Other,Medium,4,1,2,0
MSSP無観客ライブ生配信,2020,2020-03-04,137000,915,Other,Medium,13,1,3,2
Coachella,2020,2020-03-10,137000,916,Other,Medium,9,1,3,1
20yaş,2020,2020-04-03,137000,917,Other,Medium,5,1,4,4
Snyder,2020,2020-05-20,137000,918,Other,Medium,6,1,5,2
百の夢,2020,2020-10-30,137000,919,Other,Medium,3,1,10,4
APAN RIGGED AWARD SHOW,2020,2020-11-26,137000,920,Politics,Medium,22,4,11,3
PremiumMusic特別編,2020,2020-05-30,136000,921,Entertainment,Medium,15,1,5,5
ExtremeRules,2020,2020-07-20,136000,922,Other,Medium,12,1,7,0
INCEPTION1stwin,2020,2020-08-04,136000,923,Other,Medium,15,1,8,1
Ortega Smith,2020,2020-03-10,135000,924,Other,Medium,12,2,3,1
ciddiyealın,2020,2020-03-18,135000,925,Other,Medium,11,1,3,2
SKZ_ALLIN_MV,2020,2020-10-20,135000,926,Other,Medium,12,1,10,1
SurvivorSeries,2020,2020-11-23,135000,927,Entertainment,Medium,14,1,11,0
Maroon5,2020,2020-02-28,134000,928,Other,Medium,7,1,2,4
잘생긴_김석진_대회,2020,2020-04-30,134000,929,Other,Medium,10,1,4,3
VERZUZ,2020,2020-05-24,134000,930,Other,Medium,6,1,5,6
KIM NAMJOON,2020,2020-07-11,134000,931,Other,Medium,11,2,7,5
Bucks,2020,2020-09-05,134000,932,Other,Medium,5,1,9,5
4DaysBEforeBE,2020,2020-11-15,134000,933,Other,Medium,13,1,11,6
嫌いボタン,2020,2020-11-18,134000,934,Other,Medium,5,1,11,2
GoPackGo,2020,2020-01-13,133000,935,Politics,Medium,8,1,1,0
KIM TAEHYUNG,2020,2020-07-01,133000,936,Other,Medium,12,2,7,2
ARMSHARE,2020,2020-10-07,133000,937,Other,Medium,8,1,10,2
quarentEMO,2020,2020-04-18,132000,938,Other,Medium,10,1,4,5
VivaTaiwan,2020,2020-05-26,132000,939,Politics,Medium,10,1,5,1
Ebola,2020,2020-06-01,132000,940,Other,Medium,5,1,6,0
T-Mobile,2020,2020-06-16,132000,941,Other,Medium,8,1,6,1
TheMandalorian,2020,2020-12-18,132000,942,Other,Medium,14,1,12,4
terhislerdurdurulmasın,2020,2020-04-14,131000,943,Other,Medium,22,1,4,1
HTGAWMFinale,2020,2020-05-15,131000,944,Other,Medium,12,1,5,4
星5配布,2020,2020-04-25,130000,945,Other,Medium,4,1,4,5
AEWDoN,2020,2020-05-24,130000,946,Other,Medium,6,1,5,6
HYLT6thWin,2020,2020-07-12,130000,947,Other,Medium,10,1,7,6
Lauren,2020,2020-10-29,130000,948,Other,Medium,6,1,10,3
영원한햇살_영현아_생일축하해,2020,2020-12-18,130000,949,Other,Medium,15,1,12,4
njwk14,2020,2020-01-04,129000,950,Other,Medium,6,1,1,5
WorldCancerDay,2020,2020-02-04,129000,951,Other,Medium,14,1,2,1
CoronaVirusUpdates,2020,2020-03-14,129000,952,Technology,Medium,18,1,3,5
5Baje5Minute,2020,2020-03-22,129000,953,Other,Medium,12,1,3,6
AmericaConTrump,2020,2020-06-03,129000,954,Politics,Medium,15,1,6,2
PACMAN_IS_HERE,2020,2020-07-06,129000,955,Other,Medium,14,1,7,0
StaySelcaDay,2020,2020-07-08,129000,956,Other,Medium,12,1,7,2
MewXVlive,2020,2020-07-21,129000,957,Other,Medium,9,1,7,1
CELINEAmbassadorLisa,2020,2020-09-22,129000,958,Other,Medium,20,1,9,1
Scotland,2020,2020-11-12,129000,959,Other,Medium,8,1,11,3
cedar rapids,2020,2020-11-27,129000,960,Technology,Medium,12,2,11,4
JO1,2020,2020-12-02,129000,961,Other,Medium,3,1,12,2
魔女の宅急便,2020,2020-03-27,128000,962,Other,Medium,6,1,3,4
甲子園,2020,2020-05-20,128000,963,Other,Medium,3,1,5,2
おうちでメトロック,2020,2020-05-23,128000,964,Other,Medium,9,1,5,5
ROSÉ SOLO,2020,2020-05-27,128000,965,Other,Medium,9,2,5,2
DerreteJoice,2020,2020-06-14,128000,966,Other,Medium,12,1,6,6
VetoTerrorBilllNow,2020,2020-07-03,128000,967,Other,Medium,18,1,7,4
คนนั้นต้องเป็นเธอ2M,2020,2020-09-21,128000,968,Other,Medium,19,1,9,0
케이팝_어벤져스_슈퍼엠_돌잔치,2020,2020-10-03,128000,969,Other,Medium,16,1,10,5
Corbyn,2020,2020-10-29,128000,970,Other,Medium,6,1,10,3
taeyeon,2020,2020-12-27,128000,971,Other,Medium,7,1,12,6
ももいろ歌合戦,2020,2020-12-31,128000,972,Other,Medium,7,1,12,3
JennieDeservesBetter,2020,2020-01-14,127000,973,Entertainment,Medium,20,1,1,1
プリコネ,2020,2020-02-13,127000,974,Other,Medium,4,1,2,3
พรกฉุกเฉิน,2020,2020-04-27,127000,975,Other,Medium,10,1,4,0
Neyday,2020,2020-08-18,127000,976,Other,Medium,6,1,8,1
Lil Jon,2020,2020-04-05,126000,977,Other,Medium,7,2,4,6
GivingTuesdayNow,2020,2020-05-05,126000,978,Other,Medium,16,1,5,1
maisa,2020,2020-05-22,126000,979,Other,Medium,5,1,5,4
Skate 4,2020,2020-06-19,126000,980,Other,Medium,7,2,6,4
Drake,2020,2020-07-17,126000,981,Entertainment,Medium,5,1,7,4
سلامتك_يا_ابوفهد,2020,2020-07-20,126000,982,Other,Medium,16,1,7,0
OurSummerHwasa,2020,2020-07-22,126000,983,Other,Medium,14,1,7,2
AlwaysProud,2020,2020-07-27,126000,984,Other,Medium,11,1,7,0
仮面ライダーセイバー,2020,2020-09-06,126000,985,Other,Medium,10,1,9,6
UFCFightIsland5,2020,2020-10-11,126000,986,Sports,Medium,15,1,10,6
KAIxHyundaiLIVE,2020,2020-11-01,126000,987,Other,Medium,15,1,11,6
StupidLove,2020,2020-02-28,125000,988,Other,Medium,10,1,2,4
KindButNotSoft,2020,2020-04-22,125000,989,Other,Medium,14,1,4,2
Lincoln,2020,2020-10-01,125000,990,Other,Medium,7,1,10,3
EliminaçãoAFazenda,2020,2020-12-16,125000,991,Other,Medium,18,1,12,2
Clemson,2020,2020-01-14,124000,992,Other,Medium,7,1,1,1
LaIslaDeLasTentaciones9,2020,2020-02-07,124000,993,Other,Medium,23,1,2,4
Cowboys,2020,2020-04-24,124000,994,Other,Medium,7,1,4,4
CRUSHxJOY_Mayday,2020,2020-05-20,124000,995,Other,Medium,16,1,5,2
BlueHourMediaShowcase,2020,2020-10-26,124000,996,Other,Medium,21,1,10,0
GetWellSoonJisung,2020,2020-11-04,124000,997,Other,Medium,17,1,11,2
ベSTアーティST,2020,2020-11-25,124000,998,Other,Medium,9,1,11,2
Valverde,2020,2020-01-10,123000,999,Other,Medium,8,1,1,4
ابو قحط,2020,2020-05-18,123000,1000,Other,Medium,7,2,5,0
EVELIV,2020,2020-10-17,123000,1001,Other,Medium,6,1,10,5
LeftnRight4thWin,2020,2020-07-04,123000,1002,Other,Medium,16,1,7,5
RussianGP,2020,2020-09-27,123000,1003,Politics,Medium,9,1,9,6
NBAAllStar,2020,2020-02-16,122000,1004,Sports,Medium,10,1,2,6
NobodyLikeRYU,2020,2020-04-16,122000,1005,Other,Medium,13,1,4,3
Berman,2020,2020-06-20,122000,1006,Other,Medium,6,1,6,5
WomenAgainstTrump,2020,2020-08-03,122000,1007,Politics,Medium,17,1,8,0
BabriZindaHai,2020,2020-08-05,122000,1008,Other,Medium,13,1,8,2
Ámbar,2020,2020-08-06,122000,1009,Other,Medium,5,1,8,3
Ariana Grande,2020,2020-10-30,122000,1010,Entertainment,Medium,13,2,10,4
الهلال_التعاون,2020,2020-02-27,121000,1011,Sports,Medium,14,1,2,3
provadolíder,2020,2020-03-20,121000,1012,Other,Medium,12,1,3,4
UNIÃO DAS NUVENS,2020,2020-03-24,121000,1013,Other,Medium,16,3,3,1
ForaBabu,2020,2020-04-13,121000,1014,Other,Medium,8,1,4,0
RedVelvet_IRENE_SEULGI,2020,2020-05-26,121000,1015,Other,Medium,22,1,5,1
KIMHANB1NFREEDOM,2020,2020-06-11,121000,1016,Politics,Medium,16,1,6,3
KurbanBayramı,2020,2020-07-31,121000,1017,Sports,Medium,13,1,7,4
Gladys,2020,2020-09-14,121000,1018,Other,Medium,6,1,9,0
Kevin Durant,2020,2020-03-18,120000,1019,Other,Medium,12,2,3,2
Mannie,2020,2020-04-02,120000,1020,Other,Medium,6,1,4,3
誹謗中傷,2020,2020-05-23,120000,1021,Other,Medium,4,1,5,5
Botafogo,2020,2020-08-23,120000,1022,Other,Medium,8,1,8,6
二次創作,2020,2020-11-24,120000,1023,Other,Medium,4,1,11,1
يوم_الجمعه,2020,2020-01-24,119000,1024,Other,Medium,10,1,1,4
BBB2O2O,2020,2020-02-09,119000,1025,Other,Medium,7,1,2,6
Djonga,2020,2020-03-14,119000,1026,Other,Medium,6,1,3,5
ZiyaSelcukİyikiVarsın,2020,2020-03-23,119000,1027,Other,Medium,21,1,3,0
RBDLiveExperience,2020,2020-05-10,119000,1028,Other,Medium,17,1,5,6
WorldEnvironmentDay2020,2020,2020-06-05,119000,1029,Social,Medium,23,1,6,4
태민아_짝궁들이_생일축하한대,2020,2020-07-17,119000,1030,Other,Medium,15,1,7,4
仮面ライダーゼロワン,2020,2020-08-30,119000,1031,Other,Medium,10,1,8,6
TodosContraFelipeNeto,2020,2020-07-28,119000,1032,Other,Medium,21,1,7,1
6MonthsOfWalls,2020,2020-07-31,119000,1033,Other,Medium,14,1,7,4
Mariano,2020,2020-11-25,119000,1034,Other,Medium,7,1,11,2
아육대,2020,2020-01-24,118000,1035,Other,Medium,3,1,1,4
ForaPrior,2020,2020-02-24,118000,1036,Other,Medium,9,1,2,0
Michael Jordan,2020,2020-02-24,118000,1037,Other,Medium,14,2,2,0
HappyBirthdayDada,2020,2020-07-08,118000,1038,Other,Medium,17,1,7,2
WorldSuicidePreventionDay,2020,2020-09-10,118000,1039,Other,Medium,25,1,9,3
コントレイル,2020,2020-10-25,117000,1040,Other,Medium,6,1,10,6
Molly,2020,2020-05-11,117000,1041,Other,Medium,5,1,5,0
山口達也,2020,2020-09-22,117000,1042,Other,Medium,4,1,9,1
NBAFinals,2020,2020-10-01,117000,1043,Sports,Medium,9,1,10,3
taemin,2020,2020-12-18,117000,1044,Other,Medium,6,1,12,4
しゃべくり007,2020,2020-01-02,116000,1045,Other,Medium,8,1,1,3
MLKDay,2020,2020-01-20,116000,1046,Other,Medium,6,1,1,0
Hillary Clinton,2020,2020-01-21,116000,1047,Other,Medium,15,2,1,1
Leanne,2020,2020-01-30,116000,1048,Other,Medium,6,1,1,3
protests2020,2020,2020-05-31,116000,1049,Politics,Medium,12,1,5,6
クラウド,2020,2020-06-11,116000,1050,Other,Medium,4,1,6,3
Left_n_Right,2020,2020-06-16,116000,1051,Other,Medium,12,1,6,1
Vitinho,2020,2020-09-14,116000,1052,Other,Medium,7,1,9,0
Hope Hicks,2020,2020-10-02,116000,1053,Other,Medium,10,2,10,4
さくらみこ復帰LIVE,2020,2020-10-21,116000,1054,Other,Medium,11,1,10,2
Eternal Atake,2020,2020-03-06,115000,1055,Other,Medium,13,2,3,4
アベマでおさらいヒプマイライブ,2020,2020-08-16,115000,1056,Other,Medium,15,1,8,6
青汁砲で誹謗中傷撲滅,2020,2020-09-07,115000,1057,Other,Medium,10,1,9,0
ซ่อนเงารักep13,2020,2020-02-07,114000,1058,Other,Medium,14,1,2,4
ノムさん,2020,2020-02-11,114000,1059,Other,Medium,4,1,2,1
Madison,2020,2020-03-11,114000,1060,Other,Medium,7,1,3,2
野ブタ,2020,2020-04-11,114000,1061,Other,Medium,3,1,4,5
Dort,2020,2020-09-03,114000,1062,Other,Medium,4,1,9,3
Giannis,2020,2020-09-05,113000,1063,Sports,Medium,7,1,9,5
ON6thWin,2020,2020-03-06,113000,1064,Other,Medium,8,1,3,4
AskSUHO,2020,2020-03-26,113000,1065,Other,Medium,7,1,3,3
TheLastofUsPartII,2020,2020-06-19,113000,1066,Other,Medium,17,1,6,4
FANTOPIA2020ImpactArena,2020,2020-08-18,113000,1067,Other,Medium,23,1,8,1
年越しそば,2020,2020-12-31,113000,1068,Other,Medium,5,1,12,3
Oblak,2020,2020-03-12,112000,1069,Other,Medium,5,1,3,3
شكرا_الدفاع_الجوي,2020,2020-03-29,112000,1070,Other,Medium,17,1,3,6
おうちでドーム,2020,2020-05-06,112000,1071,Other,Medium,7,1,5,2
LIT_LayZhang,2020,2020-05-27,112000,1072,Other,Medium,12,1,5,2
ナウシカ,2020,2020-12-25,112000,1073,Other,Medium,4,1,12,4
Anahi,2020,2020-12-27,112000,1074,Other,Medium,5,1,12,6
ProvaDoLider,2020,2020-03-13,111000,1075,Other,Medium,12,1,3,4
AEWRevolution,2020,2020-03-01,111000,1076,Other,Medium,13,1,3,6
JOGA Y JOGA,2020,2020-03-23,111000,1077,Other,Medium,11,3,3,0
LaunchAmerica,2020,2020-05-27,111000,1078,Politics,Medium,13,1,5,2
B Simone,2020,2020-06-10,111000,1079,Other,Medium,8,2,6,2
RegresoEdomex,2020,2020-06-25,111000,1080,Other,Medium,13,1,6,3
selena,2020,2020-07-28,111000,1081,Entertainment,Medium,6,1,7,1
TeachersDay,2020,2020-09-05,111000,1082,Social,Medium,11,1,9,5
Jota,2020,2020-11-03,111000,1083,Sports,Medium,4,1,11,1
Real Madrid,2020,2020-10-21,111000,1084,Sports,Medium,11,2,10,2
แปลรักEP2,2020,2020-10-29,111000,1085,Other,Medium,9,1,10,3
TDYAwards,2020,2020-12-07,111000,1086,Politics,Medium,9,1,12,0
ArtistoftheYear,2020,2020-12-07,111000,1087,Other,Medium,15,1,12,0
StPatricksDay,2020,2020-03-17,110000,1088,Other,Medium,13,1,3,1
JeffreeStarApproved,2020,2020-04-22,110000,1089,Other,Medium,19,1,4,2
Namjin,2020,2020-05-24,110000,1090,Other,Medium,6,1,5,6
Putin,2020,2020-11-06,110000,1091,Politics,Medium,5,1,11,4
Ethan,2020,2020-11-14,110000,1092,Other,Medium,5,1,11,5
NHprimary2020,2020,2020-02-12,109000,1093,Other,Medium,13,1,2,2
Texans,2020,2020-03-16,109000,1094,Other,Medium,6,1,3,0
LotusInnVideo,2020,2020-12-07,109000,1095,Entertainment,Medium,13,1,12,0
BlueMonday,2020,2020-01-20,108000,1096,Other,Medium,10,1,1,0
ANNE NÃO ACABOU,2020,2020-01-21,108000,1097,Other,Medium,15,3,1,1
ToAlltheBoys2,2020,2020-02-12,108000,1098,Other,Medium,13,1,2,2
ガルパ特番,2020,2020-03-16,108000,1099,Other,Medium,5,1,3,0
どくずほんしゃ,2020,2020-08-22,108000,1100,Other,Medium,7,1,8,5
大和田,2020,2020-09-27,108000,1101,Other,Medium,3,1,9,6
MTVTop20ConDhasia,2020,2020-10-17,108000,1102,Other,Medium,17,1,10,5
YangGang,2020,2020-02-12,107000,1103,Other,Medium,8,1,2,2
Hopper,2020,2020-02-14,107000,1104,Other,Medium,6,1,2,4
KimHanbin_Demo3,2020,2020-05-13,107000,1105,Other,Medium,15,1,5,2
LoveBright3000,2020,2020-05-21,107000,1106,Other,Medium,14,1,5,3
Rafinha,2020,2020-07-16,107000,1107,Other,Medium,7,1,7,3
1styearคั่นกู,2020,2020-08-05,107000,1108,Other,Medium,13,1,8,2
OceanViewftCHANYEOL,2020,2020-08-13,107000,1109,Other,Medium,19,1,8,3
LovecraftCountry,2020,2020-10-19,107000,1110,Other,Medium,16,1,10,0
TrumpIsBroke,2020,2020-09-28,107000,1111,Politics,Medium,12,1,9,0
Cruz Azul,2020,2020-12-07,107000,1112,Other,Medium,9,2,12,0
TakeCareSeungri,2020,2020-03-07,106000,1113,Other,Medium,15,1,3,5
Dr. Bright,2020,2020-05-14,106000,1114,Other,Medium,10,2,5,3
Bayern,2020,2020-05-26,106000,1115,Sports,Medium,6,1,5,1
Agus,2020,2020-06-22,106000,1116,Other,Medium,4,1,6,0
Lingard,2020,2020-07-26,106000,1117,Other,Medium,7,1,7,6
NothinByCHANYEOL,2020,2020-07-08,106000,1118,Other,Medium,16,1,7,2
ショック,2020,2020-09-27,106000,1119,Other,Medium,4,1,9,6
RipBrodieLee,2020,2020-12-27,106000,1120,Other,Medium,12,1,12,6
CrisisOnInfiniteEarths,2020,2020-01-15,105000,1121,Social,Medium,22,1,1,2
OTDirecto20E,2020,2020-01-20,105000,1122,Other,Medium,12,1,1,0
7COMEBACKSPECIAL,2020,2020-02-21,105000,1123,Politics,Medium,16,1,2,4
سامي_الجابر_في_ليوان_المديفر,2020,2020-05-09,105000,1124,Other,Medium,28,1,5,5
Paper Mario,2020,2020-05-14,105000,1125,Other,Medium,11,2,5,3
2getherTheSeriesFinale,2020,2020-05-15,105000,1126,Entertainment,Medium,22,1,5,4
TIME SHADOW,2020,2020-07-11,105000,1127,Other,Medium,11,2,7,5
まほやく1周年特番,2020,2020-11-23,105000,1128,Other,Medium,9,1,11,0
istandwiththepresident,2020,2020-04-02,104000,1129,Politics,Medium,22,1,4,3
OurWendyIsHere,2020,2020-04-23,104000,1130,Other,Medium,14,1,4,3
麒麟がくる,2020,2020-05-03,104000,1131,Other,Medium,5,1,5,6
CHAEYOUNG,2020,2020-05-14,104000,1132,Other,Medium,9,1,5,3
JONGDAE,2020,2020-06-07,104000,1133,Other,Medium,7,1,6,6
telegram,2020,2020-07-14,104000,1134,Other,Medium,8,1,7,1
ARSLIV,2020,2020-07-15,104000,1135,Other,Medium,6,1,7,2
Doyoung,2020,2020-09-20,104000,1136,Other,Medium,7,1,9,6
Operation Warp Speed,2020,2020-11-09,104000,1137,Politics,Medium,20,3,11,0
箱根駅伝,2020,2020-01-02,103000,1138,Other,Medium,4,1,1,3
KPOP_FUTURE_DINOday,2020,2020-02-10,103000,1139,Entertainment,Medium,19,1,2,0
Bruno Henrique,2020,2020-02-20,103000,1140,Other,Medium,14,2,2,3
HappyWomensDay2020,2020,2020-03-08,103000,1141,Other,Medium,18,1,3,6
Lloyd Cadena,2020,2020-09-04,103000,1142,Other,Medium,12,2,9,4
OurAutumnFlowerJoon,2020,2020-09-11,103000,1143,Sports,Medium,19,1,9,4
フリート,2020,2020-11-11,103000,1144,Other,Medium,4,1,11,2
cudi,2020,2020-12-11,103000,1145,Other,Medium,4,1,12,4
willowMusicVideo,2020,2020-12-11,103000,1146,Entertainment,Medium,16,1,12,4
OTDirecto24E,2020,2020-01-24,102000,1147,Other,Medium,12,1,1,4
큥_데뷔8주년_축하해,2020,2020-01-30,102000,1148,Other,Medium,11,1,1,3
PelosiTantrum,2020,2020-02-05,102000,1149,Politics,Medium,13,1,2,2
俺たち自粛お前は辞職,2020,2020-05-04,102000,1150,Other,Medium,10,1,5,0
SKZ_TOP_MV,2020,2020-05-26,102000,1151,Other,Medium,10,1,5,1
GuruPurnima,2020,2020-07-05,102000,1152,Other,Medium,11,1,7,6
SMGOnLIV625,2020,2020-11-01,102000,1153,Other,Medium,11,1,11,6
Elif,2020,2020-11-02,102000,1154,Other,Medium,4,1,11,0
Eagles,2020,2020-12-01,102000,1155,Sports,Medium,6,1,12,1
قابوس_في_ذمه_الله,2020,2020-01-11,101000,1156,Other,Medium,17,1,1,5
Duke,2020,2020-02-09,101000,1157,Other,Medium,4,1,2,6
Hopkins,2020,2020-03-16,101000,1158,Other,Medium,7,1,3,0
Koko Pimentel,2020,2020-03-25,101000,1159,Other,Medium,13,2,3,2
BelgianGP,2020,2020-08-30,101000,1160,Other,Medium,9,1,8,6
OurPreciousJihyo,2020,2020-01-31,100000,1161,Other,Medium,16,1,1,4
ATEEZ3rdWin,2020,2020-08-04,100000,1162,Other,Medium,11,1,8,1
WannaBeMAMAMOO,2020,2020-09-10,100000,1163,Other,Medium,14,1,9,3
SIEMPRE HE ESTADO AQUI,2020,2020-11-18,100000,1164,Other,Medium,22,4,11,2
NOT THE END OF THE WORLD,2020,2020-12-21,100000,1165,Other,Medium,24,6,12,0
Mikel Arteta,2020,2020-03-13,99000,1166,Other,Low,12,2,3,4
BuYoldanDönmeyeceğiz,2020,2020-05-02,99000,1167,Other,Low,20,1,5,5
MilliHesaplarYanyana,2020,2020-05-10,99000,1168,Other,Low,20,1,5,6
GTA V,2020,2020-05-14,99000,1169,Other,Low,5,2,5,3
WDWFALLINMV,2020,2020-09-29,99000,1170,Other,Low,11,1,9,1
MrPerfectThalapathyVIJAY,2020,2020-02-06,98000,1171,Other,Low,24,1,2,3
koronawirus,2020,2020-03-10,98000,1172,Other,Low,11,1,3,1
ON16thWin,2020,2020-03-28,98000,1173,Other,Low,9,1,3,5
Jefferson,2020,2020-04-24,98000,1174,Other,Low,9,1,4,4
erkekyerinibilsin,2020,2020-06-06,98000,1175,Other,Low,17,1,6,5
KargilVijayDiwas,2020,2020-07-26,98000,1176,Other,Low,16,1,7,6
iHeartDynamite,2020,2020-08-17,98000,1177,Other,Low,14,1,8,0
IceCream1stWin,2020,2020-09-20,98000,1178,Other,Low,14,1,9,6
HappyBirthdayHarry,2020,2020-02-01,97000,1179,Other,Low,18,1,2,5
LoveYourPetDay,2020,2020-02-21,97000,1180,Other,Low,14,1,2,4
hükümetistifa,2020,2020-03-31,97000,1181,Other,Low,13,1,3,1
ストロベリームーン,2020,2020-06-05,97000,1182,Other,Low,9,1,6,4
WeWantJoe,2020,2020-06-26,97000,1183,Other,Low,9,1,6,4
ツイステ,2020,2020-07-22,97000,1184,Other,Low,4,1,7,2
Şuşa,2020,2020-11-08,97000,1185,Other,Low,4,1,11,6
TREAT LISA BETTER,2020,2020-12-17,97000,1186,Other,Low,17,3,12,3
KTH1ISCOMING,2020,2020-05-01,96000,1187,Other,Low,12,1,5,4
Marlins,2020,2020-07-27,96000,1188,Other,Low,7,1,7,0
UnusAnnusisoverparty,2020,2020-11-13,96000,1189,Other,Low,20,1,11,4
LiSAさん,2020,2020-12-30,95000,1190,Other,Low,6,1,12,2
WilderFury2,2020,2020-02-23,95000,1191,Other,Low,11,1,2,6
DiaDeLaTierra,2020,2020-04-22,95000,1192,Other,Low,13,1,4,2
キスマイWEBFES,2020,2020-05-24,95000,1193,Other,Low,10,1,5,6
PC Siqueira,2020,2020-06-11,95000,1194,Other,Low,11,2,6,3
TemptationIsland,2020,2020-07-02,95000,1195,Other,Low,16,1,7,3
ハイキュー,2020,2020-07-12,95000,1196,Other,Low,5,1,7,6
TWICEASTALL,2020,2020-08-14,95000,1197,Other,Low,11,1,8,4
destiel,2020,2020-11-06,95000,1198,Other,Low,7,1,11,4
BEselcaDay,2020,2020-11-19,95000,1199,Other,Low,10,1,11,3
仕事納め,2020,2020-12-28,95000,1200,Other,Low,4,1,12,0
2YearsWithPromise,2020,2020-12-30,95000,1201,Other,Low,17,1,12,2
CHETOT,2020,2020-02-22,94000,1202,Other,Low,6,1,2,5
SelenasBoyfriend,2020,2020-04-09,94000,1203,Entertainment,Low,16,1,4,3
bailouthumans,2020,2020-04-15,94000,1204,Other,Low,13,1,4,2
ARMYDAY,2020,2020-07-08,94000,1205,Other,Low,7,1,7,2
SushantWasMurdered,2020,2020-08-11,94000,1206,Other,Low,18,1,8,1
الهلال_بطل_الدوري,2020,2020-08-29,94000,1207,Sports,Low,17,1,8,5
TrumpRiots,2020,2020-08-30,94000,1208,Politics,Low,10,1,8,6
Miami,2020,2020-09-05,94000,1209,Other,Low,5,1,9,5
オールスター感謝祭,2020,2020-10-03,94000,1210,Other,Low,9,1,10,5
ImolaGP,2020,2020-11-01,94000,1211,Other,Low,7,1,11,6
แปลรักEP3,2020,2020-11-05,94000,1212,Other,Low,9,1,11,3
teamcoco,2020,2020-11-09,94000,1213,Other,Low,8,1,11,0
FNS歌謡祭第2夜,2020,2020-12-09,94000,1214,Other,Low,9,1,12,2
vaka670,2020,2020-03-21,93000,1215,Other,Low,7,1,3,5
시우민생일축하해,2020,2020-03-25,93000,1216,Other,Low,8,1,3,2
ひきまるスペシャル,2020,2020-03-26,93000,1217,Other,Low,9,1,3,3
ColeguinhasBrahmaLive,2020,2020-04-25,93000,1218,Other,Low,21,1,4,5
StevenUniverse,2020,2020-03-28,92000,1219,Other,Low,14,1,3,5
SaySoRemix,2020,2020-04-29,92000,1220,Other,Low,10,1,4,2
TWICE100thWin,2020,2020-06-12,92000,1221,Other,Low,13,1,6,4
DesceProPlay,2020,2020-06-26,92000,1222,Other,Low,12,1,6,4
LPShowAct3,2020,2020-10-31,92000,1223,Other,Low,10,1,10,5
Ashanti,2020,2020-12-13,92000,1224,Other,Low,7,1,12,6
Soleimani,2020,2020-01-03,91000,1225,Other,Low,9,1,1,4
SmackDown,2020,2020-03-14,91000,1226,Other,Low,9,1,3,5
iHeartBTS,2020,2020-01-28,91000,1227,Entertainment,Low,9,1,1,1
Nadal,2020,2020-10-11,91000,1228,Other,Low,5,1,10,6
PitMad,2020,2020-03-05,91000,1229,Other,Low,6,1,3,3
SnowManYouTube生配信,2020,2020-03-20,91000,1230,Entertainment,Low,17,1,3,4
HottiesAtHome,2020,2020-04-08,91000,1231,Other,Low,13,1,4,2
バンドリ三昧,2020,2020-04-29,91000,1232,Other,Low,6,1,4,2
てづくり39,2020,2020-05-23,91000,1233,Other,Low,6,1,5,5
食費2万,2020,2020-07-14,91000,1234,Other,Low,4,1,7,1
DNC2020,2020,2020-08-18,91000,1235,Other,Low,7,1,8,1
Bears,2020,2020-11-17,91000,1236,Other,Low,5,1,11,1
PremiosOdeon,2020,2020-01-21,90000,1237,Other,Low,12,1,1,1
画力ビフォーアフター,2020,2020-01-28,90000,1238,Other,Low,10,1,1,1
Baby Pluto,2020,2020-03-06,90000,1239,Other,Low,10,2,3,4
حظر_كامل,2020,2020-03-23,90000,1240,Other,Low,8,1,3,0
CocukİstismarınınAffıOlamaz,2020,2020-04-14,90000,1241,Other,Low,27,1,4,1
BeMBrahmaLive,2020,2020-05-17,90000,1242,Other,Low,13,1,5,6
아스트로_수고했어_로하가_빛이돼줄게,2020,2020-05-17,90000,1243,Other,Low,19,1,5,6
Cássio,2020,2020-07-23,90000,1244,Other,Low,6,1,7,3
तुर्की_भाग_आमिर_खान,2020,2020-08-18,90000,1245,Other,Low,19,1,8,1
हिंदी_दिवस,2020,2020-09-14,90000,1246,Other,Low,10,1,9,0
Thiago Neves,2020,2020-09-15,90000,1247,Other,Low,12,2,9,1
MevlidKandili,2020,2020-10-28,90000,1248,Other,Low,13,1,10,2
SB19CanSeeYourVoice,2020,2020-01-04,89000,1249,Other,Low,19,1,1,5
BTSCOMEBACKSPECIAL,2020,2020-02-27,89000,1250,Politics,Low,18,1,2,3
Tottenham,2020,2020-03-11,89000,1251,Other,Low,9,1,3,2
HF延期,2020,2020-03-26,89000,1252,Other,Low,4,1,3,3
GeceninErdoğanFotoğrafı,2020,2020-04-18,89000,1253,Other,Low,23,1,4,5
Simmons,2020,2020-04-24,89000,1254,Other,Low,7,1,4,4
Kehlani,2020,2020-05-08,89000,1255,Other,Low,7,1,5,4
JunkTerrorBill,2020,2020-05-29,89000,1256,Other,Low,14,1,5,4
harrystylesislovedparty,2020,2020-06-20,89000,1257,Other,Low,23,1,6,5
WhereIsTrump,2020,2020-10-07,89000,1258,Politics,Low,12,1,10,2
seymayıldız,2020,2020-02-07,88000,1259,Other,Low,11,1,2,4
StayStrong_ARMY,2020,2020-03-23,88000,1260,Other,Low,15,1,3,0
BolsonaroGenocida,2020,2020-03-23,88000,1261,Politics,Low,17,1,3,0
vaka3629,2020,2020-03-26,88000,1262,Other,Low,8,1,3,3
HanumanJayanti,2020,2020-04-08,88000,1263,Other,Low,14,1,4,2
Werner,2020,2020-06-04,88000,1264,Other,Low,6,1,6,3
CassacaoDaJoice,2020,2020-06-08,88000,1265,Other,Low,15,1,6,0
StopBolsonaroMundial,2020,2020-06-28,88000,1266,Politics,Low,20,1,6,6
StreamWalls,2020,2020-07-11,88000,1267,Entertainment,Low,11,1,7,5
AChanceToLoveEP7,2020,2020-10-07,88000,1268,Other,Low,16,1,10,2
Pickford,2020,2020-10-17,88000,1269,Other,Low,8,1,10,5
Labour Party,2020,2020-10-29,88000,1270,Other,Low,12,2,10,3
festivalsanremo2020,2020,2020-02-07,87000,1271,Other,Low,19,1,2,4
Tacko,2020,2020-02-16,87000,1272,Other,Low,5,1,2,6
SinJusticiaNoHayFestival,2020,2020-02-24,87000,1273,Politics,Low,24,1,2,0
KanyeWestIsOverParty,2020,2020-03-21,87000,1274,Entertainment,Low,20,1,3,5
MasterChef,2020,2020-07-07,87000,1275,Other,Low,10,1,7,1
OTGala10,2020,2020-05-20,87000,1276,Other,Low,8,1,5,2
우리의청춘_세븐틴_5주년_축하해,2020,2020-05-25,87000,1277,Other,Low,17,1,5,0
LaIslaDeLasTentaciones5,2020,2020-10-07,87000,1278,Other,Low,23,1,10,2
Falcao,2020,2020-10-14,87000,1279,Other,Low,6,1,10,2
MissUniversePhilippines,2020,2020-10-25,87000,1280,Other,Low,23,1,10,6
Saints,2020,2020-12-14,87000,1281,Other,Low,6,1,12,0
BiharElectionResults,2020,2020-11-10,87000,1282,Politics,Low,20,1,11,1
THE INVITATION,2020,2020-12-01,87000,1283,Other,Low,14,2,12,1
OTDirecto3F,2020,2020-02-03,86000,1284,Other,Low,11,1,2,0
ONGlobalParty,2020,2020-02-28,86000,1285,Other,Low,13,1,2,4
Bucs,2020,2020-03-18,86000,1286,Other,Low,4,1,3,2
EvdekalEvdekal,2020,2020-03-29,86000,1287,Other,Low,14,1,3,6
GetFiredUpOneIts_X1,2020,2020-05-09,86000,1288,Other,Low,19,1,5,5
세븐틴_밀리언셀러_축하해,2020,2020-06-26,86000,1289,Other,Low,13,1,6,4
Sabrina,2020,2020-07-09,86000,1290,Other,Low,7,1,7,3
ItsOkayToNotBeOkayEP9,2020,2020-07-18,86000,1291,Other,Low,21,1,7,5
NationalBoyfriendDay,2020,2020-10-03,86000,1292,Other,Low,20,1,10,5
இப்போ_இல்லேன்னா_எப்பவும்_இல்ல,2020,2020-12-03,86000,1293,Other,Low,29,1,12,3
LIVMUN,2020,2020-01-19,85000,1294,Other,Low,6,1,1,6
귀여운_김석진_대회,2020,2020-01-20,85000,1295,Other,Low,10,1,1,0
UFC247,2020,2020-02-09,85000,1296,Sports,Low,6,1,2,6
stayhomechallenge,2020,2020-03-17,85000,1297,Other,Low,17,1,3,1
Diggs,2020,2020-03-17,85000,1298,Other,Low,5,1,3,1
CoronaLockdown,2020,2020-03-27,85000,1299,Social,Low,14,1,3,4
TeamBSide,2020,2020-04-14,85000,1300,Other,Low,9,1,4,1
procurasejoaopedro,2020,2020-05-19,85000,1301,Other,Low,18,1,5,1
BOM DIA BTS,2020,2020-05-25,85000,1302,Entertainment,Low,11,3,5,0
istanbulunfethi,2020,2020-05-29,85000,1303,Other,Low,15,1,5,4
Kyrie,2020,2020-06-13,85000,1304,Other,Low,5,1,6,5
EdomexEnSemaforoRojo,2020,2020-06-27,85000,1305,Other,Low,20,1,6,5
BrightWinInboxEP1,2020,2020-06-30,85000,1306,Other,Low,17,1,6,1
RetiroFondosPrevisionales,2020,2020-07-08,85000,1307,Other,Low,25,1,7,2
BrightWinXcathydollNudeMatte,2020,2020-07-15,85000,1308,Other,Low,28,1,7,2
音楽の日,2020,2020-07-18,85000,1309,Other,Low,4,1,7,5
OurFavoriteBoysACE,2020,2020-09-02,85000,1310,Other,Low,18,1,9,2
ArmenianTerrorism,2020,2020-10-17,85000,1311,Other,Low,17,1,10,5
Giants,2020,2020-11-15,85000,1312,Other,Low,6,1,11,6
ホロライブ運動会,2020,2020-11-21,85000,1313,Other,Low,8,1,11,5
ホークス,2020,2020-11-25,85000,1314,Other,Low,4,1,11,2
WonderAtMidnight,2020,2020-12-04,85000,1315,Other,Low,16,1,12,4
逃走中,2020,2020-08-30,84000,1316,Other,Low,3,1,8,6
Alexandre de Moraes,2020,2020-04-29,84000,1317,Other,Low,19,3,4,2
فتح_المساجد,2020,2020-05-26,84000,1318,Other,Low,11,1,5,1
CORONIL,2020,2020-06-23,84000,1319,Other,Low,7,1,6,1
PedoTrump,2020,2020-09-15,84000,1320,Politics,Low,9,1,9,1
UFCVegas11,2020,2020-09-20,84000,1321,Sports,Low,10,1,9,6
TheBachelorette,2020,2020-11-06,84000,1322,Other,Low,15,1,11,4
ファンタビ,2020,2020-11-13,84000,1323,Other,Low,5,1,11,4
NXTTakeOver,2020,2020-02-17,83000,1324,Other,Low,11,1,2,0
confinementtotal,2020,2020-03-16,83000,1325,Other,Low,16,1,3,0
세상은_런쥔덕분에_빛나,2020,2020-03-22,83000,1326,Other,Low,12,1,3,6
検察庁法改正案に抗議します,2020,2020-05-09,83000,1327,Other,Low,13,1,5,5
Jill,2020,2020-05-10,83000,1328,Other,Low,4,1,5,6
RespeitaMeuVotoBarroso,2020,2020-06-10,83000,1329,Other,Low,22,1,6,2
MonbebeAreStillHere,2020,2020-01-27,82000,1330,Other,Low,19,1,1,0
ジェルラジオ,2020,2020-05-20,82000,1331,Other,Low,6,1,5,2
OyumSanaFedaReis,2020,2020-06-27,82000,1332,Other,Low,16,1,6,5
CRYCHE,2020,2020-07-07,82000,1333,Other,Low,6,1,7,1
MasterChefNaBand,2020,2020-07-15,82000,1334,Other,Low,16,1,7,2
NotMyChild,2020,2020-07-16,82000,1335,Other,Low,10,1,7,3
FREEZAYN,2020,2020-07-20,82000,1336,Other,Low,8,1,7,0
beinsportsiptal,2020,2020-08-04,82000,1337,Sports,Low,15,1,8,1
KastRespondeMV,2020,2020-08-11,82000,1338,Other,Low,14,1,8,1
InterMilan,2020,2020-02-10,81000,1339,Sports,Low,10,1,2,0
LivePriAlcantara,2020,2020-05-01,81000,1340,Other,Low,16,1,5,4
TodosOsCantosDeCasa,2020,2020-05-10,81000,1341,Other,Low,19,1,5,6
liveOrochi,2020,2020-05-16,81000,1342,Other,Low,10,1,5,5
ManuGavassiNoMultishow,2020,2020-06-08,81000,1343,Other,Low,22,1,6,0
SpeakUpAgainstFuelHike,2020,2020-06-29,81000,1344,Other,Low,22,1,6,0
AllCountriesMatter,2020,2020-07-04,81000,1345,Other,Low,18,1,7,5
Força Covid,2020,2020-07-07,81000,1346,Social,Low,11,2,7,1
CacerolazoPorMi10,2020,2020-07-15,81000,1347,Other,Low,17,1,7,2
bbnaijialockdown,2020,2020-08-02,81000,1348,Social,Low,16,1,8,6
TheGiftedGraduationEP2,2020,2020-09-13,81000,1349,Other,Low,22,1,9,6
RolandGarros,2020,2020-10-11,81000,1350,Other,Low,12,1,10,6
النصر_بطل_الشتاء,2020,2020-01-25,80000,1351,Sports,Low,16,1,1,5
Thiem,2020,2020-09-14,80000,1352,Other,Low,5,1,9,0
Derrick Jones,2020,2020-02-16,80000,1353,Other,Low,13,2,2,6
学校休み,2020,2020-02-27,80000,1354,Other,Low,4,1,2,3
バビロニア,2020,2020-03-07,80000,1355,Other,Low,5,1,3,5
それスノ,2020,2020-03-25,80000,1356,Other,Low,4,1,3,2
OBrasilTemQuePararBolsonaro,2020,2020-03-28,80000,1357,Politics,Low,27,1,3,5
Amy Cooper,2020,2020-05-26,80000,1358,Other,Low,10,2,5,1
Sakarya,2020,2020-07-03,80000,1359,Other,Low,7,1,7,4
Broncos,2020,2020-11-29,80000,1360,Other,Low,7,1,11,6
TerceiraGuerraMundial,2020,2020-01-03,79000,1361,Other,Low,21,1,1,4
Aaron Hernandez,2020,2020-01-16,79000,1362,Other,Low,15,2,1,3
Thüringen,2020,2020-02-05,79000,1363,Other,Low,9,1,2,2
キュラソー,2020,2020-04-10,79000,1364,Other,Low,5,1,4,4
今月描いた絵を晒そう,2020,2020-05-31,79000,1365,Other,Low,10,1,5,6
花澤さん,2020,2020-07-08,79000,1366,Other,Low,4,1,7,2
SeasonOfYouGlobalPress,2020,2020-08-01,79000,1367,Entertainment,Low,22,1,8,5
Knicks,2020,2020-08-21,79000,1368,Other,Low,6,1,8,4
Adams,2020,2020-09-03,79000,1369,Other,Low,5,1,9,3
CHECRY,2020,2020-10-03,79000,1370,Other,Low,6,1,10,5
SexyZone_404,2020,2020-12-09,79000,1371,Other,Low,12,1,12,2
SesionDeInvestidura,2020,2020-01-04,78000,1372,Other,Low,19,1,1,5
Pit4Busch,2020,2020-02-17,78000,1373,Other,Low,9,1,2,0
Mangueira,2020,2020-02-24,78000,1374,Other,Low,9,1,2,0
素のまんま,2020,2020-07-30,78000,1375,Other,Low,5,1,7,3
UGANIG,2020,2020-05-03,78000,1376,Other,Low,6,1,5,6
TREASUREPrinceYoshiDay,2020,2020-05-14,78000,1377,Other,Low,22,1,5,3
Safaera,2020,2020-05-14,78000,1378,Other,Low,7,1,5,3
LetTheMusicPlay,2020,2020-07-02,78000,1379,Entertainment,Low,15,1,7,3
ミリオンアニメ化,2020,2020-07-04,78000,1380,Other,Low,8,1,7,5
BBNaijaLocdown,2020,2020-08-03,78000,1381,Other,Low,14,1,8,0
アクタージュ,2020,2020-08-08,78000,1382,Other,Low,6,1,8,5
JusticeForJenniferLaude,2020,2020-09-07,78000,1383,Entertainment,Low,23,1,9,0
UFC246,2020,2020-01-19,77000,1384,Sports,Low,6,1,1,6
HOMEcoming,2020,2020-03-19,77000,1385,Other,Low,10,1,3,3
ไบร์ทวินคิดถึงนะ,2020,2020-05-19,77000,1386,Other,Low,16,1,5,1
Trina,2020,2020-06-03,77000,1387,Other,Low,5,1,6,2
AmiciSpeciali,2020,2020-06-06,77000,1388,Politics,Low,13,1,6,5
東京47人,2020,2020-06-14,77000,1389,Other,Low,5,1,6,6
TWICE_Beyond_LIVE,2020,2020-08-09,77000,1390,Other,Low,17,1,8,6
DyoSeunghoReturns,2020,2020-09-24,77000,1391,Other,Low,17,1,9,3
EVEMUN,2020,2020-11-07,77000,1392,Other,Low,6,1,11,5
Supernatural,2020,2020-11-13,77000,1393,Other,Low,12,1,11,4
夫婦の日,2020,2020-11-22,77000,1394,Other,Low,4,1,11,6
IPPON,2020,2020-12-05,77000,1395,Other,Low,5,1,12,5
Bonadio,2020,2020-02-04,76000,1396,Other,Low,7,1,2,1
BoneyardMatch,2020,2020-04-05,76000,1397,Sports,Low,13,1,4,6
WWERaw,2020,2020-06-16,76000,1398,Sports,Low,6,1,6,1
ExNaMTV,2020,2020-05-22,76000,1399,Other,Low,7,1,5,4
Ian Holm,2020,2020-06-19,76000,1400,Other,Low,8,2,6,4
MIU404,2020,2020-07-24,76000,1401,Other,Low,6,1,7,4
MUNCHE,2020,2020-07-19,76000,1402,Other,Low,6,1,7,6
BTS2ndNo1OnHot100,2020,2020-09-08,76000,1403,Entertainment,Low,17,1,9,1
あなたがポケモンになると何タイプ,2020,2020-09-25,76000,1404,Other,Low,16,1,9,4
RemembranceDay,2020,2020-11-11,76000,1405,Other,Low,14,1,11,2
SUHO_IS_COMING,2020,2020-02-19,75000,1406,Other,Low,14,1,2,2
アニサマ,2020,2020-03-21,75000,1407,Other,Low,4,1,3,5
1deMayo,2020,2020-05-01,75000,1408,Other,Low,7,1,5,4
BB2020Tvi,2020,2020-05-18,75000,1409,Other,Low,9,1,5,0
TheMATTER,2020,2020-05-28,75000,1410,Other,Low,9,1,5,3
Lawrence,2020,2020-06-15,75000,1411,Other,Low,8,1,6,0
BHAMUN,2020,2020-06-30,75000,1412,Other,Low,6,1,6,1
Regis,2020,2020-07-25,75000,1413,Other,Low,5,1,7,5
Rodrigo Rodrigues,2020,2020-07-28,75000,1414,Other,Low,17,2,7,1
Auba,2020,2020-08-01,75000,1415,Other,Low,4,1,8,5
Travis,2020,2020-10-07,75000,1416,Other,Low,6,1,10,2
Andy Burnham,2020,2020-10-20,75000,1417,Other,Low,12,2,10,1
WizKidLiveYT,2020,2020-11-19,75000,1418,Other,Low,12,1,11,3
NationalChampionship,2020,2020-01-14,74000,1419,Sports,Low,20,1,1,1
YHLQMDLG,2020,2020-02-29,74000,1420,Other,Low,8,1,2,5
somostodosgabrielmonteiro,2020,2020-03-05,74000,1421,Other,Low,25,1,3,3
ModiVideoMessage,2020,2020-04-03,74000,1422,Politics,Low,16,1,4,4
Marcos,2020,2020-05-04,74000,1423,Other,Low,6,1,5,0
RegresoSeguroEdomex,2020,2020-06-27,74000,1424,Politics,Low,19,1,6,5
MUFC,2020,2020-06-27,74000,1425,Sports,Low,4,1,6,5
UFC252,2020,2020-08-16,74000,1426,Sports,Low,6,1,8,6
FestaAFazenda,2020,2020-10-04,74000,1427,Other,Low,13,1,10,6
ChickenTrump,2020,2020-10-08,74000,1428,Politics,Low,12,1,10,3
KadıköydeKaraGece,2020,2020-12-23,74000,1429,Other,Low,17,1,12,2
kuizyお絵描き診断,2020,2020-07-26,73000,1430,Other,Low,11,1,7,6
みんなで欅,2020,2020-05-29,73000,1431,Other,Low,5,1,5,4
SEVENTEEN_LeftnRight,2020,2020-06-22,73000,1432,Other,Low,20,1,6,0
ayt2020,2020,2020-06-28,73000,1433,Other,Low,7,1,6,6
CemalYaz1890aYolla,2020,2020-07-13,73000,1434,Other,Low,18,1,7,0
ILAND_EP4,2020,2020-07-17,73000,1435,Other,Low,9,1,7,4
AEWFullGear,2020,2020-11-08,73000,1436,Other,Low,11,1,11,6
Lamar,2020,2020-01-12,72000,1437,Other,Low,5,1,1,6
النصر_ضمك,2020,2020-01-30,72000,1438,Sports,Low,9,1,1,3
GFRIENDhasARRIVED,2020,2020-02-03,72000,1439,Other,Low,17,1,2,0
النصر_الرايد_دوري_المحترفين,2020,2020-03-11,72000,1440,Sports,Low,27,1,3,2
Bandra,2020,2020-04-14,72000,1441,Other,Low,6,1,4,1
lovelive,2020,2020-04-29,72000,1442,Other,Low,8,1,4,2
常闇トワ3D,2020,2020-07-26,72000,1443,Other,Low,6,1,7,6
尾丸ポルカ初配信,2020,2020-08-16,72000,1444,Other,Low,8,1,8,6
Mitchell,2020,2020-09-02,72000,1445,Other,Low,8,1,9,2
Terry Jones,2020,2020-01-22,71000,1446,Other,Low,11,2,1,2
てごプン,2020,2020-03-15,71000,1447,Other,Low,4,1,3,6
coranaturkiye,2020,2020-03-15,71000,1448,Other,Low,13,1,3,6
raiders,2020,2020-04-24,71000,1449,Other,Low,7,1,4,4
Weintraub,2020,2020-05-22,71000,1450,Other,Low,9,1,5,4
Saka,2020,2020-07-07,71000,1451,Other,Low,4,1,7,1
MOON BY JIN,2020,2020-07-25,71000,1452,Other,Low,11,3,7,5
ゼルダ無双,2020,2020-09-08,71000,1453,Other,Low,5,1,9,1
ViernesSanto,2020,2020-04-10,70000,1454,Other,Low,12,1,4,4
cyrilramaphosa,2020,2020-04-21,70000,1455,Other,Low,14,1,4,1
JeMBrahmaLive,2020,2020-05-02,70000,1456,Other,Low,13,1,5,5
حسن_حسني,2020,2020-05-30,70000,1457,Other,Low,8,1,5,5
BangBangConTheLive,2020,2020-06-14,70000,1458,Other,Low,18,1,6,6
ゴジラ,2020,2020-06-20,70000,1459,Other,Low,3,1,6,5
七夕の願い事,2020,2020-07-07,70000,1460,Other,Low,6,1,7,1
MTVBTS,2020,2020-10-17,70000,1461,Entertainment,Low,6,1,10,5
Chiefs,2020,2020-10-20,70000,1462,Sports,Low,6,1,10,1
RoomOfMystery,2020,2020-01-27,69000,1463,Other,Low,13,1,1,0
Tatum,2020,2020-02-24,69000,1464,Other,Low,5,1,2,0
GoAllOutForX1,2020,2020-02-22,69000,1465,Sports,Low,13,1,2,5
EvdeKalDemesiKolay,2020,2020-03-26,69000,1466,Other,Low,18,1,3,3
GeceyebirErdoğanSelamı,2020,2020-05-09,69000,1467,Other,Low,22,1,5,5
19MAYIS1919,2020,2020-05-19,69000,1468,Other,Low,11,1,5,1
فاران,2020,2020-08-07,69000,1469,Other,Low,5,1,8,4
日本中にShineALight,2020,2020-12-02,69000,1470,Other,Low,15,1,12,2
Abascal,2020,2020-01-04,68000,1471,Other,Low,7,1,1,5
يزيد_الراجحي_ماقصرت,2020,2020-01-18,68000,1472,Other,Low,19,1,1,5
Coronvirus,2020,2020-03-05,68000,1473,Social,Low,10,1,3,3
ラブライブFMT決勝戦上映会,2020,2020-03-08,68000,1474,Other,Low,14,1,3,6
Vefasosyaldestekgrubu,2020,2020-05-14,68000,1475,Other,Low,21,1,5,3
DiaMundialDelMedioAmbiente,2020,2020-06-05,68000,1476,Other,Low,26,1,6,4
Gerson,2020,2020-07-02,68000,1477,Other,Low,6,1,7,3
HeWentToJared,2020,2020-07-02,68000,1478,Other,Low,13,1,7,3
افنان_الباتل,2020,2020-07-07,68000,1479,Other,Low,12,1,7,1
Watford,2020,2020-07-26,68000,1480,Other,Low,7,1,7,6
INCEPTION1stWin,2020,2020-08-04,68000,1481,Other,Low,15,1,8,1
極主夫道,2020,2020-10-11,68000,1482,Other,Low,4,1,10,6
النصر_الاتفاق_دوري_المحترفين,2020,2020-12-07,68000,1483,Sports,Low,28,1,12,0
TrumpsRemovalTrial,2020,2020-01-21,67000,1484,Politics,Low,18,1,1,1
ThankYouPresidentTrump,2020,2020-03-21,67000,1485,Politics,Low,22,1,3,5
Jeudy,2020,2020-04-24,67000,1486,Other,Low,5,1,4,4
手越会見,2020,2020-06-23,67000,1487,Other,Low,4,1,6,1
Warriors,2020,2020-08-21,67000,1488,Politics,Low,8,1,8,4
Browns,2020,2020-10-04,67000,1489,Other,Low,6,1,10,6
HOME_RUN4thWin,2020,2020-11-01,67000,1490,Other,Low,14,1,11,6
GetWellSoonHaechan,2020,2020-01-04,66000,1491,Other,Low,18,1,1,5
二十歳の自分に言っても信じないこと,2020,2020-01-13,66000,1492,Other,Low,17,1,1,0
Wes Anderson,2020,2020-02-12,66000,1493,Other,Low,12,2,2,2
CROWN100M,2020,2020-02-15,66000,1494,Other,Low,9,1,2,5
Betis,2020,2020-03-09,66000,1495,Other,Low,5,1,3,0
魔女宅,2020,2020-03-27,66000,1496,Other,Low,3,1,3,4
sokagacikma,2020,2020-04-11,66000,1497,Other,Low,11,1,4,5
PERCY JACKSON,2020,2020-05-14,66000,1498,Other,Low,13,2,5,3
iyibayramlar,2020,2020-05-24,66000,1499,Other,Low,12,1,5,6
Lady G,2020,2020-06-06,66000,1500,Other,Low,6,2,6,5
HappyBirthdayRahulGandhi,2020,2020-06-19,66000,1501,Other,Low,24,1,6,4
Min Min,2020,2020-06-22,66000,1502,Other,Low,7,2,6,0
AEWAllOut,2020,2020-09-06,66000,1503,Other,Low,9,1,9,6
金スマ,2020,2020-11-20,66000,1504,Other,Low,3,1,11,4
三枝明那3D,2020,2020-12-25,66000,1505,Other,Low,6,1,12,4
Manu Gavassi,2020,2020-01-19,65000,1506,Other,Low,12,2,1,6
OTDirecto23E,2020,2020-01-23,65000,1507,Other,Low,12,1,1,3
OTDirecto27E,2020,2020-01-27,65000,1508,Other,Low,12,1,1,0
pandemia,2020,2020-03-11,65000,1509,Other,Low,8,1,3,2
DNA1BParty,2020,2020-05-31,65000,1510,Other,Low,10,1,5,6
combi,2020,2020-08-04,65000,1511,Other,Low,5,1,8,1
Bielsa,2020,2020-09-12,65000,1512,Other,Low,6,1,9,5
ItIsNotFinished,2020,2020-10-23,65000,1513,Other,Low,15,1,10,4
EVERYTHING WILL BE OKAY LISA,2020,2020-10-25,65000,1514,Other,Low,28,5,10,6
ラブライブANN,2020,2020-07-24,64000,1515,Other,Low,8,1,7,4
SVGala1,2020,2020-02-21,64000,1516,Other,Low,7,1,2,4
StayTheFHome,2020,2020-03-15,64000,1517,Other,Low,12,1,3,6
Pats,2020,2020-03-17,64000,1518,Other,Low,4,1,3,1
志村けん追悼番組,2020,2020-04-01,64000,1519,Other,Low,8,1,4,2
MoneyHeist4,2020,2020-04-03,64000,1520,Other,Low,11,1,4,4
LiveMorada,2020,2020-04-18,64000,1521,Other,Low,10,1,4,5
フォースと共にあらんことを,2020,2020-05-04,64000,1522,Other,Low,13,1,5,0
Porto,2020,2020-06-03,64000,1523,Other,Low,5,1,6,2
AllStars5,2020,2020-07-25,64000,1524,Other,Low,9,1,7,5
ByeDonJr,2020,2020-07-14,64000,1525,Other,Low,8,1,7,1
Chivas,2020,2020-07-17,64000,1526,Other,Low,6,1,7,4
Rest in Power,2020,2020-07-18,64000,1527,Other,Low,13,3,7,5
benimöğretmenim,2020,2020-11-24,64000,1528,Other,Low,15,1,11,1
AvenidaBrasil,2020,2020-04-15,63000,1529,Other,Low,13,1,4,2
인피니트_10주년_우리는_네버엔딩,2020,2020-06-08,63000,1530,Other,Low,18,1,6,0
AfterWeCollidedMovie,2020,2020-07-27,63000,1531,Entertainment,Low,20,1,7,0
EngineersDay,2020,2020-09-15,63000,1532,Other,Low,12,1,9,1
ChileanLivesMatter,2020,2020-11-19,63000,1533,Other,Low,18,1,11,3
戌亥とこ1stソロライブ,2020,2020-12-10,63000,1534,Other,Low,12,1,12,3
ジュマンジ,2020,2020-01-10,62000,1535,Other,Low,5,1,1,4
LeftBehindJNUViolence,2020,2020-01-10,62000,1536,Other,Low,21,1,1,4
Bahcesaray,2020,2020-02-05,62000,1537,Other,Low,10,1,2,2
FelizSanValentin,2020,2020-02-14,62000,1538,Other,Low,16,1,2,4
Leafs,2020,2020-02-23,62000,1539,Other,Low,5,1,2,6
ON4thWin,2020,2020-03-04,62000,1540,Other,Low,8,1,3,2
New England,2020,2020-03-17,62000,1541,Other,Low,11,2,3,1
CoronaCrisis,2020,2020-03-20,62000,1542,Social,Low,12,1,3,4
赤井さん,2020,2020-04-10,62000,1543,Other,Low,4,1,4,4
Felices Pascuas,2020,2020-04-12,62000,1544,Other,Low,15,2,4,6
ÇocukİstismarınınAffıOlmaz,2020,2020-04-14,62000,1545,Other,Low,26,1,4,1
BolsonaroReeleito,2020,2020-05-22,62000,1546,Politics,Low,17,1,5,4
てづくり39day2,2020,2020-05-24,62000,1547,Other,Low,10,1,5,6
BlakeLivesMatter,2020,2020-06-01,62000,1548,Other,Low,16,1,6,0
BlackLiveMattters,2020,2020-06-02,62000,1549,Other,Low,17,1,6,1
28YearsWithSelena,2020,2020-07-22,62000,1550,Entertainment,Low,17,1,7,2
Gabigol,2020,2020-08-23,62000,1551,Other,Low,7,1,8,6
La Liga,2020,2020-08-30,62000,1552,Sports,Low,7,2,8,6
Turco,2020,2020-12-07,62000,1553,Other,Low,5,1,12,0
Ali Koç,2020,2020-01-12,61000,1554,Other,Low,7,2,1,6
CoronaVirusSA,2020,2020-03-05,61000,1555,Social,Low,13,1,3,3
RodaViva,2020,2020-03-31,61000,1556,Other,Low,8,1,3,1
CambioDeGabinete,2020,2020-07-28,61000,1557,Other,Low,16,1,7,1
GobiernoQueNoSeDetiene,2020,2020-10-21,61000,1558,Other,Low,22,1,10,2
Colts,2020,2020-11-13,61000,1559,Other,Low,5,1,11,4
ヒプアニ最終話直前アベマからの贈り物,2020,2020-12-24,61000,1560,Other,Low,18,1,12,3
StillWithGOT7,2020,2020-01-31,60000,1561,Other,Low,13,1,1,4
DelhiRiots2020,2020,2020-02-26,60000,1562,Other,Low,14,1,2,2
Mourinho,2020,2020-03-11,60000,1563,Other,Low,8,1,3,2
UmredenKarantinaya,2020,2020-03-15,60000,1564,Other,Low,18,1,3,6
9बजे9मिनट,2020,2020-04-05,60000,1565,Other,Low,9,1,4,6
gabieuacreditoemvc,2020,2020-05-22,60000,1566,Other,Low,18,1,5,4
BlacklivesMaters,2020,2020-05-30,60000,1567,Other,Low,16,1,5,5
クロスプレイ,2020,2020-06-19,60000,1568,Other,Low,6,1,6,4
ランチの女王,2020,2020-09-27,60000,1569,Other,Low,6,1,9,6
WorldSeries,2020,2020-10-25,60000,1570,Entertainment,Low,11,1,10,6
Fury,2020,2020-12-13,60000,1571,Other,Low,4,1,12,6
Taeyeon1stDaesang,2020,2020-01-30,59000,1572,Other,Low,17,1,1,3
OurSONGshineDay,2020,2020-02-07,59000,1573,Other,Low,15,1,2,4
FriendsReunion,2020,2020-02-22,59000,1574,Other,Low,14,1,2,5
WhenCoronaVirusIsOver,2020,2020-03-29,59000,1575,Social,Low,21,1,3,6
再放送希望ドラマ,2020,2020-04-02,59000,1576,Other,Low,8,1,4,3
Cyberpunk2077,2020,2020-06-25,59000,1577,Technology,Low,13,1,6,3
Peter Green,2020,2020-07-25,59000,1578,Social,Low,11,2,7,5
NationalGirlfriendDay,2020,2020-08-01,59000,1579,Other,Low,21,1,8,5
CRカップ,2020,2020-11-01,59000,1580,Other,Low,5,1,11,6
MaskSinger3,2020,2020-11-19,59000,1581,Entertainment,Low,11,1,11,3
ÖğretmenlerGünü,2020,2020-11-24,59000,1582,Other,Low,15,1,11,1
LaIslaDeLasTentaciones1,2020,2020-01-10,58000,1583,Other,Low,23,1,1,4
ForaBocaRosa,2020,2020-02-03,58000,1584,Other,Low,12,1,2,0
atakankayalar,2020,2020-02-21,58000,1585,Other,Low,13,1,2,4
Aqours1st上映会,2020,2020-03-01,58000,1586,Other,Low,12,1,3,6
GSvBJK,2020,2020-03-15,58000,1587,Other,Low,6,1,3,6
Vanessa Hudgens,2020,2020-03-17,58000,1588,Other,Low,15,2,3,1
ForaPriorMachista,2020,2020-03-31,58000,1589,Other,Low,17,1,3,1
SNMPTN,2020,2020-04-08,58000,1590,Other,Low,6,1,4,2
Dilsinho,2020,2020-05-05,58000,1591,Other,Low,8,1,5,1
Dodô,2020,2020-04-21,58000,1592,Other,Low,4,1,4,1
Becky,2020,2020-05-12,58000,1593,Other,Low,5,1,5,1
ArrestAlkaLamba,2020,2020-05-25,58000,1594,Other,Low,15,1,5,0
DarkNetflix,2020,2020-05-26,58000,1595,Entertainment,Low,11,1,5,1
YksEylüldeYapılsın,2020,2020-05-26,58000,1596,Other,Low,18,1,5,1
Mallorca,2020,2020-06-13,58000,1597,Other,Low,8,1,6,5
AllBirthdaysMatter,2020,2020-06-14,58000,1598,Other,Low,18,1,6,6
McMuffin,2020,2020-06-17,58000,1599,Other,Low,8,1,6,2
Henry Cavill,2020,2020-07-16,58000,1600,Other,Low,12,2,7,3
10milliondreams,2020,2020-09-16,58000,1601,Other,Low,15,1,9,2
Crawford,2020,2020-11-15,58000,1602,Other,Low,8,1,11,6
AEWDynamite,2020,2020-05-28,57000,1603,Other,Low,11,1,5,3
PokemonDirect,2020,2020-01-09,57000,1604,Other,Low,13,1,1,3
MerayPaasTumHo,2020,2020-01-25,57000,1605,Other,Low,14,1,1,5
LakeShow,2020,2020-10-07,57000,1606,Other,Low,8,1,10,2
1 Nisan,2020,2020-04-01,57000,1607,Other,Low,7,2,4,2
Frank Ocean,2020,2020-04-03,57000,1608,Other,Low,11,2,4,4
SanghiTwitter,2020,2020-04-06,57000,1609,Technology,Low,13,1,4,0
BolsonaroHeroi,2020,2020-04-29,57000,1610,Politics,Low,14,1,4,2
AmitabhBachchan,2020,2020-07-11,57000,1611,Other,Low,15,1,7,5
Sarri,2020,2020-08-07,57000,1612,Other,Low,5,1,8,4
INTZ,2020,2020-09-06,57000,1613,Other,Low,4,1,9,6
prfmPOPFes,2020,2020-09-21,57000,1614,Other,Low,10,1,9,0
Atamİzindeyiz,2020,2020-11-10,57000,1615,Other,Low,13,1,11,1
박지민_소중해,2020,2020-02-05,56000,1616,Other,Low,7,1,2,2
DuqueInepto,2020,2020-03-19,56000,1617,Other,Low,11,1,3,3
Thelminhalider,2020,2020-03-21,56000,1618,Other,Low,14,1,3,5
Ivy e Daniel,2020,2020-03-23,56000,1619,Other,Low,12,3,3,0
DAY6_Zombie,2020,2020-04-29,56000,1620,Other,Low,11,1,4,2
みどりの日なので緑色の画像を貼る,2020,2020-05-04,56000,1621,Other,Low,16,1,5,0
愛犬の日,2020,2020-05-13,56000,1622,Other,Low,4,1,5,2
MondayMotivation,2020,2020-09-14,56000,1623,Other,Low,16,1,9,0
未満警察,2020,2020-08-15,56000,1624,Other,Low,4,1,8,5
RBDisBack,2020,2020-09-04,56000,1625,Other,Low,9,1,9,4
MexicoLibreNoVa,2020,2020-09-05,56000,1626,Other,Low,15,1,9,5
원앤온리_김한빈_생일축하해,2020,2020-10-21,56000,1627,Other,Low,14,1,10,2
MaskSingerEstreno,2020,2020-11-05,56000,1628,Entertainment,Low,17,1,11,3
日本シリーズ,2020,2020-11-25,56000,1629,Other,Low,6,1,11,2
MarkTuan_OuttaMyHead,2020,2020-01-11,55000,1630,Other,Low,20,1,1,5
BAFTAs,2020,2020-02-02,55000,1631,Other,Low,6,1,2,6
AltasHoras,2020,2020-02-09,55000,1632,Other,Low,10,1,2,6
TdelDescuentoGala5,2020,2020-02-10,55000,1633,Other,Low,18,1,2,0
West Ham,2020,2020-02-24,55000,1634,Other,Low,8,2,2,0
Papa Mochi,2020,2020-06-09,55000,1635,Entertainment,Low,10,2,6,1
Kavanaugh,2020,2020-06-15,55000,1636,Other,Low,9,1,6,0
GNCD_ONE_0623,2020,2020-06-22,55000,1637,Other,Low,13,1,6,0
MOBA,2020,2020-06-24,55000,1638,Other,Low,4,1,6,2
AyasofyaCamidir,2020,2020-07-08,55000,1639,Other,Low,15,1,7,2
5AğustosPsikolojiŞenliği,2020,2020-08-05,55000,1640,Other,Low,24,1,8,2
AustrianGP,2020,2020-08-16,55000,1641,Other,Low,10,1,8,6
UFC253,2020,2020-09-27,55000,1642,Sports,Low,6,1,9,6
SoloistHanbinBirthday,2020,2020-10-21,55000,1643,Other,Low,21,1,10,2
嵐の日,2020,2020-11-03,55000,1644,Other,Low,3,1,11,1
KinKi,2020,2020-12-21,55000,1645,Other,Low,5,1,12,0
乃木坂工事中,2020,2020-11-15,54000,1646,Other,Low,6,1,11,6
ESMAD,2020,2020-01-17,54000,1647,Other,Low,5,1,1,4
Greece,2020,2020-01-30,54000,1648,Other,Low,6,1,1,3
Smackdown,2020,2020-02-29,54000,1649,Other,Low,9,1,2,5
CHELIV,2020,2020-03-03,54000,1650,Other,Low,6,1,3,1
TREASURE_DEBUT_ON_JULY,2020,2020-05-12,54000,1651,Other,Low,22,1,5,1
ersin,2020,2020-05-12,54000,1652,Other,Low,5,1,5,1
CensurarMatarifeEs,2020,2020-07-25,54000,1653,Other,Low,18,1,7,5
COYG,2020,2020-08-01,54000,1654,Other,Low,4,1,8,5
ボンゴレリング,2020,2020-08-04,54000,1655,Other,Low,7,1,8,1
青汁砲ライブ配信,2020,2020-09-24,54000,1656,Other,Low,8,1,9,3
b1811,2020,2020-11-18,54000,1657,Other,Low,5,1,11,2
ドラえもん,2020,2020-11-20,54000,1658,Other,Low,5,1,11,4
Sarıkamış,2020,2020-12-22,54000,1659,Other,Low,9,1,12,1
DragRace,2020,2020-05-16,53000,1660,Other,Low,8,1,5,5
كشخه_العيد,2020,2020-05-24,53000,1661,Other,Low,10,1,5,6
SCOTUS,2020,2020-06-15,53000,1662,Politics,Low,6,1,6,0
ミェンミェン,2020,2020-06-22,53000,1663,Other,Low,6,1,6,0
MUNSOU,2020,2020-07-13,53000,1664,Other,Low,6,1,7,0
Jhene,2020,2020-07-17,53000,1665,Other,Low,5,1,7,4
UFCFightIsland2,2020,2020-07-19,53000,1666,Sports,Low,15,1,7,6
hwasa,2020,2020-07-25,53000,1667,Other,Low,5,1,7,5
Cebolinha,2020,2020-08-06,53000,1668,Other,Low,9,1,8,3
Nets,2020,2020-08-14,53000,1669,Other,Low,4,1,8,4
Wentz,2020,2020-12-01,53000,1670,Other,Low,5,1,12,1
3AralıkDünyaEngellilerGünü,2020,2020-12-03,53000,1671,Other,Low,26,1,12,3
WW84,2020,2020-12-26,53000,1672,Other,Low,4,1,12,5
Wisconsin,2020,2020-01-02,52000,1673,Politics,Low,9,1,1,3
チョコボックス,2020,2020-02-13,52000,1674,Other,Low,7,1,2,3
좋은_날이_앞으로_많기를,2020,2020-02-28,52000,1675,Other,Low,13,1,2,4
Cesar2020,2020,2020-02-28,52000,1676,Other,Low,9,1,2,4
kolonya,2020,2020-03-11,52000,1677,Other,Low,7,1,3,2
HTGAWM,2020,2020-05-08,52000,1678,Other,Low,6,1,5,4
YEJIfor24hrs,2020,2020-05-25,52000,1679,Other,Low,12,1,5,0
色の見え方,2020,2020-06-08,52000,1680,Other,Low,5,1,6,0
TrumpsCoronavirusRally,2020,2020-06-20,52000,1681,Politics,Low,22,1,6,5
虹プロ,2020,2020-06-25,52000,1682,Other,Low,3,1,6,3
Shea,2020,2020-07-25,52000,1683,Other,Low,4,1,7,5
TodosContraLucianoHuck,2020,2020-07-29,52000,1684,Politics,Low,22,1,7,2
ヤバT生配信,2020,2020-07-29,52000,1685,Other,Low,6,1,7,2
HappyFriendshipDay2020,2020,2020-08-02,52000,1686,Other,Low,22,1,8,6
SpanishGP,2020,2020-08-15,52000,1687,Other,Low,9,1,8,5
ななにー,2020,2020-11-01,52000,1688,Other,Low,4,1,11,6
Keke,2020,2020-11-09,52000,1689,Other,Low,4,1,11,0
HappyNew2020,2020,2020-01-01,51000,1690,Other,Low,12,1,1,2
LIVBOU,2020,2020-03-07,51000,1691,Other,Low,6,1,3,5
clapforkeyworkers,2020,2020-04-02,51000,1692,Other,Low,17,1,4,3
FireflyFunhouse,2020,2020-04-06,51000,1693,Other,Low,15,1,4,0
رامز,2020,2020-04-24,51000,1694,Other,Low,4,1,4,4
Simaria,2020,2020-04-25,51000,1695,Other,Low,7,1,4,5
BTTF2,2020,2020-06-19,51000,1696,Other,Low,5,1,6,4
Tammy,2020,2020-07-11,51000,1697,Other,Low,5,1,7,5
シブヤノオト,2020,2020-10-10,51000,1698,Other,Low,6,1,10,5
ショーン・コネリー,2020,2020-10-31,51000,1699,Other,Low,9,1,10,5
StartUpEp10,2020,2020-11-15,51000,1700,Technology,Low,11,1,11,6
ChileEsLatam,2020,2020-11-19,51000,1701,Other,Low,12,1,11,3
큰성공_얼굴등록_폐지해,2020,2020-01-16,50000,1702,Other,Low,12,1,1,3
ترمب_يغلق_تويتر,2020,2020-05-28,50000,1703,Other,Low,15,1,5,3
BlueFlu,2020,2020-06-18,50000,1704,Other,Low,7,1,6,3
DIET_PeakboyxWheein,2020,2020-08-18,50000,1705,Other,Low,19,1,8,1
芸能界,2020,2020-09-27,50000,1706,Other,Low,3,1,9,6
恋あた,2020,2020-10-20,50000,1707,Other,Low,3,1,10,1
GoldenIsComing,2020,2020-10-25,50000,1708,Other,Low,14,1,10,6
WeLoveYouTaehyung,2020,2020-12-12,50000,1709,Other,Low,17,1,12,5
イデア・シュラウド誕生祭2020,2020,2020-12-17,50000,1710,Other,Low,16,1,12,3
Oregon,2020,2020-01-02,49000,1711,Other,Low,6,1,1,3
HappyBirthdayZayn,2020,2020-01-12,49000,1712,Other,Low,17,1,1,6
HappinessForHanbin,2020,2020-03-10,49000,1713,Other,Low,18,1,3,1
estadodealarma,2020,2020-03-13,49000,1714,Other,Low,14,1,3,4
vaka1872,2020,2020-03-25,49000,1715,Other,Low,8,1,3,2
GOT7_COMEBACK,2020,2020-04-02,49000,1716,Other,Low,13,1,4,3
シンソウ坂上新型コロナ,2020,2020-04-09,49000,1717,Other,Low,11,1,4,3
EkremeZırnıkYok,2020,2020-04-15,49000,1718,Other,Low,15,1,4,2
SkolNaLiveWsSunset,2020,2020-05-18,49000,1719,Other,Low,18,1,5,0
mansuryavasistifa,2020,2020-05-18,49000,1720,Other,Low,17,1,5,0
ferrugem,2020,2020-05-22,49000,1721,Other,Low,8,1,5,4
GloboReporter,2020,2020-06-06,49000,1722,Other,Low,13,1,6,5
AIDS,2020,2020-06-16,49000,1723,Other,Low,4,1,6,1
Pablo Alborán,2020,2020-06-17,49000,1724,Other,Low,13,2,6,2
redtabletalk,2020,2020-07-11,49000,1725,Other,Low,12,1,7,5
Mythbusters,2020,2020-07-14,49000,1726,Other,Low,11,1,7,1
ساعه_استجابه,2020,2020-07-17,49000,1727,Other,Low,12,1,7,4
Ribamar,2020,2020-09-03,49000,1728,Other,Low,7,1,9,3
FRACRO,2020,2020-09-08,49000,1729,Other,Low,6,1,9,1
chris evans,2020,2020-09-12,49000,1730,Other,Low,11,2,9,5
Rams,2020,2020-09-14,49000,1731,Other,Low,4,1,9,0
Jamal Murray,2020,2020-09-23,49000,1732,Other,Low,12,2,9,2
WeLoveYouJin,2020,2020-02-23,48000,1733,Other,Low,12,1,2,6
WWEChamber,2020,2020-03-09,48000,1734,Sports,Low,10,1,3,0
CuarentenaCoronavirus,2020,2020-03-16,48000,1735,Social,Low,21,1,3,0
우리의영웅_곽아론_생일축하해,2020,2020-05-20,48000,1736,Other,Low,15,1,5,2
逃げ恥,2020,2020-05-26,48000,1737,Other,Low,3,1,5,1
ösym,2020,2020-06-15,48000,1738,Other,Low,4,1,6,0
TAEIL,2020,2020-06-22,48000,1739,Other,Low,5,1,6,0
KTH1iscoming,2020,2020-07-01,48000,1740,Other,Low,12,1,7,2
Kuzma,2020,2020-08-11,48000,1741,Other,Low,5,1,8,1
AOHARU,2020,2020-11-21,48000,1742,Other,Low,6,1,11,5
シンデレラガール,2020,2020-11-23,48000,1743,Other,Low,8,1,11,0
Tom Cruise,2020,2020-12-16,48000,1744,Other,Low,10,2,12,2
coronovirus,2020,2020-01-23,47000,1745,Social,Low,11,1,1,3
okullartatil,2020,2020-03-12,47000,1746,Other,Low,12,1,3,3
CDTV卒業ソング音楽祭2020,2020,2020-03-16,47000,1747,Other,Low,16,1,3,0
vaka98,2020,2020-03-17,47000,1748,Other,Low,6,1,3,1
실트반영,2020,2020-03-24,47000,1749,Other,Low,4,1,3,1
クドカン,2020,2020-03-31,47000,1750,Other,Low,4,1,3,1
Alexandre Pires,2020,2020-04-18,47000,1751,Other,Low,15,2,4,5
Khabib,2020,2020-05-10,47000,1752,Other,Low,6,1,5,6
Kadirgecesi,2020,2020-05-19,47000,1753,Other,Low,11,1,5,1
Gorsuch,2020,2020-06-15,47000,1754,Other,Low,7,1,6,0
Slammiversary,2020,2020-07-19,47000,1755,Other,Low,13,1,7,6
Steelers,2020,2020-10-25,47000,1756,Other,Low,8,1,10,6
Crivella,2020,2020-11-28,47000,1757,Other,Low,8,1,11,5
weeeek,2020,2020-12-02,47000,1758,Other,Low,6,1,12,2
Tommaso,2020,2020-12-15,47000,1759,Other,Low,7,1,12,1
ILikeBernie,2020,2020-01-21,46000,1760,Other,Low,11,1,1,1
INcredibleMaknaeDay,2020,2020-02-07,46000,1761,Other,Low,19,1,2,4
النصر_الشباب,2020,2020-02-14,46000,1762,Sports,Low,12,1,2,4
BREAK THE SILENCE,2020,2020-03-10,46000,1763,Other,Low,17,3,3,1
Foles,2020,2020-03-18,46000,1764,Other,Low,5,1,3,2
SonDurumum,2020,2020-03-19,46000,1765,Other,Low,10,1,3,3
NationalPuppyDay,2020,2020-03-23,46000,1766,Other,Low,16,1,3,0
志村けん,2020,2020-03-25,46000,1767,Other,Low,4,1,3,2
القبض_علي_هاني_حلواني,2020,2020-04-07,46000,1768,Other,Low,21,1,4,1
HDPHalktırHalkBurada,2020,2020-05-12,46000,1769,Other,Low,20,1,5,1
Foden,2020,2020-07-02,46000,1770,Other,Low,5,1,7,3
vikasDubeyEncounter,2020,2020-07-10,46000,1771,Other,Low,19,1,7,4
NationalCoffeeDay,2020,2020-09-29,46000,1772,Other,Low,17,1,9,1
CIX_IN_JUNGLE,2020,2020-10-27,46000,1773,Other,Low,13,1,10,1
ilcollegio,2020,2020-12-02,46000,1774,Other,Low,10,1,12,2
RocaAFazenda,2020,2020-12-12,46000,1775,Other,Low,12,1,12,5
Xhaka,2020,2020-12-26,46000,1776,Other,Low,5,1,12,5
BirdsOfPrey,2020,2020-01-09,45000,1777,Other,Low,11,1,1,3
monstaxworldtour2020,2020,2020-01-14,45000,1778,Entertainment,Low,20,1,1,1
ElCacas,2020,2020-02-11,45000,1779,Other,Low,7,1,2,1
हर_हर_महादेव,2020,2020-02-21,45000,1780,Other,Low,12,1,2,4
AfterDoDennis,2020,2020-04-05,45000,1781,Other,Low,13,1,4,6
HappyShoseiDay,2020,2020-04-12,45000,1782,Holiday,Low,14,1,4,6
شكرا_وزير_التعليم,2020,2020-04-16,45000,1783,Other,Low,17,1,4,3
livedonegoveio,2020,2020-04-18,45000,1784,Other,Low,14,1,4,5
LastDance,2020,2020-04-20,45000,1785,Other,Low,9,1,4,0
meteor,2020,2020-05-27,45000,1786,Other,Low,6,1,5,2
معيدين_مع_راشد_الماجد,2020,2020-05-27,45000,1787,Other,Low,21,1,5,2
Shake Shack,2020,2020-06-16,45000,1788,Technology,Low,11,2,6,1
星野源ANN,2020,2020-06-23,45000,1789,Other,Low,6,1,6,1
Depor,2020,2020-07-20,45000,1790,Other,Low,5,1,7,0
PorFin,2020,2020-08-04,45000,1791,Other,Low,6,1,8,1
打ち上げ花火,2020,2020-08-07,45000,1792,Other,Low,6,1,8,4
NationalVideoGamesDay,2020,2020-09-12,45000,1793,Entertainment,Low,21,1,9,5
senkimsin,2020,2020-10-20,45000,1794,Other,Low,9,1,10,1
Renê,2020,2020-10-29,45000,1795,Other,Low,4,1,10,3
全日本大学駅伝,2020,2020-11-01,45000,1796,Other,Low,7,1,11,6
みんな大好きV6最前,2020,2020-11-01,45000,1797,Other,Low,10,1,11,6
十万円のペイフォワード,2020,2020-11-05,45000,1798,Other,Low,11,1,11,3
marjorie,2020,2020-12-11,45000,1799,Other,Low,8,1,12,4
Tier 4,2020,2020-12-20,45000,1800,Other,Low,6,2,12,6
ガキ使,2020,2020-12-31,45000,1801,Other,Low,3,1,12,3
RaveDeFavela,2020,2020-02-15,44000,1802,Other,Low,12,1,2,5
HarryPotter,2020,2020-11-12,44000,1803,Other,Low,11,1,11,3
SokağaCıkmaYasağıSart,2020,2020-03-18,44000,1804,Other,Low,21,1,3,2
YSSB,2020,2020-03-29,44000,1805,Other,Low,4,1,3,6
DomingoDeRamos,2020,2020-04-05,44000,1806,Other,Low,14,1,4,6
CumGate,2020,2020-05-25,44000,1807,Other,Low,7,1,5,0
ごくせん2002特別編,2020,2020-06-03,44000,1808,Other,Low,11,1,6,2
サンリオキャラクター大賞,2020,2020-06-09,44000,1809,Other,Low,12,1,6,1
SinCienciaNoHayFuturo,2020,2020-06-17,44000,1810,Politics,Low,21,1,6,2
kpopstansareoverparty,2020,2020-08-06,44000,1811,Entertainment,Low,21,1,8,3
Astros,2020,2020-08-10,44000,1812,Other,Low,6,1,8,0
AlevelResults,2020,2020-08-13,44000,1813,Other,Low,13,1,8,3
AskJacksonWang,2020,2020-09-09,44000,1814,Other,Low,14,1,9,2
SobPressaoPlantaoCovid,2020,2020-10-07,44000,1815,Social,Low,22,1,10,2
HappyBirthdayHanbin,2020,2020-10-21,44000,1816,Other,Low,19,1,10,2
Darth Vader,2020,2020-11-29,44000,1817,Other,Low,11,2,11,6
Spence,2020,2020-12-06,44000,1818,Other,Low,6,1,12,6
ATEEZImmortalKings,2020,2020-12-19,44000,1819,Other,Low,18,1,12,5
ひなくり2020,2020,2020-12-24,44000,1820,Other,Low,8,1,12,3
Raiders,2020,2020-12-27,44000,1821,Other,Low,7,1,12,6
LiSA結婚,2020,2020-01-22,43000,1822,Other,Low,6,1,1,2
SB19_200KonIG,2020,2020-01-22,43000,1823,Other,Low,13,1,1,2
TSvFB,2020,2020-02-01,43000,1824,Other,Low,5,1,2,5
Amy Klobuchar,2020,2020-02-08,43000,1825,Other,Low,13,2,2,5
Giroud,2020,2020-07-26,43000,1826,Other,Low,6,1,7,6
LIVWHU,2020,2020-02-24,43000,1827,Other,Low,6,1,2,0
pechinoexpress,2020,2020-03-11,43000,1828,Other,Low,14,1,3,2
netflixadamol,2020,2020-04-08,43000,1829,Entertainment,Low,13,1,4,2
BeratKayaTutuklansın,2020,2020-05-04,43000,1830,Other,Low,20,1,5,0
TierraDeNadie13,2020,2020-05-19,43000,1831,Other,Low,15,1,5,1
Kauan,2020,2020-05-30,43000,1832,Other,Low,5,1,5,5
güldürgüldürizlemiyoruz,2020,2020-06-20,43000,1833,Other,Low,23,1,6,5
apjabdulkalam,2020,2020-07-27,43000,1834,Other,Low,13,1,7,0
Kamara,2020,2020-09-28,43000,1835,Other,Low,6,1,9,0
Dembele,2020,2020-09-29,43000,1836,Other,Low,7,1,9,1
JeffreeStarByeBills,2020,2020-10-01,43000,1837,Other,Low,19,1,10,3
AG6iscoming,2020,2020-10-14,43000,1838,Other,Low,11,1,10,2
Keyshia,2020,2020-12-05,43000,1839,Other,Low,7,1,12,5
LIVTOT,2020,2020-12-16,43000,1840,Other,Low,6,1,12,2
和楽器トラジャ,2020,2020-12-30,43000,1841,Other,Low,7,1,12,2
年齢がバレる色彩感覚テスト,2020,2020-01-13,42000,1842,Other,Low,13,1,1,0
KuralınaGöre,2020,2020-02-04,42000,1843,Other,Low,12,1,2,1
トイストーリー,2020,2020-03-13,42000,1844,Other,Low,7,1,3,4
منع_التجول,2020,2020-03-23,42000,1845,Other,Low,10,1,3,0
precure,2020,2020-03-29,42000,1846,Other,Low,7,1,3,6
vaka9217,2020,2020-03-29,42000,1847,Other,Low,8,1,3,6
우리의_청춘_시대는_엑소라고_부른다,2020,2020-04-07,42000,1848,Other,Low,19,1,4,1
Conte,2020,2020-04-10,42000,1849,Other,Low,5,1,4,4
ジャンヌ,2020,2020-04-25,42000,1850,Other,Low,4,1,4,5
ArgentinaSupportsTrump,2020,2020-06-01,42000,1851,Politics,Low,22,1,6,0
FreePride20,2020,2020-06-26,42000,1852,Social,Low,11,1,6,4
De Bruyne,2020,2020-07-02,42000,1853,Other,Low,9,2,7,3
Redskins,2020,2020-07-13,42000,1854,Other,Low,8,1,7,0
KitabınıSeç,2020,2020-08-01,42000,1855,Other,Low,11,1,8,5
RHOP,2020,2020-09-28,42000,1856,Other,Low,4,1,9,0
JIMINDAY,2020,2020-10-12,42000,1857,Other,Low,8,1,10,0
OfrendaEdomex,2020,2020-10-31,42000,1858,Other,Low,13,1,10,5
bbb2020,2020,2020-01-31,41000,1859,Other,Low,7,1,1,4
After Hours,2020,2020-02-19,41000,1860,Other,Low,11,2,2,2
SokağaÇıkmaTürkiye,2020,2020-03-22,41000,1861,Other,Low,18,1,3,6
DitaduraNuncaMais,2020,2020-03-31,41000,1862,Other,Low,17,1,3,1
vaka18135,2020,2020-04-02,41000,1863,Other,Low,9,1,4,3
okullaraçılınca,2020,2020-04-15,41000,1864,Other,Low,15,1,4,2
इरफान खान,2020,2020-04-29,41000,1865,Other,Low,9,2,4,2
TariqAziz,2020,2020-06-17,41000,1866,Other,Low,9,1,6,2
乃木坂46ANN,2020,2020-07-22,41000,1867,Other,Low,8,1,7,2
Lillard,2020,2020-08-14,41000,1868,Other,Low,7,1,8,4
DWTS,2020,2020-09-15,41000,1869,Other,Low,4,1,9,1
Haskins,2020,2020-12-28,41000,1870,Other,Low,7,1,12,0
CSKvsRCB,2020,2020-10-10,41000,1871,Other,Low,8,1,10,5
Zidane,2020,2020-10-21,41000,1872,Other,Low,6,1,10,2
Jeezy,2020,2020-11-15,41000,1873,Other,Low,5,1,11,6
なにわ魂day1,2020,2020-11-21,41000,1874,Other,Low,8,1,11,5
MOTM3,2020,2020-12-11,41000,1875,Other,Low,5,1,12,4
CNNisTrash,2020,2020-01-15,40000,1876,Other,Low,10,1,1,2
検査拒否,2020,2020-01-29,40000,1877,Other,Low,4,1,1,2
7ONAIR,2020,2020-02-25,40000,1878,Other,Low,6,1,2,1
バンドリ生_Day1,2020,2020-03-21,40000,1879,Other,Low,10,1,3,5
WeLoveLouis,2020,2020-03-29,40000,1880,Other,Low,11,1,3,6
DevletimizYanımızda,2020,2020-03-29,40000,1881,Other,Low,19,1,3,6
ravedogbremcasa,2020,2020-04-02,40000,1882,Other,Low,15,1,4,3
AmigosBrahmaLive,2020,2020-04-21,40000,1883,Other,Low,16,1,4,1
Amash,2020,2020-04-29,40000,1884,Other,Low,5,1,4,2
ミリオンLIVE一挙放送,2020,2020-05-30,40000,1885,Other,Low,12,1,5,5
DJ Loonyo,2020,2020-06-03,40000,1886,Other,Low,9,2,6,2
MostPerfectFaceJin,2020,2020-06-19,40000,1887,Other,Low,18,1,6,4
IncendioJaragua,2020,2020-06-22,40000,1888,Other,Low,15,1,6,0
岸くん,2020,2020-07-06,40000,1889,Other,Low,3,1,7,0
Denver,2020,2020-09-02,40000,1890,Other,Low,6,1,9,2
Rondo,2020,2020-09-23,40000,1891,Other,Low,5,1,9,2
NSMQFinals,2020,2020-10-08,40000,1892,Sports,Low,10,1,10,3
みんなでおかわりV6,2020,2020-11-13,40000,1893,Other,Low,10,1,11,4
UFC255,2020,2020-11-22,40000,1894,Sports,Low,6,1,11,6
バンナムフェス,2020,2020-11-26,40000,1895,Other,Low,7,1,11,3
すこジャニ,2020,2020-12-12,40000,1896,Other,Low,5,1,12,5
قاسم_سليماني,2020,2020-01-03,39000,1897,Other,Low,12,1,1,4
Psycho2ndWin,2020,2020-01-04,39000,1898,Other,Low,12,1,1,5
TheVoiceKids,2020,2020-01-05,39000,1899,Other,Low,12,1,1,6
YansınSuriyeYıkılsınİdlib,2020,2020-02-10,39000,1900,Other,Low,25,1,2,0
البنزين,2020,2020-02-16,39000,1901,Other,Low,7,1,2,6
PancakeDay,2020,2020-02-25,39000,1902,Other,Low,10,1,2,1
WWESSD,2020,2020-02-27,39000,1903,Sports,Low,6,1,2,3
キラメイジャー,2020,2020-03-15,39000,1904,Other,Low,7,1,3,6
ÖğrencineSahipÇıkTürkiye,2020,2020-03-25,39000,1905,Other,Low,24,1,3,2
Tory Lanez,2020,2020-04-01,39000,1906,Other,Low,10,2,4,2
JONASBROTHERSXV,2020,2020-05-15,39000,1907,Other,Low,15,1,5,4
Sergio Denis,2020,2020-05-15,39000,1908,Other,Low,12,2,5,4
DefendPressFreedom,2020,2020-06-15,39000,1909,Politics,Low,18,1,6,0
HappyTakumiDay,2020,2020-06-22,39000,1910,Other,Low,14,1,6,0
LIVAVL,2020,2020-07-05,39000,1911,Other,Low,6,1,7,6
ARSLEI,2020,2020-07-07,39000,1912,Other,Low,6,1,7,1
Kemba,2020,2020-09-04,39000,1913,Other,Low,5,1,9,4
Gostkowski,2020,2020-09-15,39000,1914,Other,Low,10,1,9,1
カネ恋,2020,2020-09-15,39000,1915,Other,Low,3,1,9,1
EdomexFuerte,2020,2020-09-29,39000,1916,Other,Low,12,1,9,1
12deOctubre,2020,2020-10-12,39000,1917,Other,Low,11,1,10,0
GayaSaPelikulaFinale,2020,2020-11-20,39000,1918,Other,Low,20,1,11,4
SixTONES_1ST,2020,2020-12-08,39000,1919,Other,Low,12,1,12,1
AnyoneIsComing,2020,2020-01-24,38000,1920,Other,Low,14,1,1,4
遅刻遅刻,2020,2020-01-30,38000,1921,Other,Low,4,1,1,3
Devin Booker,2020,2020-01-31,38000,1922,Other,Low,12,2,1,4
TentacionesDBTFinal2,2020,2020-02-19,38000,1923,Other,Low,20,1,2,2
恋はつづくよどこまでも,2020,2020-03-10,38000,1924,Other,Low,11,1,3,1
NOtoVIPTesting,2020,2020-03-22,38000,1925,Other,Low,14,1,3,6
NationalSuperheroDay,2020,2020-04-28,38000,1926,Other,Low,20,1,4,1
EuropeDay,2020,2020-05-09,38000,1927,Other,Low,9,1,5,5
BrasilComBolsonaro,2020,2020-06-03,38000,1928,Politics,Low,18,1,6,2
tiago iorc,2020,2020-06-13,38000,1929,Other,Low,10,2,6,5
BarcaAtleti,2020,2020-06-30,38000,1930,Sports,Low,11,1,6,1
ざーさん,2020,2020-07-08,38000,1931,Other,Low,4,1,7,2
緊急地震速報,2020,2020-07-08,38000,1932,Other,Low,6,1,7,2
TOTARS,2020,2020-07-12,38000,1933,Other,Low,6,1,7,6
矢澤にこ生誕祭2020,2020,2020-07-21,38000,1934,Other,Low,11,1,7,1
2ndDynamiteTeaser,2020,2020-08-12,38000,1935,Other,Low,17,1,8,2
FMSARGENTINA,2020,2020-08-30,38000,1936,Other,Low,12,1,8,6
BarisAtayYalnızDeğildir,2020,2020-08-31,38000,1937,Other,Low,23,1,8,0
DavisSantaCruz,2020,2020-11-01,38000,1938,Holiday,Low,14,1,11,6
Dearra,2020,2020-11-12,38000,1939,Other,Low,6,1,11,3
MissUniverseColombia,2020,2020-11-17,38000,1940,Politics,Low,20,1,11,1
まほやく合コン,2020,2020-11-23,38000,1941,Other,Low,7,1,11,0
わたしのアニメ歴3選,2020,2020-11-29,38000,1942,Other,Low,10,1,11,6
Bacurau,2020,2020-12-01,38000,1943,Other,Low,7,1,12,1
RoseBowl,2020,2020-01-02,37000,1944,Other,Low,8,1,1,3
鬼滅の刃キャラ診断,2020,2020-01-02,37000,1945,Other,Low,9,1,1,3
ForaPyong,2020,2020-03-02,37000,1946,Other,Low,9,1,3,0
كلنا_سلمان_كلنا_محمد,2020,2020-03-07,37000,1947,Other,Low,20,1,3,5
どこ出身かバレる発言,2020,2020-03-14,37000,1948,Other,Low,10,1,3,5
PayItForwardLIVE,2020,2020-03-27,37000,1949,Politics,Low,16,1,3,4
BuhariResign,2020,2020-03-28,37000,1950,Politics,Low,12,1,3,5
TrumpMeltdown,2020,2020-04-14,37000,1951,Politics,Low,13,1,4,1
CITWEndingTheChase,2020,2020-04-25,37000,1952,Other,Low,18,1,4,5
LiveLuisa,2020,2020-05-09,37000,1953,Other,Low,9,1,5,5
EmicidaLiveEmCasa,2020,2020-05-10,37000,1954,Other,Low,17,1,5,6
PMQs,2020,2020-05-13,37000,1955,Other,Low,4,1,5,2
Eight1stWin,2020,2020-05-17,37000,1956,Other,Low,11,1,5,6
bayram,2020,2020-05-23,37000,1957,Other,Low,6,1,5,5
BırakmamSeni,2020,2020-06-12,37000,1958,Other,Low,12,1,6,4
التحصيلي,2020,2020-07-11,37000,1959,Other,Low,8,1,7,5
StopSoros,2020,2020-08-12,37000,1960,Other,Low,9,1,8,2
September11,2020,2020-09-11,37000,1961,Other,Low,11,1,9,4
すとぷりラジオ,2020,2020-10-18,37000,1962,Other,Low,7,1,10,6
Ubisoft Montreal,2020,2020-11-13,37000,1963,Other,Low,16,2,11,4
SixTONES最叫,2020,2020-12-08,37000,1964,Other,Low,10,1,12,1
RareOutNow,2020,2020-01-10,36000,1965,Other,Low,10,1,1,4
レッド,2020,2020-01-15,36000,1966,Other,Low,3,1,1,2
pazartesi,2020,2020-03-30,36000,1967,Other,Low,9,1,3,0
Tranmere,2020,2020-01-26,36000,1968,Other,Low,8,1,1,6
LiSA元気歌,2020,2020-03-13,36000,1969,Other,Low,7,1,3,4
koronaturkiye,2020,2020-03-14,36000,1970,Other,Low,13,1,3,5
survivo2020,2020,2020-04-27,36000,1971,Other,Low,11,1,4,0
HaticeÇelik,2020,2020-06-08,36000,1972,Other,Low,11,1,6,0
كلمه_اخيره_لكورونا,2020,2020-06-20,36000,1973,Other,Low,18,1,6,5
Bubba Wallace,2020,2020-06-22,36000,1974,Other,Low,13,2,6,0
Splash Mountain,2020,2020-06-25,36000,1975,Other,Low,15,2,6,3
earthquake,2020,2020-07-30,36000,1976,Social,Low,10,1,7,3
Lampard,2020,2020-12-26,36000,1977,Other,Low,7,1,12,5
BG身辺警護人,2020,2020-07-30,36000,1978,Other,Low,7,1,7,3
WeLoveYouJimin,2020,2020-07-31,36000,1979,Other,Low,14,1,7,4
Danny Green,2020,2020-08-19,36000,1980,Social,Low,11,2,8,2
Cruzeiro,2020,2020-10-31,36000,1981,Other,Low,8,1,10,5
JNUViolence,2020,2020-01-05,35000,1982,Other,Low,11,1,1,6
SwanParty,2020,2020-01-21,35000,1983,Other,Low,9,1,1,1
アーチャー,2020,2020-02-01,35000,1984,Other,Low,5,1,2,5
توثيق_سناب_عزيز,2020,2020-02-08,35000,1985,Other,Low,15,1,2,5
LCDP4,2020,2020-03-05,35000,1986,Other,Low,5,1,3,3
SVGala3,2020,2020-03-06,35000,1987,Other,Low,7,1,3,4
TierraDeNadie3,2020,2020-03-11,35000,1988,Other,Low,14,1,3,2
David Johnson,2020,2020-03-16,35000,1989,Other,Low,13,2,3,0
CiroNoRodaViva,2020,2020-03-17,35000,1990,Other,Low,14,1,3,1
Akure,2020,2020-03-28,35000,1991,Other,Low,5,1,3,5
命守るために学校を一斉休校に,2020,2020-04-02,35000,1992,Other,Low,14,1,4,3
WorkshowLive,2020,2020-04-18,35000,1993,Other,Low,12,1,4,5
فحص_كورونا,2020,2020-04-30,35000,1994,Other,Low,10,1,4,3
ダイパリメイク,2020,2020-06-24,35000,1995,Other,Low,7,1,6,2
Lacalle Pou,2020,2020-07-15,35000,1996,Other,Low,11,2,7,2
susmabatman,2020,2020-07-16,35000,1997,Entertainment,Low,11,1,7,3
Anthony Davis,2020,2020-10-07,35000,1998,Other,Low,13,2,10,2
Dean Jones,2020,2020-09-24,35000,1999,Other,Low,10,2,9,3
ぴったんこカンカン,2020,2020-09-25,35000,2000,Other,Low,9,1,9,4
Bob Gibson,2020,2020-10-03,35000,2001,Other,Low,10,2,10,5
FRAUKR,2020,2020-10-07,35000,2002,Other,Low,6,1,10,2
GayaSaPelikulaEp06,2020,2020-10-30,35000,2003,Other,Low,18,1,10,4
ProvaDeFogo,2020,2020-11-17,35000,2004,Other,Low,11,1,11,1
リモラブ,2020,2020-11-18,35000,2005,Other,Low,4,1,11,2
bidenharis2020,2020,2020-11-07,35000,2006,Politics,Low,14,1,11,5
QUESTIONÁRIO PARA 2020,2020,2020-01-03,34000,2007,Other,Low,22,3,1,4
敵だったけど味方になる系で好きなキャラ,2020,2020-01-07,34000,2008,Other,Low,19,1,1,1
Goya2020,2020,2020-01-25,34000,2009,Other,Low,8,1,1,5
StrangerThings4,2020,2020-02-14,34000,2010,Other,Low,15,1,2,4
NBAAllStar2020,2020,2020-02-17,34000,2011,Sports,Low,14,1,2,0
ShivajiMaharaj,2020,2020-02-19,34000,2012,Other,Low,14,1,2,2
Flaco,2020,2020-02-28,34000,2013,Other,Low,5,1,2,4
디스패치_사과해,2020,2020-03-14,34000,2014,Other,Low,8,1,3,5
RajivGandhi,2020,2020-05-21,34000,2015,Other,Low,11,1,5,3
Jagged Edge,2020,2020-05-26,34000,2016,Other,Low,11,2,5,1
Destiny2,2020,2020-06-06,34000,2017,Other,Low,8,1,6,5
NobodyArtistsClub,2020,2020-07-13,34000,2018,Other,Low,17,1,7,0
صباح_الاحمد_الصباح,2020,2020-07-18,34000,2019,Other,Low,18,1,7,5
GOpaiN,2020,2020-08-22,34000,2020,Politics,Low,6,1,8,5
Benfica,2020,2020-08-01,34000,2021,Other,Low,7,1,8,5
Galhardo,2020,2020-08-20,34000,2022,Other,Low,8,1,8,3
Bastos,2020,2020-08-21,34000,2023,Other,Low,6,1,8,4
WonderWoman1984,2020,2020-08-22,34000,2024,Other,Low,15,1,8,5
September1st,2020,2020-09-01,34000,2025,Other,Low,12,1,9,1
芦名星さん,2020,2020-09-14,34000,2026,Other,Low,5,1,9,0
FranjaElectoral,2020,2020-09-26,34000,2027,Other,Low,15,1,9,5
HBDtoJOOHONEY,2020,2020-10-05,34000,2028,Other,Low,13,1,10,0
DASADA,2020,2020-10-15,34000,2029,Other,Low,6,1,10,3
Baker,2020,2020-10-25,34000,2030,Other,Low,5,1,10,6
TheUndoing,2020,2020-11-30,34000,2031,Other,Low,10,1,11,0
ahamo,2020,2020-12-03,34000,2032,Other,Low,5,1,12,3
Jalen,2020,2020-12-14,34000,2033,Other,Low,5,1,12,0
ツイッターおみくじ2020,2020,2020-01-01,33000,2034,Other,Low,13,1,1,2
ForaXTudo,2020,2020-01-03,33000,2035,Other,Low,9,1,1,4
あなたをBLキャラ化,2020,2020-01-13,33000,2036,Other,Low,10,1,1,0
CriminalMinds,2020,2020-02-20,33000,2037,Other,Low,13,1,2,3
Talca,2020,2020-03-03,33000,2038,Other,Low,5,1,3,1
اسبوعين_فقط,2020,2020-03-15,33000,2039,Other,Low,11,1,3,6
sokağacıkmayasağı,2020,2020-03-16,33000,2040,Other,Low,17,1,3,0
お家でUVERworld,2020,2020-05-06,33000,2041,Other,Low,12,1,5,2
corey,2020,2020-05-11,33000,2042,Other,Low,5,1,5,0
LobiSimsarıTFF,2020,2020-05-14,33000,2043,Other,Low,14,1,5,3
TWO BILLION LP1,2020,2020-06-16,33000,2044,Other,Low,15,3,6,1
Getafe,2020,2020-07-02,33000,2045,Other,Low,6,1,7,3
njdominion,2020,2020-07-12,33000,2046,Other,Low,10,1,7,6
JuveLazio,2020,2020-07-20,33000,2047,Other,Low,9,1,7,0
DiaDeGremio,2020,2020-07-22,33000,2048,Other,Low,11,1,7,2
ジュラシックワールド,2020,2020-07-24,33000,2049,Other,Low,10,1,7,4
JISOOonTastySquare,2020,2020-08-03,33000,2050,Other,Low,18,1,8,0
beratalbayrakistifa,2020,2020-08-06,33000,2051,Other,Low,19,1,8,3
Jimmy Butler,2020,2020-09-05,33000,2052,Other,Low,12,2,9,5
Hyrule Warriors,2020,2020-09-08,33000,2053,Politics,Low,15,2,9,1
TWICE_CANT_STOP_US,2020,2020-10-26,33000,2054,Other,Low,18,1,10,0
くしゃがら,2020,2020-12-29,33000,2055,Other,Low,5,1,12,1
SackWoodward,2020,2020-01-21,32000,2056,Politics,Low,12,1,1,1
OurSunshineLucas,2020,2020-01-24,32000,2057,Other,Low,16,1,1,4
Ozuna,2020,2020-02-29,32000,2058,Other,Low,5,1,2,5
Gustavo Mioto,2020,2020-04-26,32000,2059,Other,Low,13,2,4,6
irresponsables,2020,2020-04-26,32000,2060,Other,Low,14,1,4,6
Billboard Hot 100,2020,2020-05-11,32000,2061,Other,Low,17,3,5,0
EternityPreview,2020,2020-05-14,32000,2062,Other,Low,15,1,5,3
Cracker Barrel,2020,2020-06-10,32000,2063,Other,Low,14,2,6,2
PokemonPresents,2020,2020-06-24,32000,2064,Other,Low,15,1,6,2
unutMADIMAKlımda,2020,2020-07-02,32000,2065,Other,Low,16,1,7,3
ApoyosEdomex,2020,2020-07-09,32000,2066,Other,Low,12,1,7,3
PınarınkatiliCHPli,2020,2020-07-21,32000,2067,Other,Low,18,1,7,1
MUNWHU,2020,2020-07-22,32000,2068,Other,Low,6,1,7,2
سنه1442,2020,2020-08-20,32000,2069,Other,Low,7,1,8,3
Marcus Smart,2020,2020-09-12,32000,2070,Other,Low,12,2,9,5
WeTheNorth,2020,2020-09-12,32000,2071,Other,Low,10,1,9,5
Volpi,2020,2020-09-13,32000,2072,Other,Low,5,1,9,6
Marengo,2020,2020-12-07,32000,2073,Other,Low,7,1,12,0
有吉の壁,2020,2020-12-09,32000,2074,Other,Low,4,1,12,2
Pedri,2020,2020-12-23,32000,2075,Other,Low,5,1,12,2
MUNWOL,2020,2020-12-29,32000,2076,Other,Low,6,1,12,1
Saulo,2020,2020-01-03,31000,2077,Other,Low,5,1,1,4
ArmyDay,2020,2020-01-15,31000,2078,Other,Low,7,1,1,2
NHLAllStar,2020,2020-01-25,31000,2079,Sports,Low,10,1,1,5
MCIMUN,2020,2020-01-30,31000,2080,Other,Low,6,1,1,3
CumhurbaskanıErdoğan,2020,2020-02-29,31000,2081,Other,Low,20,1,2,5
BBB20Aovivo,2020,2020-03-14,31000,2082,Other,Low,11,1,3,5
Bad Apple,2020,2020-03-20,31000,2083,Technology,Low,9,2,3,4
Equador,2020,2020-04-02,31000,2084,Other,Low,7,1,4,3
Léo Dias,2020,2020-05-25,31000,2085,Other,Low,8,2,5,0
このタグを見た人は何恐怖症か答える,2020,2020-05-30,31000,2086,Other,Low,17,1,5,5
KenetlenTrabzonsporlu,2020,2020-06-04,31000,2087,Other,Low,21,1,6,3
Vicentin,2020,2020-06-08,31000,2088,Other,Low,8,1,6,0
SafooraZargar,2020,2020-06-23,31000,2089,Other,Low,13,1,6,1
Arão,2020,2020-09-18,31000,2090,Other,Low,4,1,9,4
TJ Warren,2020,2020-08-09,31000,2091,Politics,Low,9,2,8,6
BETWAYTRIVIA,2020,2020-09-30,31000,2092,Other,Low,12,1,9,2
RamVilasPaswan,2020,2020-10-08,31000,2093,Other,Low,14,1,10,3
Bama,2020,2020-10-11,31000,2094,Other,Low,4,1,10,6
Cavani,2020,2020-11-07,31000,2095,Other,Low,6,1,11,5
MCCelebrity,2020,2020-12-09,31000,2096,Entertainment,Low,11,1,12,2
FelizMartes,2020,2020-01-28,30000,2097,Other,Low,11,1,1,1
Scocco,2020,2020-02-02,30000,2098,Other,Low,6,1,2,6
AskTrent,2020,2020-02-10,30000,2099,Other,Low,8,1,2,0
NDAs,2020,2020-02-20,30000,2100,Other,Low,4,1,2,3
Boogie,2020,2020-02-22,30000,2101,Other,Low,6,1,2,5
FinalLaAcademia,2020,2020-02-24,30000,2102,Other,Low,15,1,2,0
HocalıKatliamı,2020,2020-02-26,30000,2103,Other,Low,14,1,2,2
HappyBirthdayJustinBieber,2020,2020-03-01,30000,2104,Entertainment,Low,25,1,3,6
BBB2O20,2020,2020-03-02,30000,2105,Other,Low,7,1,3,0
春は必ず来る,2020,2020-03-04,30000,2106,Other,Low,6,1,3,2
ClubQuarantine,2020,2020-03-22,30000,2107,Social,Low,14,1,3,6
RtMeJoel,2020,2020-03-31,30000,2108,Other,Low,8,1,3,1
vaka23934,2020,2020-04-04,30000,2109,Other,Low,9,1,4,5
EasterSunday,2020,2020-04-12,30000,2110,Holiday,Low,12,1,4,6
HellOfABird,2020,2020-04-14,30000,2111,Other,Low,11,1,4,1
おかえり宮迫さん,2020,2020-05-04,30000,2112,Other,Low,8,1,5,0
12Mayıs2012,2020,2020-05-12,30000,2113,Other,Low,11,1,5,1
ClaudiaLeitteLiveSaudade,2020,2020-05-23,30000,2114,Other,Low,24,1,5,5
Ayasofya,2020,2020-05-28,30000,2115,Other,Low,8,1,5,3
SSS1stWin,2020,2020-06-23,30000,2116,Other,Low,9,1,6,1
FriendshipDay2020,2020,2020-07-30,30000,2117,Other,Low,17,1,7,3
Aaron Judge,2020,2020-08-03,30000,2118,Other,Low,11,2,8,0
HepimizİmamHatipliyiz,2020,2020-09-08,30000,2119,Other,Low,21,1,9,1
Keno,2020,2020-09-20,30000,2120,Other,Low,4,1,9,6
Stormzy,2020,2020-10-07,30000,2121,Other,Low,7,1,10,2
SVT_PrimeMinisterAward,2020,2020-10-28,30000,2122,Politics,Low,22,1,10,2
PLTPINKSUNDAY,2020,2020-11-29,30000,2123,Other,Low,13,1,11,6
ネプリーグ,2020,2020-12-21,30000,2124,Other,Low,5,1,12,0
ミイヒちゃん,2020,2020-12-25,30000,2125,Other,Low,6,1,12,4
unc0ver,2020,2020-02-16,29000,2126,Other,Low,7,1,2,6
セではじまってスでおわるもの,2020,2020-02-21,29000,2127,Other,Low,14,1,2,4
İyikiDoğdunMilletinAdamı,2020,2020-02-26,29000,2128,Other,Low,24,1,2,2
Bill O'Brien,2020,2020-03-16,29000,2129,Other,Low,12,2,3,0
gatoawards,2020,2020-03-25,29000,2130,Politics,Low,10,1,3,2
あなたをモビルスーツのパイロット化,2020,2020-04-11,29000,2131,Other,Low,17,1,4,5
EkonomiyeSaldırı,2020,2020-05-07,29000,2132,Other,Low,16,1,5,3
abiior,2020,2020-05-15,29000,2133,Other,Low,6,1,5,4
MilleteDestek,2020,2020-06-02,29000,2134,Other,Low,13,1,6,1
welovenogizaka,2020,2020-06-20,29000,2135,Other,Low,14,1,6,5
LetsGetNaughty,2020,2020-07-20,29000,2136,Other,Low,14,1,7,0
米津玄師xフォートナイト,2020,2020-08-07,29000,2137,Other,Low,12,1,8,4
الاتحاد_الفتح,2020,2020-08-30,29000,2138,Other,Low,13,1,8,6
appleevent,2020,2020-09-08,29000,2139,Technology,Low,10,1,9,1
Bottas,2020,2020-09-13,29000,2140,Other,Low,6,1,9,6
APC2020,2020,2020-09-20,29000,2141,Other,Low,7,1,9,6
ウルトラマンZ,2020,2020-09-26,29000,2142,Other,Low,7,1,9,5
BlueHour_VR,2020,2020-10-05,29000,2143,Other,Low,11,1,10,0
東京タラレバ娘2020,2020,2020-10-07,29000,2144,Other,Low,11,1,10,2
JusticeForBabyRiver,2020,2020-10-16,29000,2145,Social,Low,19,1,10,4
SinLuz,2020,2020-12-29,29000,2146,Other,Low,6,1,12,1
山田涼介は最高のアイドルだよ,2020,2020-01-01,28000,2147,Other,Low,14,1,1,2
3TemmuzRuhuyla,2020,2020-01-12,28000,2148,Other,Low,14,1,1,6
JKT48Rapsodi,2020,2020-01-22,28000,2149,Other,Low,12,1,1,2
كلنا_ابوبجاد,2020,2020-01-28,28000,2150,Other,Low,12,1,1,1
Damian Lillard,2020,2020-02-01,28000,2151,Other,Low,14,2,2,5
cepostaperte,2020,2020-02-16,28000,2152,Other,Low,12,1,2,6
LazioInter,2020,2020-02-17,28000,2153,Other,Low,10,1,2,0
TheWalkingDead,2020,2020-02-24,28000,2154,Other,Low,14,1,2,0
Fantastico,2020,2020-03-02,28000,2155,Other,Low,10,1,3,0
WorldBookDay,2020,2020-03-05,28000,2156,Other,Low,12,1,3,3
お前らたまにはアイコンらしいこと言えよ,2020,2020-03-07,28000,2157,Other,Low,19,1,3,5
現金支給12万あったら,2020,2020-03-19,28000,2158,Other,Low,11,1,3,3
90DayFiance,2020,2020-07-13,28000,2159,Other,Low,11,1,7,0
BIGPARONLINE,2020,2020-03-23,28000,2160,Other,Low,12,1,3,0
Desescalada,2020,2020-04-28,28000,2161,Other,Low,11,1,4,1
heautifulharries,2020,2020-04-30,28000,2162,Other,Low,16,1,4,3
Polo G,2020,2020-05-15,28000,2163,Other,Low,6,2,5,4
مرزوقه,2020,2020-05-18,28000,2164,Other,Low,6,1,5,0
Damares,2020,2020-05-22,28000,2165,Other,Low,7,1,5,4
APEXキャラ診断,2020,2020-05-30,28000,2166,Other,Low,9,1,5,5
iKON_LoveScenario400M,2020,2020-06-18,28000,2167,Other,Low,21,1,6,3
ChandrashekharAzad,2020,2020-07-23,28000,2168,Other,Low,18,1,7,3
絵を彩度100にすると超派手,2020,2020-07-26,28000,2169,Other,Low,14,1,7,6
ももクロと最高の夏,2020,2020-08-02,28000,2170,Other,Low,9,1,8,6
WynonnaEarp,2020,2020-08-03,28000,2171,Other,Low,11,1,8,0
あ行にエ口用語入ってたら変態,2020,2020-08-07,28000,2172,Other,Low,14,1,8,4
Auburn,2020,2020-10-04,28000,2173,Other,Low,6,1,10,6
ORβIT_UNIVERSE,2020,2020-11-01,28000,2174,Other,Low,14,1,11,6
SelimeVeda,2020,2020-12-07,28000,2175,Other,Low,10,1,12,0
えっちチャレンジ,2020,2020-01-14,27000,2176,Other,Low,8,1,1,1
EVERGLOW_DUN_DUN,2020,2020-02-03,27000,2177,Other,Low,16,1,2,0
Nossos10,2020,2020-02-08,27000,2178,Other,Low,8,1,2,5
Lo Celso,2020,2020-02-22,27000,2179,Other,Low,8,2,2,5
NCTHack,2020,2020-02-23,27000,2180,Technology,Low,7,1,2,6
AmorDeMae,2020,2020-02-28,27000,2181,Other,Low,9,1,2,4
SabahattinAli,2020,2020-04-02,27000,2182,Other,Low,13,1,4,3
デアリングタクト,2020,2020-04-12,27000,2183,Other,Low,8,1,4,6
ワイスピ,2020,2020-04-25,27000,2184,Other,Low,4,1,4,5
عطونا_مشهور_يستحق_الشهره,2020,2020-06-01,27000,2185,Other,Low,24,1,6,0
今夜は乃木まつり,2020,2020-06-19,27000,2186,Other,Low,8,1,6,4
ポケモンUNITE,2020,2020-06-24,27000,2187,Other,Low,9,1,6,2
Cantando2020,2020,2020-07-28,27000,2188,Other,Low,12,1,7,1
FelizLunes,2020,2020-09-07,27000,2189,Other,Low,10,1,9,0
MandettaGenocida,2020,2020-08-21,27000,2190,Other,Low,16,1,8,4
NIKIMOONCHILD,2020,2020-09-10,27000,2191,Other,Low,13,1,9,3
キワドい2人,2020,2020-10-02,27000,2192,Other,Low,6,1,10,4
Ole Miss,2020,2020-10-11,27000,2193,Other,Low,8,2,10,6
WeAreGolden,2020,2020-10-20,27000,2194,Other,Low,11,1,10,1
Bruno Fernandes,2020,2020-11-07,27000,2195,Other,Low,15,2,11,5
yaşıyor,2020,2020-11-09,27000,2196,Other,Low,7,1,11,0
Meredith,2020,2020-11-13,27000,2197,Other,Low,8,1,11,4
Cardinals,2020,2020-11-16,27000,2198,Other,Low,9,1,11,0
カリオストロの城,2020,2020-11-20,27000,2199,Other,Low,8,1,11,4
いいにくいことをいう日,2020,2020-11-29,27000,2200,Other,Low,11,1,11,6
JuveFiorentina,2020,2020-12-23,27000,2201,Other,Low,14,1,12,2
VoteSB19onWMA,2020,2020-01-16,26000,2202,Politics,Low,13,1,1,3
AskSRK,2020,2020-01-22,26000,2203,Other,Low,6,1,1,2
FelizJueves,2020,2020-02-13,26000,2204,Other,Low,11,1,2,3
ThankYouElizabeth,2020,2020-03-05,26000,2205,Other,Low,17,1,3,3
HayırlıCumalar,2020,2020-03-13,26000,2206,Other,Low,14,1,3,4
1987ŞampiyonuBeşiktaş,2020,2020-03-13,26000,2207,Other,Low,21,1,3,4
MochaUsonIsOverParty,2020,2020-03-20,26000,2208,Other,Low,20,1,3,4
TL更新,2020,2020-04-09,26000,2209,Other,Low,4,1,4,3
depremistanbul,2020,2020-04-14,26000,2210,Other,Low,14,1,4,1
RezilsinCHP,2020,2020-04-29,26000,2211,Other,Low,11,1,4,2
TheMatch2,2020,2020-05-25,26000,2212,Sports,Low,9,1,5,0
DiaSinIVA,2020,2020-06-19,26000,2213,Other,Low,9,1,6,4
happybirthdayariana,2020,2020-06-26,26000,2214,Entertainment,Low,19,1,6,4
Muriel,2020,2020-07-09,26000,2215,Other,Low,6,1,7,3
tiktokdown,2020,2020-07-09,26000,2216,Entertainment,Low,10,1,7,3
GetWellSoonSeungkwan,2020,2020-07-21,26000,2217,Other,Low,20,1,7,1
التطبيع_خيانه,2020,2020-08-13,26000,2218,Other,Low,13,1,8,3
おそらく最も正確な寿命測定器,2020,2020-09-09,26000,2219,Other,Low,14,1,9,2
Fortaleza,2020,2020-09-20,26000,2220,Other,Low,9,1,9,6
DebateNaBand,2020,2020-10-02,26000,2221,Politics,Low,12,1,10,4
HappyWithBaekhyun,2020,2020-10-06,26000,2222,Other,Low,17,1,10,1
kpss2020,2020,2020-10-22,26000,2223,Other,Low,8,1,10,3
名前の先端と後端を取るとかわいい,2020,2020-10-27,26000,2224,Other,Low,16,1,10,1
SenzoMeyiwa,2020,2020-10-27,26000,2225,Other,Low,11,1,10,1
ARSMCI,2020,2020-12-23,26000,2226,Other,Low,6,1,12,2
烈火の炎,2020,2020-01-23,25000,2227,Other,Low,4,1,1,3
Popeye,2020,2020-02-06,25000,2228,Politics,Low,6,1,2,3
Jay Bouwmeester,2020,2020-02-12,25000,2229,Other,Low,15,2,2,2
tffistifa,2020,2020-02-13,25000,2230,Other,Low,9,1,2,3
Diego Souza,2020,2020-08-16,25000,2231,Other,Low,11,2,8,6
MasterChefIt,2020,2020-03-06,25000,2232,Other,Low,12,1,3,4
LQvPZ,2020,2020-03-10,25000,2233,Other,Low,5,1,3,1
CasalAwards,2020,2020-03-27,25000,2234,Politics,Low,11,1,3,4
SokMarketBoykot,2020,2020-04-05,25000,2235,Other,Low,15,1,4,6
survior2020,2020,2020-04-21,25000,2236,Other,Low,11,1,4,1
Felipe Araújo,2020,2020-04-25,25000,2237,Other,Low,13,2,4,5
LivedoMenoseMais,2020,2020-04-26,25000,2238,Other,Low,16,1,4,6
LiveMelim,2020,2020-04-26,25000,2239,Other,Low,9,1,4,6
Bitlis,2020,2020-05-02,25000,2240,Other,Low,6,1,5,5
Westworld,2020,2020-05-04,25000,2241,Other,Low,9,1,5,0
NATTYxNINETEEN,2020,2020-05-07,25000,2242,Other,Low,14,1,5,3
NirmalaSitharaman,2020,2020-05-13,25000,2243,Other,Low,17,1,5,2
Larry Kramer,2020,2020-05-27,25000,2244,Other,Low,12,2,5,2
ふって打ってでてきた言葉が10年後の姿,2020,2020-06-07,25000,2245,Other,Low,19,1,6,6
東大王vsQuizKnock,2020,2020-06-17,25000,2246,Other,Low,14,1,6,2
OnurHaftası,2020,2020-06-28,25000,2247,Other,Low,11,1,6,6
doctorsday2020,2020,2020-07-01,25000,2248,Other,Low,14,1,7,2
اليوم_العالمي_للحب,2020,2020-07-05,25000,2249,Other,Low,18,1,7,6
eyluldeuniversiteleracilsin,2020,2020-07-20,25000,2250,Other,Low,27,1,7,0
Warntag2020,2020,2020-09-10,25000,2251,Politics,Low,11,1,9,3
THELASTLIVE,2020,2020-10-12,25000,2252,Other,Low,11,1,10,0
Maria Eduarda,2020,2020-10-20,25000,2253,Other,Low,13,2,10,1
Léo Pereira,2020,2020-11-05,25000,2254,Other,Low,11,2,11,3
EdomexEnSemaforoNaranja,2020,2020-12-05,25000,2255,Other,Low,23,1,12,5
義母と娘のブルース,2020,2020-01-02,24000,2256,Other,Low,9,1,1,3
あんスタサインプレゼント,2020,2020-01-19,24000,2257,Other,Low,12,1,1,6
Pedrinho,2020,2020-02-13,24000,2258,Other,Low,8,1,2,3
Chaka Khan,2020,2020-02-17,24000,2259,Other,Low,10,2,2,0
sorrisowards,2020,2020-03-26,24000,2260,Politics,Low,12,1,3,3
SantJordi2020,2020,2020-04-23,24000,2261,Other,Low,13,1,4,3
MdTBloodyMary,2020,2020-05-19,24000,2262,Other,Low,13,1,5,1
超特急8周年おめでとう,2020,2020-06-10,24000,2263,Other,Low,11,1,6,2
elana,2020,2020-06-11,24000,2264,Other,Low,5,1,6,3
vakasayısı,2020,2020-06-13,24000,2265,Other,Low,10,1,6,5
MEHMETHANERTUTUKLANSIN,2020,2020-06-16,24000,2266,Other,Low,22,1,6,1
オースティン,2020,2020-06-23,24000,2267,Other,Low,6,1,6,1
Alan Parker,2020,2020-07-31,24000,2268,Other,Low,11,2,7,4
benefitboys,2020,2020-08-06,24000,2269,Other,Low,11,1,8,3
GoStars,2020,2020-09-20,24000,2270,Other,Low,7,1,9,6
고인의 명복,2020,2020-11-02,24000,2271,Other,Low,6,2,11,0
Ray Clemence,2020,2020-11-15,24000,2272,Other,Low,12,2,11,6
日本語ボキャブラリーテスト,2020,2020-12-17,24000,2273,Other,Low,13,1,12,3
私の語彙力,2020,2020-12-17,24000,2274,Other,Low,5,1,12,3
النصر_الباطن_الدوري,2020,2020-12-21,24000,2275,Sports,Low,19,1,12,0
昭和生まれっぽい発言をしろ,2020,2020-12-29,24000,2276,Other,Low,13,1,12,1
BHACHE,2020,2020-01-01,23000,2277,Other,Low,6,1,1,2
名前を4文字消すとかわいい,2020,2020-01-04,23000,2278,Other,Low,13,1,1,5
i_DECIDE,2020,2020-01-21,23000,2279,Other,Low,8,1,1,1
cblive,2020,2020-01-28,23000,2280,Other,Low,6,1,1,1
好きなパンを呟いてTLをパン屋にする,2020,2020-02-12,23000,2281,Other,Low,18,1,2,2
Jay Electronica,2020,2020-03-13,23000,2282,Other,Low,15,2,3,4
TheMaskedSinger,2020,2020-04-02,23000,2283,Entertainment,Low,15,1,4,3
バンドリアニメ3rd_11,2020,2020-04-09,23000,2284,Other,Low,13,1,4,3
مرزوقه_مليون_لايك,2020,2020-05-19,23000,2285,Other,Low,17,1,5,1
çilek,2020,2020-05-25,23000,2286,Other,Low,5,1,5,0
JO1withフレハンディファン,2020,2020-06-10,23000,2287,Other,Low,16,1,6,2
NORMUN,2020,2020-06-27,23000,2288,Other,Low,6,1,6,5
Diego Costa,2020,2020-06-30,23000,2289,Other,Low,11,2,6,1
RSR20,2020,2020-08-15,23000,2290,Other,Low,5,1,8,5
müjde,2020,2020-08-19,23000,2291,Other,Low,5,1,8,2
BUY ICE CREAM ON ITUNES,2020,2020-08-28,23000,2292,Other,Low,23,5,8,4
Eylül,2020,2020-09-01,23000,2293,Other,Low,5,1,9,1
Dragic,2020,2020-09-18,23000,2294,Other,Low,6,1,9,4
D4DJ,2020,2020-09-23,23000,2295,Other,Low,4,1,9,2
PulteHelpsPeople,2020,2020-10-16,23000,2296,Social,Low,16,1,10,4
SixTONESと同じ時代刻もう,2020,2020-10-20,23000,2297,Other,Low,16,1,10,1
FBvTS,2020,2020-10-25,23000,2298,Other,Low,5,1,10,6
夜なラブ,2020,2020-11-18,23000,2299,Other,Low,4,1,11,2
Gaziantep,2020,2020-12-19,23000,2300,Other,Low,9,1,12,5
関ジャニレコメン,2020,2020-12-19,23000,2301,Other,Low,8,1,12,5
KENTA,2020,2020-01-05,22000,2302,Other,Low,5,1,1,6
シロでもクロでもない世界でパンダは笑う,2020,2020-01-12,22000,2303,Other,Low,19,1,1,6
تقديم_اختبارات_الفصل_الثاني,2020,2020-01-14,22000,2304,Other,Low,27,1,1,1
Mustafa Cengiz,2020,2020-01-24,22000,2305,Other,Low,14,2,1,4
COVID-19,2020,2020-02-11,22000,2306,Social,Low,8,1,2,1
cumartesi,2020,2020-03-28,22000,2307,Other,Low,9,1,3,5
ينبع,2020,2020-02-21,22000,2308,Other,Low,4,1,2,4
RHOA,2020,2020-03-02,22000,2309,Other,Low,4,1,3,0
推しがちなキャラクターの特徴,2020,2020-03-10,22000,2310,Other,Low,14,1,3,1
PınarFidan,2020,2020-03-19,22000,2311,Other,Low,10,1,3,3
festabbb,2020,2020-03-26,22000,2312,Other,Low,8,1,3,3
Jornal Nacional,2020,2020-04-01,22000,2313,Other,Low,15,2,4,2
gittimgeldim,2020,2020-04-13,22000,2314,Other,Low,12,1,4,0
UFCJAX,2020,2020-05-14,22000,2315,Sports,Low,6,1,5,3
احذفو_لعبه_ببجي,2020,2020-06-03,22000,2316,Other,Low,15,1,6,2
Trump2020NowMoreThanEver,2020,2020-06-06,22000,2317,Politics,Low,24,1,6,5
LivePD,2020,2020-06-11,22000,2318,Other,Low,6,1,6,3
اجمل_صوره_صورتها,2020,2020-06-12,22000,2319,Other,Low,16,1,6,4
Cedric,2020,2020-07-01,22000,2320,Other,Low,6,1,7,2
ApoyoParaElDesempleoEdomex,2020,2020-07-08,22000,2321,Other,Low,26,1,7,2
SiTuExistieras,2020,2020-07-23,22000,2322,Other,Low,14,1,7,3
EmicidaNoRodaViva,2020,2020-07-28,22000,2323,Other,Low,17,1,7,1
うがい薬,2020,2020-08-04,22000,2324,Other,Low,4,1,8,1
ぴと打ってぴえんと出たらJK見た人強制,2020,2020-08-04,22000,2325,Other,Low,19,1,8,1
المهزله_الاستثناييه,2020,2020-08-05,22000,2326,Other,Low,19,1,8,2
JonaxxStoriesAppLaunch,2020,2020-08-07,22000,2327,Technology,Low,22,1,8,4
gcseresults2020,2020,2020-08-20,22000,2328,Other,Low,15,1,8,3
名前からひらがなを消すとかわいい,2020,2020-08-29,22000,2329,Other,Low,16,1,8,5
Conley,2020,2020-09-02,22000,2330,Other,Low,6,1,9,2
UFCVegas9,2020,2020-09-06,22000,2331,Sports,Low,9,1,9,6
Naira Marley,2020,2020-10-06,22000,2332,Other,Low,12,2,10,1
Bitsika,2020,2020-10-09,22000,2333,Other,Low,7,1,10,4
Busquets,2020,2020-10-31,22000,2334,Other,Low,8,1,10,5
XF2020,2020,2020-11-12,22000,2335,Other,Low,6,1,11,3
ムロさん,2020,2020-12-10,22000,2336,Other,Low,4,1,12,3
TheVoiceBrasil,2020,2020-12-16,22000,2337,Other,Low,14,1,12,2
Thisis嵐Live,2020,2020-12-31,22000,2338,Other,Low,11,1,12,3
BoycottChhapaak,2020,2020-01-07,21000,2339,Other,Low,15,1,1,1
DuelosLaAcademia,2020,2020-01-13,21000,2340,Other,Low,16,1,1,0
uominiedonne,2020,2020-01-20,21000,2341,Other,Low,12,1,1,0
櫻井翔誕生祭,2020,2020-01-24,21000,2342,Other,Low,6,1,1,4
SalveSeQuemPuder,2020,2020-01-28,21000,2343,Other,Low,16,1,1,1
PSGDOR,2020,2020-03-11,21000,2344,Sports,Low,6,1,3,2
DesculpeJairMasEuVou,2020,2020-03-13,21000,2345,Other,Low,20,1,3,4
DevletMilletininYanında,2020,2020-03-25,21000,2346,Other,Low,23,1,3,2
SunForV,2020,2020-04-12,21000,2347,Other,Low,7,1,4,6
quarantinequotes,2020,2020-04-21,21000,2348,Social,Low,16,1,4,1
サイゼリヤガチャ,2020,2020-04-26,21000,2349,Other,Low,8,1,4,6
BVBFCB,2020,2020-05-26,21000,2350,Other,Low,6,1,5,1
NapoliInter,2020,2020-06-13,21000,2351,Other,Low,11,1,6,5
ButecoBohemiaSaoJoao,2020,2020-06-27,21000,2352,Other,Low,20,1,6,5
NAOJOGAFLUMINENSE,2020,2020-07-08,21000,2353,Other,Low,17,1,7,2
ClaudiaLeitteLive40,2020,2020-07-11,21000,2354,Other,Low,19,1,7,5
グラブルサマーギフトキャンペーン,2020,2020-07-31,21000,2355,Other,Low,16,1,7,4
FACupFinal,2020,2020-08-01,21000,2356,Other,Low,10,1,8,5
RIPBobMabena,2020,2020-08-10,21000,2357,Other,Low,12,1,8,0
cebrailcankalaycıtutuklansın,2020,2020-08-20,21000,2358,Other,Low,28,1,8,3
誰も知らない志村けん,2020,2020-08-22,21000,2359,Other,Low,10,1,8,5
Diada2020,2020,2020-09-11,21000,2360,Other,Low,9,1,9,4
Firmino,2020,2020-12-16,21000,2361,Other,Low,7,1,12,2
Grealish,2020,2020-11-15,21000,2362,Other,Low,8,1,11,6
CuidemosTodosDeTodos,2020,2020-10-24,21000,2363,Other,Low,20,1,10,5
Dolar 8,2020,2020-10-26,21000,2364,Technology,Low,7,2,10,0
Koeman,2020,2020-10-31,21000,2365,Other,Low,6,1,10,5
gigiproietti,2020,2020-11-02,21000,2366,Other,Low,12,1,11,0
UFCVegas13,2020,2020-11-08,21000,2367,Sports,Low,10,1,11,6
Kyler Murray,2020,2020-11-16,21000,2368,Other,Low,12,2,11,0
姉ちゃんの恋人,2020,2020-12-15,21000,2369,Other,Low,7,1,12,1
คิดถึงน้องวิน,2020,2020-12-15,21000,2370,Other,Low,13,1,12,1
目をつぶって推しの名前を打ってください,2020,2020-01-05,20000,2371,Other,Low,19,1,1,6
PortfolioDay,2020,2020-01-14,20000,2372,Other,Low,12,1,1,1
Van Dijk,2020,2020-01-19,20000,2373,Other,Low,8,2,1,6
VS嵐,2020,2020-09-24,20000,2374,Other,Low,3,1,9,3
TheGoodPlace,2020,2020-01-31,20000,2375,Other,Low,12,1,1,4
Kelley,2020,2020-02-11,20000,2376,Other,Low,6,1,2,1
Jordan Peele,2020,2020-02-27,20000,2377,Other,Low,12,2,2,3
CumaNamazıİptalEdilsin,2020,2020-03-12,20000,2378,Other,Low,22,1,3,3
LearnKoreanWithBTS,2020,2020-03-24,20000,2379,Entertainment,Low,18,1,3,1
有吉ぃぃeeeee,2020,2020-03-29,20000,2380,Other,Low,9,1,3,6
ProtectLeni,2020,2020-04-02,20000,2381,Other,Low,11,1,4,3
Another 14,2020,2020-04-13,20000,2382,Other,Low,10,2,4,0
RIPHanaKimura,2020,2020-05-23,20000,2383,Other,Low,13,1,5,5
TXT_ASC,2020,2020-06-09,20000,2384,Other,Low,7,1,6,1
AtatürküSevmiyorum,2020,2020-07-07,20000,2385,Other,Low,18,1,7,1
harrystylesisoverparty,2020,2020-07-11,20000,2386,Other,Low,22,1,7,5
SassuoloJuve,2020,2020-07-15,20000,2387,Other,Low,12,1,7,2
TeamShea,2020,2020-07-18,20000,2388,Other,Low,8,1,7,5
DiaMundialDelPerro,2020,2020-07-21,20000,2389,Other,Low,18,1,7,1
MUSICFAIR_RUN,2020,2020-08-01,20000,2390,Entertainment,Low,13,1,8,5
Diosdado,2020,2020-08-04,20000,2391,Other,Low,8,1,8,1
三輪車,2020,2020-08-04,20000,2392,Other,Low,3,1,8,1
StateofPlay,2020,2020-08-06,20000,2393,Other,Low,11,1,8,3
しって打って恐怖症つけてみ,2020,2020-08-16,20000,2394,Other,Low,13,1,8,6
フォロワーと戦う,2020,2020-10-20,20000,2395,Other,Low,8,1,10,1
Mook,2020,2020-11-01,20000,2396,Other,Low,4,1,11,6
KMJSGabiNgLagimVIII,2020,2020-11-01,20000,2397,Other,Low,19,1,11,6
Daisuke,2020,2020-11-18,20000,2398,Other,Low,7,1,11,2
KhadimRizvi,2020,2020-11-19,20000,2399,Other,Low,11,1,11,3
MasterChefArgentina,2020,2020-12-07,20000,2400,Other,Low,19,1,12,0
Jadine,2020,2020-01-20,19000,2401,Other,Low,6,1,1,0
Kelsey,2020,2020-02-04,19000,2402,Other,Low,6,1,2,1
İBBdenUlaşımaZam,2020,2020-02-07,19000,2403,Other,Low,16,1,2,4
ForaLucas,2020,2020-02-17,19000,2404,Other,Low,9,1,2,0
GelsinHilafetYıkılsınKemalizm,2020,2020-03-03,19000,2405,Other,Low,29,1,3,1
coronatuerkiye,2020,2020-03-13,19000,2406,Other,Low,14,1,3,4
فعاليات_الحجر_المنزلي,2020,2020-03-15,19000,2407,Other,Low,21,1,3,6
は行でなぜモテないのか分かる,2020,2020-04-05,19000,2408,Other,Low,14,1,4,6
Rusev,2020,2020-04-15,19000,2409,Other,Low,5,1,4,2
çağrımvar,2020,2020-04-16,19000,2410,Other,Low,9,1,4,3
鳥貴族,2020,2020-04-30,19000,2411,Other,Low,3,1,4,3
13ReasonsWhy,2020,2020-05-11,19000,2412,Other,Low,12,1,5,0
BAEKHYUN_하프밀리언_축하해,2020,2020-05-25,19000,2413,Other,Low,18,1,5,0
SVFinal1,2020,2020-05-28,19000,2414,Other,Low,8,1,5,3
甘露寺蜜璃誕生祭2020,2020,2020-05-31,19000,2415,Other,Low,12,1,5,6
昭和生まれ,2020,2020-06-05,19000,2416,Other,Low,5,1,6,4
東條希生誕祭2020,2020,2020-06-08,19000,2417,Other,Low,10,1,6,0
NationalBestFriendsDay,2020,2020-06-08,19000,2418,Other,Low,22,1,6,0
Marrone,2020,2020-06-13,19000,2419,Other,Low,7,1,6,5
SOUARS,2020,2020-06-25,19000,2420,Other,Low,6,1,6,3
ひーくん,2020,2020-07-01,19000,2421,Other,Low,4,1,7,2
Prince Andrew,2020,2020-07-02,19000,2422,Other,Low,13,2,7,3
Egídio,2020,2020-07-16,19000,2423,Other,Low,6,1,7,3
Bailly,2020,2020-07-19,19000,2424,Other,Low,6,1,7,6
HappyJanmashtami,2020,2020-08-11,19000,2425,Other,Low,16,1,8,1
Arrascaeta,2020,2020-08-16,19000,2426,Other,Low,10,1,8,6
AlbertoEnSDTV,2020,2020-08-30,19000,2427,Other,Low,13,1,8,6
Gobert,2020,2020-09-02,19000,2428,Other,Low,6,1,9,2
TarıkAkan,2020,2020-09-16,19000,2429,Other,Low,9,1,9,2
GGST大発表,2020,2020-10-11,19000,2430,Other,Low,7,1,10,6
Seager,2020,2020-10-25,19000,2431,Other,Low,6,1,10,6
ジャイロSOL,2020,2020-11-29,19000,2432,Other,Low,7,1,11,6
マスカレードホテル,2020,2020-01-03,18000,2433,Other,Low,9,1,1,4
TheKillerBrideDeadlyEnd,2020,2020-01-10,18000,2434,Other,Low,23,1,1,4
MyPSYear2019,2020,2020-01-14,18000,2435,Other,Low,12,1,1,1
NihatÖzdemirİstifa,2020,2020-01-23,18000,2436,Other,Low,18,1,1,3
BailandoPorUnSueño,2020,2020-03-01,18000,2437,Other,Low,18,1,3,6
ARSWHU,2020,2020-03-07,18000,2438,Other,Low,6,1,3,5
DemExit,2020,2020-03-10,18000,2439,Other,Low,7,1,3,1
CoronaCiao,2020,2020-03-18,18000,2440,Politics,Low,10,1,3,2
DearBernie,2020,2020-03-18,18000,2441,Other,Low,10,1,3,2
PINTOAWARDSDIA3,2020,2020-03-26,18000,2442,Politics,Low,15,1,3,3
スタレ,2020,2020-03-29,18000,2443,Other,Low,3,1,3,6
MansurYavasYalnızDeğildir,2020,2020-03-29,18000,2444,Other,Low,25,1,3,6
ModoXandAviao,2020,2020-04-04,18000,2445,Other,Low,13,1,4,5
حسن_عسيري,2020,2020-04-28,18000,2446,Other,Low,9,1,4,1
西野七瀬生誕祭,2020,2020-05-24,18000,2447,Other,Low,7,1,5,6
UFCVegas,2020,2020-05-31,18000,2448,Sports,Low,8,1,5,6
SittingInLimbo,2020,2020-06-08,18000,2449,Other,Low,14,1,6,0
Zepp Tokyo,2020,2020-07-01,18000,2450,Other,Low,10,2,7,2
Lacazette,2020,2020-07-12,18000,2451,Other,Low,9,1,7,6
hacked,2020,2020-07-15,18000,2452,Technology,Low,6,1,7,2
صباحات_الهلال,2020,2020-08-05,18000,2453,Sports,Low,13,1,8,2
WAPParty,2020,2020-08-19,18000,2454,Other,Low,8,1,8,2
YouJustStartedaBook,2020,2020-09-25,18000,2455,Other,Low,19,1,9,4
LayconLive,2020,2020-09-29,18000,2456,Other,Low,10,1,9,1
UFCFightIsland4,2020,2020-10-04,18000,2457,Sports,Low,15,1,10,6
Mirzapur2,2020,2020-10-06,18000,2458,Other,Low,9,1,10,1
対戦相手の武器,2020,2020-10-20,18000,2459,Other,Low,7,1,10,1
NasaanAngPangulo,2020,2020-11-01,18000,2460,Other,Low,16,1,11,6
LazioJuve,2020,2020-11-08,18000,2461,Other,Low,9,1,11,6
ラッキーライラック,2020,2020-11-15,18000,2462,Other,Low,9,1,11,6
imacelebrity,2020,2020-11-15,18000,2463,Entertainment,Low,12,1,11,6
antalya,2020,2020-12-05,18000,2464,Other,Low,7,1,12,5
今年あなたが推した3人,2020,2020-12-06,18000,2465,Other,Low,11,1,12,6
CP固定,2020,2020-12-15,18000,2466,Other,Low,4,1,12,1
MasumlarApartmanı,2020,2020-12-29,18000,2467,Other,Low,17,1,12,1
ドレミファドン,2020,2020-01-04,17000,2468,Other,Low,7,1,1,5
水曜日のダウンタウン,2020,2020-01-22,17000,2469,Other,Low,10,1,1,2
RainDrops,2020,2020-01-23,17000,2470,Other,Low,9,1,1,3
あなたは何柱,2020,2020-01-29,17000,2471,Other,Low,6,1,1,2
タロットカードで表現すると診断,2020,2020-02-05,17000,2472,Other,Low,15,1,2,2
ThisIsUs,2020,2020-02-19,17000,2473,Other,Low,8,1,2,2
negülüyorsunerdoğan,2020,2020-02-29,17000,2474,Other,Low,19,1,2,5
CNNTownHall,2020,2020-03-27,17000,2475,Other,Low,11,1,3,4
panelacocontrabolsonaro,2020,2020-04-01,17000,2476,Politics,Low,23,1,4,2
OUSTDUTERTENOW,2020,2020-04-01,17000,2477,Other,Low,14,1,4,2
LiveBaileDoDennis,2020,2020-04-04,17000,2478,Other,Low,17,1,4,5
Andy Dalton,2020,2020-04-30,17000,2479,Other,Low,11,2,4,3
JuntosContraElCovid,2020,2020-05-07,17000,2480,Social,Low,19,1,5,3
livedoturma,2020,2020-05-14,17000,2481,Other,Low,11,1,5,3
فريق_البنات,2020,2020-05-18,17000,2482,Other,Low,11,1,5,0
mert,2020,2020-05-19,17000,2483,Other,Low,4,1,5,1
الخميس_الونيس,2020,2020-05-28,17000,2484,Other,Low,13,1,5,3
whyididntreport,2020,2020-06-02,17000,2485,Other,Low,15,1,6,1
anneyekalkanellerkırılsın,2020,2020-06-03,17000,2486,Other,Low,25,1,6,2
Gone With the Wind,2020,2020-06-10,17000,2487,Other,Low,18,4,6,2
シブザイルのプリが欲しい,2020,2020-06-30,17000,2488,Other,Low,12,1,6,1
Ganso,2020,2020-07-16,17000,2489,Other,Low,5,1,7,3
De Gea,2020,2020-07-19,17000,2490,Other,Low,6,2,7,6
AdamBaşı6700TL,2020,2020-07-20,17000,2491,Other,Low,14,1,7,0
João Lucas,2020,2020-08-16,17000,2492,Other,Low,10,2,8,6
RegresoAClasesEdomex,2020,2020-08-22,17000,2493,Other,Low,20,1,8,5
GBBO,2020,2020-11-03,17000,2494,Other,Low,4,1,11,1
Modric,2020,2020-10-21,17000,2495,Other,Low,6,1,10,2
Brenner,2020,2020-10-29,17000,2496,Other,Low,7,1,10,3
櫻坂46デビューカウントダウンライブ,2020,2020-12-08,17000,2497,Other,Low,18,1,12,1
何県民かバレるツイートしろ,2020,2020-12-10,17000,2498,Other,Low,13,1,12,3
ら行でなぜモテないのか分かる,2020,2020-01-06,16000,2499,Other,Low,14,1,1,0
お打って最初にでてきたものがお前の武器,2020,2020-01-14,16000,2500,Other,Low,19,1,1,1
bbcqt,2020,2020-01-17,16000,2501,Other,Low,5,1,1,4
キスマイANNP,2020,2020-12-19,16000,2502,Other,Low,8,1,12,5
ゆと打って最初に出てきたのがお前の武器,2020,2020-02-22,16000,2503,Other,Low,19,1,2,5
知らなくていいコト,2020,2020-03-04,16000,2504,Other,Low,9,1,3,2
ForaBolsonaros,2020,2020-03-18,16000,2505,Politics,Low,14,1,3,2
Survivor,2020,2020-03-19,16000,2506,Social,Low,8,1,3,3
DidemArslanYılmaz,2020,2020-04-02,16000,2507,Other,Low,17,1,4,3
Caturday,2020,2020-04-11,16000,2508,Other,Low,8,1,4,5
livedopk,2020,2020-04-25,16000,2509,Other,Low,8,1,4,5
HoyRifaLaSolidaridad,2020,2020-05-14,16000,2510,Other,Low,20,1,5,3
BaileDaGaiolaEmCasa,2020,2020-05-17,16000,2511,Other,Low,19,1,5,6
러브의_반딧별_1위_축하해,2020,2020-05-20,16000,2512,Other,Low,14,1,5,2
MiNoteBookLaunch,2020,2020-06-11,16000,2513,Technology,Low,16,1,6,3
MusicaNaBAND,2020,2020-06-20,16000,2514,Entertainment,Low,12,1,6,5
GawingPatabaSaLupaSiCynthia,2020,2020-08-02,16000,2515,Other,Low,27,1,8,6
AOTD25,2020,2020-08-17,16000,2516,Other,Low,6,1,8,0
KathrynForLazada,2020,2020-08-28,16000,2517,Other,Low,16,1,8,4
ImTeeMeTooMediacon,2020,2020-09-15,16000,2518,Social,Low,18,1,9,1
BuenFinSeguro,2020,2020-11-07,16000,2519,Other,Low,13,1,11,5
石井一久,2020,2020-11-12,16000,2520,Other,Low,4,1,11,3
モニタリング,2020,2020-12-17,16000,2521,Other,Low,6,1,12,3
モンハンライズ,2020,2020-12-22,16000,2522,Other,Low,7,1,12,1
harrypottereidonidellamorte,2020,2020-12-23,16000,2523,Holiday,Low,27,1,12,2
超大阪人にしか分からない関西弁クイズ,2020,2020-01-05,15000,2524,Other,Low,18,1,1,6
EvlenmiyorumÇünkü,2020,2020-01-09,15000,2525,Other,Low,17,1,1,3
あなたを男性アニメキャラ化,2020,2020-01-11,15000,2526,Other,Low,13,1,1,5
CFBPlayoff,2020,2020-01-14,15000,2527,Sports,Low,10,1,1,1
erronoenem,2020,2020-01-18,15000,2528,Other,Low,10,1,1,5
TheVoice,2020,2020-01-18,15000,2529,Other,Low,8,1,1,5
SiyasetFutboldanEliniÇEK,2020,2020-01-18,15000,2530,Other,Low,24,1,1,5
broomchallenge,2020,2020-02-11,15000,2531,Other,Low,14,1,2,1
StillVotingYang,2020,2020-02-15,15000,2532,Other,Low,15,1,2,5
Faustão,2020,2020-02-17,15000,2533,Other,Low,7,1,2,0
salı,2020,2020-03-17,15000,2534,Other,Low,4,1,3,1
Meteorito,2020,2020-02-19,15000,2535,Other,Low,9,1,2,2
好きなゲームをつまらなさそうに紹介する,2020,2020-02-19,15000,2536,Other,Low,19,1,2,2
MariliaMendoncaNoMultishow,2020,2020-03-07,15000,2537,Other,Low,26,1,3,5
グラブル6周年SP,2020,2020-03-08,15000,2538,Other,Low,9,1,3,6
Sydow,2020,2020-03-09,15000,2539,Other,Low,5,1,3,0
coronavirusinKenya,2020,2020-03-13,15000,2540,Social,Low,18,1,3,4
Peter Dutton,2020,2020-03-13,15000,2541,Other,Low,12,2,3,4
issoaglobonaomostra,2020,2020-03-23,15000,2542,Other,Low,19,1,3,0
sapataoawards,2020,2020-03-26,15000,2543,Politics,Low,13,1,3,3
CACHOSAWARD,2020,2020-03-28,15000,2544,Politics,Low,11,1,3,5
LGBTQuarantine,2020,2020-03-29,15000,2545,Social,Low,14,1,3,6
MeuPresidenteÉ,2020,2020-04-07,15000,2546,Politics,Low,14,1,4,1
自粛中なので皆んなのロック画面みして,2020,2020-04-11,15000,2547,Other,Low,18,1,4,5
vaka65111,2020,2020-04-14,15000,2548,Other,Low,9,1,4,1
ナナライ,2020,2020-04-26,15000,2549,Other,Low,4,1,4,6
TopChef,2020,2020-04-29,15000,2550,Other,Low,7,1,4,2
GoJoe,2020,2020-05-03,15000,2551,Other,Low,5,1,5,6
あなたが推しすぎな3人,2020,2020-05-04,15000,2552,Other,Low,11,1,5,0
NationalNursesDay,2020,2020-05-06,15000,2553,Other,Low,17,1,5,2
HungerGames,2020,2020-05-07,15000,2554,Other,Low,11,1,5,3
LHHATL,2020,2020-05-12,15000,2555,Other,Low,6,1,5,1
LiveDudaBeat,2020,2020-06-13,15000,2556,Other,Low,12,1,6,5
方言でだからダメって言ったでしょ,2020,2020-06-17,15000,2557,Other,Low,16,1,6,2
canankaftancıoğlu,2020,2020-06-23,15000,2558,Other,Low,17,1,6,1
JBalvinIsOverParty,2020,2020-06-25,15000,2559,Other,Low,18,1,6,3
lufc,2020,2020-07-16,15000,2560,Sports,Low,4,1,7,3
ななにー始まるよ,2020,2020-08-02,15000,2561,Other,Low,8,1,8,6
KUWTK,2020,2020-09-08,15000,2562,Other,Low,5,1,9,1
RVV20,2020,2020-10-18,15000,2563,Other,Low,5,1,10,6
COYS,2020,2020-11-08,15000,2564,Other,Low,4,1,11,6
DemiIsComing,2020,2020-01-14,14000,2565,Other,Low,12,1,1,1
سحبه_الربيعي_علي_الهلال,2020,2020-01-28,14000,2566,Sports,Low,23,1,1,1
Survivor40,2020,2020-02-13,14000,2567,Social,Low,10,1,2,3
ラブライブ函館ライブ上映会,2020,2020-03-07,14000,2568,Other,Low,13,1,3,5
鬼殺隊士名簿,2020,2020-03-14,14000,2569,Other,Low,6,1,3,5
線の書き方サイコパ診断,2020,2020-03-15,14000,2570,Other,Low,11,1,3,6
SOBRANG WILD,2020,2020-03-18,14000,2571,Other,Low,12,2,3,2
harrypottereilcalicedifuoco,2020,2020-03-24,14000,2572,Other,Low,27,1,3,1
TíoNetflix,2020,2020-03-26,14000,2573,Entertainment,Low,10,1,3,3
Space Jam,2020,2020-04-06,14000,2574,Other,Low,9,2,4,0
LOOK_Apink_is_Back,2020,2020-04-13,14000,2575,Other,Low,18,1,4,0
うるせえ俺は神絵師だフォローしろ,2020,2020-04-27,14000,2576,Other,Low,16,1,4,0
TeamCrystal,2020,2020-05-16,14000,2577,Other,Low,11,1,5,5
LiveProjota,2020,2020-05-25,14000,2578,Sports,Low,11,1,5,0
AfricaDay2020,2020,2020-05-25,14000,2579,Other,Low,13,1,5,0
UPCAT,2020,2020-05-30,14000,2580,Other,Low,5,1,5,5
ミリオンLIVE一挙放送day3,2020,2020-06-06,14000,2581,Other,Low,16,1,6,5
手に入れた星5の順でパーティ組んでみる,2020,2020-06-07,14000,2582,Other,Low,19,1,6,6
Andrés Wiese,2020,2020-06-09,14000,2583,Other,Low,12,2,6,1
حساب_المواطن,2020,2020-06-10,14000,2584,Other,Low,12,1,6,2
spinardi,2020,2020-06-11,14000,2585,Other,Low,8,1,6,3
あなたを花に例えたら,2020,2020-07-04,14000,2586,Other,Low,10,1,7,5
SplashDown,2020,2020-08-02,14000,2587,Other,Low,10,1,8,6
RawUnderground,2020,2020-08-04,14000,2588,Other,Low,14,1,8,1
DolorDePatria,2020,2020-08-04,14000,2589,Other,Low,13,1,8,1
地球滅亡から予測変換で生還しろ,2020,2020-08-09,14000,2590,Other,Low,15,1,8,6
galatakulesi,2020,2020-08-12,14000,2591,Other,Low,12,1,8,2
ales2020,2020,2020-08-16,14000,2592,Other,Low,8,1,8,6
MesazaEnCasa,2020,2020-10-04,14000,2593,Other,Low,12,1,10,6
هل_ترضي_تتزوج_طبيبه,2020,2020-10-27,14000,2594,Other,Low,19,1,10,1
Vettel,2020,2020-11-01,14000,2595,Other,Low,6,1,11,6
時の属性診断,2020,2020-11-05,14000,2596,Other,Low,6,1,11,3
Iliana,2020,2020-11-09,14000,2597,Other,Low,6,1,11,0
猫をTLに流しちゃおう,2020,2020-11-10,14000,2598,Other,Low,11,1,11,1
けーくん,2020,2020-11-12,14000,2599,Other,Low,4,1,11,3
エリザベス女王杯,2020,2020-11-15,14000,2600,Other,Low,8,1,11,6
BELENG,2020,2020-11-15,14000,2601,Other,Low,6,1,11,6
性的欲求不満,2020,2020-12-21,14000,2602,Other,Low,6,1,12,0
iggy,2020,2020-12-25,14000,2603,Other,Low,4,1,12,4
TRAMUN,2020,2020-01-26,13000,2604,Other,Low,6,1,1,6
Phil Jones,2020,2020-01-26,13000,2605,Other,Low,10,2,1,6
SergenYalçın,2020,2020-01-27,13000,2606,Other,Low,12,1,1,0
名前を一音ずつ下げるとカオス,2020,2020-01-28,13000,2607,Other,Low,14,1,1,1
推しカプベッド事情,2020,2020-03-04,13000,2608,Other,Low,9,1,3,2
貴方が何オタクで誰推しか当てる,2020,2020-03-06,13000,2609,Other,Low,15,1,3,4
推しにありがとうの日,2020,2020-03-09,13000,2610,Other,Low,10,1,3,0
FantalkwithWin,2020,2020-03-30,13000,2611,Other,Low,14,1,3,0
luladoria,2020,2020-04-02,13000,2612,Politics,Low,9,1,4,3
AnakTwitterLama,2020,2020-04-13,13000,2613,Technology,Low,15,1,4,0
シルバーくん,2020,2020-05-25,13000,2614,Other,Low,6,1,5,0
LiveLagum6Anos,2020,2020-06-06,13000,2615,Other,Low,14,1,6,5
WATLEI,2020,2020-06-20,13000,2616,Other,Low,6,1,6,5
TheChallenge35,2020,2020-06-25,13000,2617,Other,Low,14,1,6,3
InterBologna,2020,2020-07-05,13000,2618,Other,Low,12,1,7,6
tuesdayvibes,2020,2020-07-14,13000,2619,Other,Low,12,1,7,1
용돌이랑,2020,2020-07-21,13000,2620,Other,Low,4,1,7,1
絶対見ないでガンダムを画け,2020,2020-07-29,13000,2621,Other,Low,13,1,7,2
imas765_ラジオ,2020,2020-08-01,13000,2622,Other,Low,11,1,8,5
LaCotorrisaEnLaArenaMexico,2020,2020-08-02,13000,2623,Other,Low,26,1,8,6
Hyoran,2020,2020-08-20,13000,2624,Other,Low,6,1,8,3
Arkham,2020,2020-08-22,13000,2625,Other,Low,6,1,8,5
TeşekkürlerFenerbahçeYönetimi,2020,2020-10-05,13000,2626,Other,Low,29,1,10,0
Jansen,2020,2020-10-25,13000,2627,Other,Low,6,1,10,6
MasterChefMx,2020,2020-10-31,13000,2628,Other,Low,12,1,10,5
なにわへ届け,2020,2020-11-21,13000,2629,Other,Low,6,1,11,5
MBMBaMLive,2020,2020-11-22,13000,2630,Other,Low,10,1,11,6
EliminacaoAfazenda12,2020,2020-12-04,13000,2631,Other,Low,20,1,12,4
東大王,2020,2020-12-09,13000,2632,Other,Low,3,1,12,2
Waller,2020,2020-12-27,13000,2633,Other,Low,6,1,12,6
バーチャル紅白,2020,2020-01-01,12000,2634,Other,Low,7,1,1,2
性欲の強さはこのくらい,2020,2020-01-05,12000,2635,Other,Low,11,1,1,6
DNA900M,2020,2020-01-10,12000,2636,Other,Low,7,1,1,4
サーガブレイヴ,2020,2020-01-24,12000,2637,Other,Low,7,1,1,4
FBvIBFK,2020,2020-01-25,12000,2638,Other,Low,7,1,1,5
öpüşmek,2020,2020-02-11,12000,2639,Other,Low,7,1,2,1
さ行でお前の純粋さを教えてやれ,2020,2020-02-13,12000,2640,Other,Low,15,1,2,3
バレンタイン10連ガチャ,2020,2020-02-14,12000,2641,Holiday,Low,12,1,2,4
AliKoçYineAğlıyor,2020,2020-02-19,12000,2642,Other,Low,17,1,2,2
えと打って最初に出たのがお前の武器,2020,2020-03-05,12000,2643,Other,Low,17,1,3,3
Red Robin,2020,2020-03-15,12000,2644,Other,Low,9,2,3,6
quarentenaLGBTQ,2020,2020-03-29,12000,2645,Social,Low,15,1,3,6
この夏に水着姿を見たいキャラ,2020,2020-04-03,12000,2646,Other,Low,14,1,4,4
Pulp Fiction,2020,2020-04-06,12000,2647,Other,Low,12,2,4,0
neyinnesi,2020,2020-04-06,12000,2648,Other,Low,9,1,4,0
CeylanAslan,2020,2020-04-21,12000,2649,Other,Low,11,1,4,1
유사탐라,2020,2020-04-29,12000,2650,Other,Low,4,1,4,2
LiveLeveIntimista,2020,2020-05-10,12000,2651,Other,Low,17,1,5,6
Temblor,2020,2020-05-22,12000,2652,Other,Low,7,1,5,4
LaCotorrisaAlDesnudo,2020,2020-05-24,12000,2653,Other,Low,20,1,5,6
Turkcell,2020,2020-05-24,12000,2654,Other,Low,8,1,5,6
lacotorrisamerespalda,2020,2020-06-01,12000,2655,Other,Low,21,1,6,0
AMTurnUpFriday,2020,2020-06-06,12000,2656,Other,Low,14,1,6,5
Perşembe,2020,2020-06-11,12000,2657,Other,Low,8,1,6,3
David Luiz,2020,2020-07-12,12000,2658,Other,Low,10,2,7,6
LGBTQIbaes,2020,2020-08-02,12000,2659,Social,Low,10,1,8,6
muratovuc,2020,2020-08-03,12000,2660,Other,Low,9,1,8,0
GetWellSoonJeongyeon,2020,2020-08-06,12000,2661,Other,Low,20,1,8,3
Mookie,2020,2020-08-14,12000,2662,Other,Low,6,1,8,4
MiRecuerdoMario3D,2020,2020-09-10,12000,2663,Other,Low,17,1,9,3
おカネの切れ目が恋のはじまり,2020,2020-09-15,12000,2664,Other,Low,14,1,9,1
GayaSaPelikulaEp01,2020,2020-09-25,12000,2665,Other,Low,18,1,9,4
さ行に恐怖症つける見た人強制,2020,2020-09-27,12000,2666,Other,Low,14,1,9,6
ENGWAL,2020,2020-10-09,12000,2667,Other,Low,6,1,10,4
ぐと打って最初に出てきた物が武器,2020,2020-10-12,12000,2668,Other,Low,16,1,10,0
初インターネットの思い出,2020,2020-10-24,12000,2669,Other,Low,12,1,10,5
pickering,2020,2020-01-12,11000,2670,Other,Low,9,1,1,6
CoronaViruesue,2020,2020-01-24,11000,2671,Other,Low,14,1,1,4
大石昌良,2020,2020-03-04,11000,2672,Other,Low,4,1,3,2
あさイチ,2020,2020-03-06,11000,2673,Other,Low,4,1,3,4
coronavirusturkey,2020,2020-03-06,11000,2674,Social,Low,17,1,3,4
創作エンディング集,2020,2020-03-09,11000,2675,Other,Low,9,1,3,0
BachelorFinale,2020,2020-03-11,11000,2676,Other,Low,14,1,3,2
CadenaNacional,2020,2020-03-13,11000,2677,Other,Low,14,1,3,4
ThingsYouSayWhenYouCum,2020,2020-03-15,11000,2678,Other,Low,22,1,3,6
GarthAndTrishaLIVE,2020,2020-04-02,11000,2679,Other,Low,18,1,4,3
FivePerfectMovies,2020,2020-04-21,11000,2680,Entertainment,Low,17,1,4,1
LeyBonilla,2020,2020-05-11,11000,2681,Other,Low,10,1,5,0
فك_الحظر,2020,2020-05-28,11000,2682,Other,Low,8,1,5,3
1haziran,2020,2020-05-28,11000,2683,Politics,Low,8,1,5,3
BugünGünlerdenGALATASARAY,2020,2020-06-13,11000,2684,Technology,Low,25,1,6,5
MestreDoSabor,2020,2020-06-19,11000,2685,Other,Low,13,1,6,4
benatatürküsevmiyorum,2020,2020-08-18,11000,2686,Other,Low,21,1,8,1
RegresoAClacesEdomex,2020,2020-08-24,11000,2687,Other,Low,20,1,8,0
idolssa,2020,2020-08-30,11000,2688,Entertainment,Low,7,1,8,6
ElSalarioRosaNoSeDetiene,2020,2020-09-18,11000,2689,Other,Low,24,1,9,4
Moisés,2020,2020-09-20,11000,2690,Other,Low,6,1,9,6
花江さん,2020,2020-09-20,11000,2691,Other,Low,4,1,9,6
山P退所,2020,2020-11-10,11000,2692,Other,Low,4,1,11,1
IdolsSA,2020,2020-11-15,11000,2693,Entertainment,Low,7,1,11,6
関ジャニクロニクルF,2020,2020-11-16,11000,2694,Other,Low,10,1,11,0
私の人生変えたゲーム,2020,2020-01-11,10000,2695,Other,Low,10,1,1,5
Trevor Lawrence,2020,2020-01-14,10000,2696,Other,Low,15,2,1,1
RedeBBB20,2020,2020-01-25,10000,2697,Other,Low,9,1,1,5
سناب_شات,2020,2020-01-25,10000,2698,Other,Low,8,1,1,5
BernieKnew,2020,2020-02-22,10000,2699,Other,Low,10,1,2,5
あなたっぽい声のアニメキャラ,2020,2020-03-06,10000,2700,Other,Low,14,1,3,4
PZvLQ,2020,2020-03-10,10000,2701,Other,Low,5,1,3,1
BakanKocaBabaGibiAdamsın,2020,2020-03-17,10000,2702,Other,Low,24,1,3,1
せいしで変換して静止だったら健全,2020,2020-03-19,10000,2703,Other,Low,16,1,3,3
Yaş 7,2020,2020-03-24,10000,2704,Other,Low,5,2,3,1
GeceÇöküşü,2020,2020-03-26,10000,2705,Other,Low,10,1,3,3
cashappinbio,2020,2020-04-10,10000,2706,Other,Low,12,1,4,4
TheBachelorLTYH,2020,2020-04-14,10000,2707,Other,Low,15,1,4,1
persconferentie,2020,2020-04-21,10000,2708,Other,Low,15,1,4,1
PeoplesBudgetLA,2020,2020-06-08,10000,2709,Other,Low,15,1,6,0
ExposedDaAnitta,2020,2020-06-16,10000,2710,Other,Low,15,1,6,1
あなたをオタクにした作品4選,2020,2020-07-23,10000,2711,Other,Low,14,1,7,3
出身地を名前を出さずに匂わせる,2020,2020-07-25,10000,2712,Other,Low,15,1,7,5
FridaysWithArmaan,2020,2020-08-28,10000,2713,Other,Low,17,1,8,4
Kween LC,2020,2020-09-04,10000,2714,Other,Low,8,2,9,4
Uendel,2020,2020-09-17,10000,2715,Other,Low,6,1,9,3
GayaSaPelikulaEp02,2020,2020-10-02,10000,2716,Other,Low,18,1,10,4
Fede Bal,2020,2020-11-03,10000,2717,Other,Low,8,2,11,1
あなたを人狼ゲームで例えると,2020,2020-12-15,10000,2718,Other,Low,14,1,12,1
LoteriaRTVE,2020,2020-12-22,10000,2719,Other,Low,11,1,12,1
راشد_والمهندس_في_ضيف_بدر,2020,2020-12-23,10000,2720,Other,Low,24,1,12,2
クソデカ林製薬,2020,2020-12-29,10000,2721,Other,Low,7,1,12,1
